user_id,user_name,session_number,hour,time_slot,status,start_time,end_time,planned_duration,actual_duration,pause_count,total_break_mins,productivity_score,pre_mood,pre_energy,pre_motivation,pre_goal_difficulty,pre_session_type,pre_environment,pre_music_type,notification_count,distraction_taps,unlock_count,post_productivity,post_focus,post_satisfaction,post_distraction
cd308c56-e6ad-447e-a9cc-94119fd2725c,Night Owl 1,2,22,night,COMPLETED,2025-10-07 22:05:43.777682,2025-10-08 00:04:43.777682,120,119,0,6,63.83,3,2,3,2,WRITING,MUSIC,CLASSICAL,0,0,0,2,3,2,NONE
cd308c56-e6ad-447e-a9cc-94119fd2725c,Night Owl 1,3,18,evening,COMPLETED,2025-10-08 18:32:43.777682,2025-10-08 19:12:43.777682,60,40,0,7,68.83,5,2,4,2,TEST,MUSIC,AMBIENT,2,4,0,3,4,3,NONE
cd308c56-e6ad-447e-a9cc-94119fd2725c,Night Owl 1,5,7,morning,COMPLETED,2025-10-09 07:41:43.777682,2025-10-09 08:03:43.777682,45,22,1,8,58.17,5,3,3,2,WRITING,MUSIC,AMBIENT,2,1,2,3,3,3,NONE
cd308c56-e6ad-447e-a9cc-94119fd2725c,Night Owl 1,7,5,morning,COMPLETED,2025-10-11 05:59:43.777682,2025-10-11 07:10:43.777682,90,71,1,0,67.94,2,3,3,1,READING,MUSIC,LOFI,2,3,0,3,3,3,NONE
cd308c56-e6ad-447e-a9cc-94119fd2725c,Night Owl 1,8,17,evening,COMPLETED,2025-10-11 17:12:43.777682,2025-10-11 17:39:43.777682,25,27,0,7,75.9,2,2,4,3,WRITING,QUIET,,1,2,0,3,4,3,NONE
cd308c56-e6ad-447e-a9cc-94119fd2725c,Night Owl 1,9,19,evening,COMPLETED,2025-10-12 19:50:43.777682,2025-10-12 21:07:43.777682,60,77,1,0,61.17,2,1,4,1,OTHER,QUIET,,1,3,0,2,4,2,NONE
cd308c56-e6ad-447e-a9cc-94119fd2725c,Night Owl 1,10,23,night,COMPLETED,2025-10-12 23:53:43.777682,2025-10-13 00:48:43.777682,45,55,1,7,60.22,3,1,4,2,TEST,MUSIC,OTHER,2,0,0,2,4,2,NONE
cd308c56-e6ad-447e-a9cc-94119fd2725c,Night Owl 1,11,17,evening,COMPLETED,2025-10-12 17:32:43.777682,2025-10-12 19:10:43.777682,90,98,1,5,85.22,2,4,5,1,READING,QUIET,,1,2,0,4,4,4,NONE
cd308c56-e6ad-447e-a9cc-94119fd2725c,Night Owl 1,12,23,night,COMPLETED,2025-10-13 23:51:43.777682,2025-10-14 01:43:43.777682,90,112,0,3,72.61,2,2,4,3,WRITING,MUSIC,OTHER,1,3,2,3,4,3,NONE
cd308c56-e6ad-447e-a9cc-94119fd2725c,Night Owl 1,13,21,night,COMPLETED,2025-10-13 21:25:43.777682,2025-10-13 23:21:43.777682,120,116,1,2,58.83,2,2,3,3,WRITING,QUIET,,1,4,1,2,3,2,NONE
cd308c56-e6ad-447e-a9cc-94119fd2725c,Night Owl 1,14,16,afternoon,COMPLETED,2025-10-13 16:28:43.777682,2025-10-13 16:59:43.777682,45,31,1,3,64.44,2,2,5,5,READING,MUSIC,AMBIENT,2,2,1,3,4,2,NONE
cd308c56-e6ad-447e-a9cc-94119fd2725c,Night Owl 1,16,20,evening,COMPLETED,2025-10-14 20:49:43.777682,2025-10-14 21:37:43.777682,45,48,2,4,54.0,2,1,4,4,OTHER,QUIET,,1,5,1,2,4,1,NONE
cd308c56-e6ad-447e-a9cc-94119fd2725c,Night Owl 1,17,21,night,COMPLETED,2025-10-15 21:47:43.777682,2025-10-15 22:44:43.777682,60,57,2,2,59.67,2,1,4,2,OTHER,MUSIC,CLASSICAL,2,5,1,2,4,2,NONE
cd308c56-e6ad-447e-a9cc-94119fd2725c,Night Owl 1,19,23,night,COMPLETED,2025-10-16 23:19:43.777682,2025-10-17 02:06:43.777682,120,167,1,1,68.83,3,2,5,2,WRITING,QUIET,,2,3,0,3,4,3,NONE
cd308c56-e6ad-447e-a9cc-94119fd2725c,Night Owl 1,20,6,morning,COMPLETED,2025-10-17 06:38:43.777682,2025-10-17 07:18:43.777682,45,40,1,7,68.44,3,5,2,1,WRITING,NOISY,,1,1,0,3,3,3,NONE
cd308c56-e6ad-447e-a9cc-94119fd2725c,Night Owl 1,21,18,evening,COMPLETED,2025-10-17 18:44:43.777682,2025-10-17 19:34:43.777682,90,50,1,1,79.44,3,3,5,3,READING,MUSIC,AMBIENT,4,0,0,4,4,4,NONE
cd308c56-e6ad-447e-a9cc-94119fd2725c,Night Owl 1,22,13,afternoon,COMPLETED,2025-10-17 13:42:43.777682,2025-10-17 14:31:43.777682,60,49,3,8,62.83,3,3,3,3,TEST,QUIET,,0,0,0,3,3,3,NONE
cd308c56-e6ad-447e-a9cc-94119fd2725c,Night Owl 1,24,20,evening,COMPLETED,2025-10-18 20:09:43.777682,2025-10-18 21:01:43.777682,45,52,0,10,58.22,3,3,3,4,READING,NOISY,,6,2,2,3,3,2,FEW
cd308c56-e6ad-447e-a9cc-94119fd2725c,Night Owl 1,25,21,night,COMPLETED,2025-10-19 21:20:43.777682,2025-10-19 21:56:43.777682,25,36,1,11,62.2,3,2,4,1,TEST,NOISY,,2,2,2,3,4,3,NONE
cd308c56-e6ad-447e-a9cc-94119fd2725c,Night Owl 1,26,7,morning,COMPLETED,2025-10-20 07:18:43.777682,2025-10-20 09:04:43.777682,90,106,2,5,73.94,3,5,3,3,TEST,QUIET,,2,4,0,4,3,4,NONE
cd308c56-e6ad-447e-a9cc-94119fd2725c,Night Owl 1,29,12,afternoon,COMPLETED,2025-10-25 12:56:43.777682,2025-10-25 13:17:43.777682,25,21,0,5,73.3,3,2,4,2,WRITING,NOISY,,2,3,1,3,4,3,NONE
cd308c56-e6ad-447e-a9cc-94119fd2725c,Night Owl 1,30,19,evening,COMPLETED,2025-10-26 19:24:43.777682,2025-10-26 20:32:43.777682,60,68,2,7,79.5,4,3,5,3,READING,QUIET,,4,1,0,4,4,4,NONE
cd308c56-e6ad-447e-a9cc-94119fd2725c,Night Owl 1,31,22,night,COMPLETED,2025-10-27 22:35:43.777682,2025-10-27 23:02:43.777682,25,27,0,6,77.73,3,2,4,1,TEST,QUIET,,0,0,1,3,4,3,NONE
cd308c56-e6ad-447e-a9cc-94119fd2725c,Night Owl 1,33,23,night,COMPLETED,2025-10-29 23:57:43.777682,2025-10-30 00:39:43.777682,60,42,0,2,59.33,2,2,3,3,TEST,QUIET,,1,0,0,2,3,2,NONE
cd308c56-e6ad-447e-a9cc-94119fd2725c,Night Owl 1,34,22,night,COMPLETED,2025-10-30 22:26:43.777682,2025-10-30 23:46:43.777682,60,80,1,3,51.67,2,2,3,3,READING,MUSIC,CLASSICAL,2,3,2,2,3,2,NONE
cd308c56-e6ad-447e-a9cc-94119fd2725c,Night Owl 1,35,8,morning,COMPLETED,2025-10-30 08:16:43.777682,2025-10-30 08:51:43.777682,25,35,1,10,59.83,4,3,3,3,TEST,QUIET,,0,3,1,3,3,3,NONE
cd308c56-e6ad-447e-a9cc-94119fd2725c,Night Owl 1,36,9,morning,COMPLETED,2025-10-31 09:45:43.777682,2025-10-31 10:10:43.777682,25,25,0,7,62.17,3,3,2,3,WRITING,QUIET,,2,0,0,2,3,2,NONE
cd308c56-e6ad-447e-a9cc-94119fd2725c,Night Owl 1,37,23,night,COMPLETED,2025-11-01 23:44:43.777682,2025-11-02 00:36:43.777682,60,52,1,0,74.5,4,3,4,2,WRITING,QUIET,,2,3,0,3,4,3,NONE
cd308c56-e6ad-447e-a9cc-94119fd2725c,Night Owl 1,38,22,night,COMPLETED,2025-11-02 22:13:43.777682,2025-11-02 22:54:43.777682,45,41,2,6,60.22,3,1,4,3,WRITING,NOISY,,0,2,1,2,4,2,NONE
cd308c56-e6ad-447e-a9cc-94119fd2725c,Night Owl 1,40,20,evening,COMPLETED,2025-11-03 20:48:43.777682,2025-11-03 21:55:43.777682,90,67,0,0,59.89,3,1,3,3,WRITING,QUIET,,2,0,1,2,3,2,NONE
cd308c56-e6ad-447e-a9cc-94119fd2725c,Night Owl 1,42,16,afternoon,COMPLETED,2025-11-04 16:09:43.777682,2025-11-04 16:44:43.777682,45,35,0,3,84.72,2,4,4,3,WRITING,MUSIC,CLASSICAL,2,2,1,4,4,4,NONE
cd308c56-e6ad-447e-a9cc-94119fd2725c,Night Owl 1,45,10,morning,COMPLETED,2025-11-06 10:46:43.777682,2025-11-06 11:11:43.777682,45,25,0,6,77.44,3,4,4,3,WRITING,MUSIC,LOFI,4,2,1,4,4,4,NONE
cd308c56-e6ad-447e-a9cc-94119fd2725c,Night Owl 1,46,5,morning,COMPLETED,2025-11-07 05:26:43.777682,2025-11-07 06:19:43.777682,45,53,2,5,80.94,3,4,4,2,WRITING,MUSIC,OTHER,1,2,0,4,4,4,NONE
cd308c56-e6ad-447e-a9cc-94119fd2725c,Night Owl 1,48,23,night,COMPLETED,2025-11-09 23:07:43.777682,2025-11-09 23:34:43.777682,25,27,2,5,63.57,3,3,4,4,OTHER,MUSIC,AMBIENT,2,6,0,3,4,2,NONE
cd308c56-e6ad-447e-a9cc-94119fd2725c,Night Owl 1,49,22,night,COMPLETED,2025-11-09 22:19:43.777682,2025-11-09 22:41:43.777682,25,22,1,9,54.93,2,2,3,3,READING,MUSIC,AMBIENT,3,1,0,2,3,2,NONE
cd308c56-e6ad-447e-a9cc-94119fd2725c,Night Owl 1,50,23,night,COMPLETED,2025-11-10 23:37:43.777682,2025-11-11 00:45:43.777682,60,68,0,6,75.33,3,2,4,3,TEST,NOISY,,2,1,0,3,4,3,NONE
cd308c56-e6ad-447e-a9cc-94119fd2725c,Night Owl 1,51,14,afternoon,COMPLETED,2025-11-11 14:11:43.777682,2025-11-11 14:48:43.777682,45,37,0,2,74.44,2,3,4,1,WRITING,QUIET,,4,1,1,3,4,3,NONE
cd308c56-e6ad-447e-a9cc-94119fd2725c,Night Owl 1,54,7,morning,COMPLETED,2025-11-15 07:05:43.777682,2025-11-15 07:34:43.777682,45,29,2,7,65.39,4,3,4,2,TEST,QUIET,,2,1,0,3,4,3,NONE
cd308c56-e6ad-447e-a9cc-94119fd2725c,Night Owl 1,55,12,afternoon,COMPLETED,2025-11-15 12:49:43.777682,2025-11-15 13:30:43.777682,60,41,0,5,72.17,2,2,4,1,OTHER,MUSIC,OTHER,1,2,0,3,4,3,NONE
cd308c56-e6ad-447e-a9cc-94119fd2725c,Night Owl 1,56,6,morning,COMPLETED,2025-11-15 06:52:43.777682,2025-11-15 07:45:43.777682,45,53,2,2,79.78,2,4,4,1,READING,QUIET,,4,2,1,4,4,4,NONE
cd308c56-e6ad-447e-a9cc-94119fd2725c,Night Owl 1,57,21,night,COMPLETED,2025-11-16 21:21:43.777682,2025-11-16 23:32:43.777682,90,131,2,3,45.39,2,2,3,2,READING,MUSIC,AMBIENT,4,5,0,2,3,2,FEW
cd308c56-e6ad-447e-a9cc-94119fd2725c,Night Owl 1,58,23,night,COMPLETED,2025-11-16 23:40:43.777682,2025-11-17 02:08:43.777682,120,148,3,5,76.0,1,4,4,2,OTHER,MUSIC,LOFI,2,1,2,4,4,4,NONE
cd308c56-e6ad-447e-a9cc-94119fd2725c,Night Owl 1,60,18,evening,COMPLETED,2025-11-19 18:49:43.777682,2025-11-19 19:18:43.777682,25,29,0,0,73.13,1,3,4,3,READING,MUSIC,CLASSICAL,4,3,3,3,4,3,FEW
cd308c56-e6ad-447e-a9cc-94119fd2725c,Night Owl 1,61,22,night,COMPLETED,2025-11-20 22:07:43.777682,2025-11-20 22:37:43.777682,25,30,2,2,59.33,3,1,4,2,TEST,QUIET,,2,1,1,2,4,2,NONE
cd308c56-e6ad-447e-a9cc-94119fd2725c,Night Owl 1,62,8,morning,COMPLETED,2025-11-20 08:50:43.777682,2025-11-20 09:47:43.777682,60,57,2,3,67.83,2,5,2,2,WRITING,MUSIC,CLASSICAL,1,1,2,3,3,3,NONE
cd308c56-e6ad-447e-a9cc-94119fd2725c,Night Owl 1,66,17,evening,COMPLETED,2025-11-23 17:14:43.777682,2025-11-23 18:19:43.777682,60,65,1,7,57.67,3,1,4,2,WRITING,QUIET,,4,6,0,2,4,2,FEW
cd308c56-e6ad-447e-a9cc-94119fd2725c,Night Owl 1,67,6,morning,COMPLETED,2025-11-24 06:40:43.777682,2025-11-24 07:11:43.777682,25,31,1,7,73.53,2,4,4,4,WRITING,QUIET,,3,3,1,4,4,3,NONE
cd308c56-e6ad-447e-a9cc-94119fd2725c,Night Owl 1,68,13,afternoon,COMPLETED,2025-11-24 13:34:43.777682,2025-11-24 14:05:43.777682,25,31,0,10,64.87,3,4,3,1,WRITING,NOISY,,3,1,1,3,3,3,NONE
cd308c56-e6ad-447e-a9cc-94119fd2725c,Night Owl 1,69,23,night,COMPLETED,2025-11-24 23:43:43.777682,2025-11-25 00:47:43.777682,60,64,1,8,67.5,3,4,3,2,TEST,QUIET,,2,1,1,3,3,3,NONE
cd308c56-e6ad-447e-a9cc-94119fd2725c,Night Owl 1,70,22,night,COMPLETED,2025-11-24 22:45:43.777682,2025-11-25 00:01:43.777682,60,76,1,1,81.67,2,3,5,2,WRITING,NOISY,,2,1,3,4,4,4,NONE
cd308c56-e6ad-447e-a9cc-94119fd2725c,Night Owl 1,72,22,night,COMPLETED,2025-11-26 22:37:43.777682,2025-11-26 22:56:43.777682,25,19,2,9,61.03,4,2,5,4,WRITING,MUSIC,CLASSICAL,3,0,1,3,4,2,NONE
cd308c56-e6ad-447e-a9cc-94119fd2725c,Night Owl 1,73,18,evening,COMPLETED,2025-11-27 18:30:43.777682,2025-11-27 18:52:43.777682,25,22,1,3,76.6,3,3,4,3,WRITING,NOISY,,0,0,0,3,4,3,NONE
cd308c56-e6ad-447e-a9cc-94119fd2725c,Night Owl 1,74,18,evening,COMPLETED,2025-11-27 18:57:43.777682,2025-11-27 19:55:43.777682,60,58,0,7,77.5,1,2,5,3,READING,MUSIC,AMBIENT,0,2,0,3,4,3,NONE
cd308c56-e6ad-447e-a9cc-94119fd2725c,Night Owl 1,75,8,morning,COMPLETED,2025-11-27 08:59:43.777682,2025-11-27 10:28:43.777682,90,89,1,5,68.78,3,4,3,3,WRITING,QUIET,,3,2,1,3,3,3,NONE
cd308c56-e6ad-447e-a9cc-94119fd2725c,Night Owl 1,76,5,morning,COMPLETED,2025-11-27 05:23:43.777682,2025-11-27 06:28:43.777682,60,65,1,4,78.83,1,4,4,5,WRITING,QUIET,,3,2,1,4,4,3,NONE
cd308c56-e6ad-447e-a9cc-94119fd2725c,Night Owl 1,77,17,evening,COMPLETED,2025-11-27 17:36:43.777682,2025-11-27 18:10:43.777682,45,34,1,2,60.28,1,1,4,3,READING,MUSIC,CLASSICAL,3,2,0,2,4,2,NONE
cd308c56-e6ad-447e-a9cc-94119fd2725c,Night Owl 1,78,21,night,COMPLETED,2025-11-28 21:18:43.777682,2025-11-28 22:55:43.777682,90,97,0,4,74.11,1,2,5,2,TEST,MUSIC,LOFI,2,3,3,3,4,3,NONE
cd308c56-e6ad-447e-a9cc-94119fd2725c,Night Owl 1,79,8,morning,COMPLETED,2025-11-29 08:40:43.777682,2025-11-29 10:10:43.777682,60,90,2,1,65.5,2,3,4,1,WRITING,MUSIC,OTHER,2,1,0,3,4,3,NONE
cd308c56-e6ad-447e-a9cc-94119fd2725c,Night Owl 1,80,7,morning,COMPLETED,2025-11-29 07:20:43.777682,2025-11-29 07:51:43.777682,25,31,4,5,72.03,2,4,4,3,READING,MUSIC,OTHER,5,1,1,4,4,4,NONE
cd308c56-e6ad-447e-a9cc-94119fd2725c,Night Owl 1,81,15,afternoon,COMPLETED,2025-11-30 15:12:43.777682,2025-11-30 16:27:43.777682,90,75,1,9,52.67,3,2,2,2,READING,QUIET,,4,2,0,2,3,2,NONE
cd308c56-e6ad-447e-a9cc-94119fd2725c,Night Owl 1,82,5,morning,COMPLETED,2025-12-01 05:52:43.777682,2025-12-01 07:09:43.777682,60,77,2,0,65.33,2,4,3,1,READING,QUIET,,0,1,2,3,3,3,NONE
cd308c56-e6ad-447e-a9cc-94119fd2725c,Night Owl 1,83,7,morning,COMPLETED,2025-12-01 07:33:43.777682,2025-12-01 09:54:43.777682,120,141,1,0,70.0,3,4,3,3,WRITING,QUIET,,3,0,0,3,3,3,NONE
cd308c56-e6ad-447e-a9cc-94119fd2725c,Night Owl 1,84,22,night,COMPLETED,2025-12-02 22:45:43.777682,2025-12-02 23:39:43.777682,45,54,0,7,67.17,2,3,3,3,WRITING,QUIET,,1,3,1,3,3,3,NONE
cd308c56-e6ad-447e-a9cc-94119fd2725c,Night Owl 1,86,9,morning,COMPLETED,2025-12-05 09:10:43.777682,2025-12-05 09:49:43.777682,60,39,0,9,61.17,2,4,3,2,WRITING,QUIET,,2,4,2,3,3,3,NONE
cd308c56-e6ad-447e-a9cc-94119fd2725c,Night Owl 1,87,13,afternoon,COMPLETED,2025-12-05 13:27:43.777682,2025-12-05 14:07:43.777682,45,40,1,3,69.11,2,3,3,3,OTHER,NOISY,,2,2,0,3,3,3,NONE
cd308c56-e6ad-447e-a9cc-94119fd2725c,Night Owl 1,88,19,evening,COMPLETED,2025-12-05 19:14:43.777682,2025-12-05 20:56:43.777682,90,102,1,7,71.0,2,3,4,3,WRITING,NOISY,,0,5,0,3,4,3,NONE
cd308c56-e6ad-447e-a9cc-94119fd2725c,Night Owl 1,90,21,night,COMPLETED,2025-12-05 21:56:43.777682,2025-12-05 23:38:43.777682,90,102,3,7,54.33,3,1,4,2,READING,MUSIC,AMBIENT,3,2,1,2,4,2,NONE
cd308c56-e6ad-447e-a9cc-94119fd2725c,Night Owl 1,92,19,evening,COMPLETED,2025-12-07 19:06:43.777682,2025-12-07 20:24:43.777682,60,78,0,7,83.17,3,4,4,2,READING,QUIET,,0,1,1,4,4,4,NONE
cd308c56-e6ad-447e-a9cc-94119fd2725c,Night Owl 1,93,16,afternoon,COMPLETED,2025-12-08 16:24:43.777682,2025-12-08 17:34:43.777682,90,70,0,4,85.56,3,5,4,1,WRITING,MUSIC,CLASSICAL,0,2,1,4,4,4,NONE
cd308c56-e6ad-447e-a9cc-94119fd2725c,Night Owl 1,94,22,night,COMPLETED,2025-12-08 22:17:43.777682,2025-12-09 00:32:43.777682,90,135,0,1,64.17,2,4,3,3,TEST,MUSIC,CLASSICAL,2,3,0,3,3,3,NONE
cd308c56-e6ad-447e-a9cc-94119fd2725c,Night Owl 1,95,9,morning,COMPLETED,2025-12-08 09:05:43.777682,2025-12-08 10:02:43.777682,45,57,1,6,64.5,2,4,3,2,WRITING,MUSIC,AMBIENT,0,4,0,3,3,3,NONE
cd308c56-e6ad-447e-a9cc-94119fd2725c,Night Owl 1,96,10,morning,COMPLETED,2025-12-09 10:34:43.777682,2025-12-09 11:11:43.777682,25,37,2,4,46.4,4,2,3,3,READING,MUSIC,CLASSICAL,4,1,1,2,3,2,NONE
cd308c56-e6ad-447e-a9cc-94119fd2725c,Night Owl 1,97,18,evening,COMPLETED,2025-12-10 18:43:43.777682,2025-12-10 19:42:43.777682,45,59,1,8,59.28,4,1,4,3,WRITING,QUIET,,0,0,0,2,4,2,NONE
cd308c56-e6ad-447e-a9cc-94119fd2725c,Night Owl 1,98,11,morning,COMPLETED,2025-12-11 11:14:43.777682,2025-12-11 11:53:43.777682,45,39,0,4,73.67,4,3,4,2,TEST,QUIET,,3,2,2,3,4,3,NONE
cd308c56-e6ad-447e-a9cc-94119fd2725c,Night Owl 1,99,21,night,COMPLETED,2025-12-11 21:22:43.777682,2025-12-11 21:55:43.777682,45,33,3,5,64.33,3,2,5,3,READING,QUIET,,3,1,1,3,4,3,NONE
cd308c56-e6ad-447e-a9cc-94119fd2725c,Night Owl 1,100,21,night,COMPLETED,2025-12-11 21:39:43.777682,2025-12-11 22:26:43.777682,45,47,0,6,85.44,2,3,5,3,READING,MUSIC,CLASSICAL,2,4,1,4,4,4,NONE
4e05a461-a273-4ae9-971c-e0687f371b59,Night Owl 2,2,17,evening,COMPLETED,2025-10-08 17:42:43.786115,2025-10-08 18:56:43.786115,90,74,0,4,72.78,2,2,5,3,WRITING,QUIET,,3,4,0,3,4,3,NONE
4e05a461-a273-4ae9-971c-e0687f371b59,Night Owl 2,3,11,morning,COMPLETED,2025-10-08 11:11:43.786115,2025-10-08 11:49:43.786115,45,38,0,5,73.39,4,3,3,1,READING,QUIET,,2,1,3,3,4,3,NONE
4e05a461-a273-4ae9-971c-e0687f371b59,Night Owl 2,4,18,evening,COMPLETED,2025-10-09 18:13:43.786115,2025-10-09 18:35:43.786115,25,22,1,6,57.1,5,1,4,4,OTHER,NOISY,,1,2,0,2,4,1,NONE
4e05a461-a273-4ae9-971c-e0687f371b59,Night Owl 2,6,23,night,COMPLETED,2025-10-09 23:03:43.786115,2025-10-09 23:32:43.786115,25,29,1,5,74.13,4,2,5,3,TEST,MUSIC,CLASSICAL,1,0,0,3,4,3,NONE
4e05a461-a273-4ae9-971c-e0687f371b59,Night Owl 2,7,23,night,COMPLETED,2025-10-10 23:13:43.786115,2025-10-10 23:53:43.786115,45,40,2,4,82.11,3,4,5,1,READING,MUSIC,CLASSICAL,2,0,2,4,4,4,NONE
4e05a461-a273-4ae9-971c-e0687f371b59,Night Owl 2,9,13,afternoon,COMPLETED,2025-10-11 13:16:43.786115,2025-10-11 14:15:43.786115,45,59,2,3,66.94,3,3,3,3,TEST,QUIET,,2,2,1,3,4,3,NONE
4e05a461-a273-4ae9-971c-e0687f371b59,Night Owl 2,10,23,night,COMPLETED,2025-10-12 23:55:43.786115,2025-10-13 00:40:43.786115,45,45,1,1,63.33,2,1,3,4,WRITING,QUIET,,1,0,0,2,4,1,NONE
4e05a461-a273-4ae9-971c-e0687f371b59,Night Owl 2,11,11,morning,COMPLETED,2025-10-12 11:33:43.786115,2025-10-12 11:52:43.786115,25,19,0,9,80.03,1,4,4,1,WRITING,QUIET,,4,3,0,4,4,4,NONE
4e05a461-a273-4ae9-971c-e0687f371b59,Night Owl 2,12,23,night,COMPLETED,2025-10-13 23:08:43.786115,2025-10-13 23:34:43.786115,25,26,2,4,73.2,4,3,4,2,TEST,QUIET,,3,0,0,3,4,3,NONE
4e05a461-a273-4ae9-971c-e0687f371b59,Night Owl 2,13,15,afternoon,COMPLETED,2025-10-13 15:47:43.786115,2025-10-13 16:24:43.786115,60,37,1,5,50.33,3,2,3,4,WRITING,QUIET,,2,3,1,2,4,1,NONE
4e05a461-a273-4ae9-971c-e0687f371b59,Night Owl 2,14,20,evening,COMPLETED,2025-10-14 20:41:43.786115,2025-10-14 21:29:43.786115,45,48,1,9,82.33,3,3,5,2,WRITING,QUIET,,0,4,1,4,4,4,NONE
4e05a461-a273-4ae9-971c-e0687f371b59,Night Owl 2,15,9,morning,COMPLETED,2025-10-15 09:02:43.786115,2025-10-15 10:02:43.786115,120,60,1,1,73.33,2,4,5,4,READING,NOISY,,1,1,2,4,4,3,NONE
4e05a461-a273-4ae9-971c-e0687f371b59,Night Owl 2,16,20,evening,COMPLETED,2025-10-16 20:35:43.786115,2025-10-16 21:02:43.786115,25,27,2,0,72.4,2,3,4,3,WRITING,MUSIC,OTHER,3,2,1,3,4,3,NONE
4e05a461-a273-4ae9-971c-e0687f371b59,Night Owl 2,17,17,evening,COMPLETED,2025-10-16 17:43:43.786115,2025-10-16 18:24:43.786115,45,41,0,2,53.22,2,3,2,4,WRITING,NOISY,,4,4,1,2,3,1,FEW
4e05a461-a273-4ae9-971c-e0687f371b59,Night Owl 2,19,22,night,COMPLETED,2025-10-16 22:10:43.786115,2025-10-17 00:18:43.786115,120,128,1,4,72.5,2,2,4,3,WRITING,QUIET,,6,1,0,3,4,3,NONE
4e05a461-a273-4ae9-971c-e0687f371b59,Night Owl 2,20,23,night,COMPLETED,2025-10-17 23:42:43.786115,2025-10-18 00:41:43.786115,60,59,0,0,81.33,4,3,4,1,WRITING,MUSIC,AMBIENT,2,0,0,3,4,3,NONE
4e05a461-a273-4ae9-971c-e0687f371b59,Night Owl 2,22,22,night,COMPLETED,2025-10-17 22:54:43.786115,2025-10-18 00:46:43.786115,120,112,2,12,69.33,2,3,4,2,WRITING,NOISY,,0,2,0,3,4,3,NONE
4e05a461-a273-4ae9-971c-e0687f371b59,Night Owl 2,25,18,evening,COMPLETED,2025-10-19 18:38:43.786115,2025-10-19 19:58:43.786115,60,80,1,10,54.5,2,2,3,1,READING,QUIET,,4,1,0,2,4,2,NONE
4e05a461-a273-4ae9-971c-e0687f371b59,Night Owl 2,26,17,evening,COMPLETED,2025-10-20 17:17:43.786115,2025-10-20 17:40:43.786115,25,23,3,2,68.9,2,2,5,3,WRITING,QUIET,,5,1,0,3,4,3,NONE
4e05a461-a273-4ae9-971c-e0687f371b59,Night Owl 2,28,10,morning,COMPLETED,2025-10-21 10:11:43.786115,2025-10-21 11:24:43.786115,60,73,0,0,86.33,1,3,5,3,READING,MUSIC,CLASSICAL,2,2,1,4,4,4,NONE
4e05a461-a273-4ae9-971c-e0687f371b59,Night Owl 2,29,20,evening,COMPLETED,2025-10-22 20:42:43.786115,2025-10-22 21:22:43.786115,45,40,1,6,80.94,2,3,5,1,TEST,MUSIC,LOFI,3,3,2,4,4,4,NONE
4e05a461-a273-4ae9-971c-e0687f371b59,Night Owl 2,30,23,night,COMPLETED,2025-10-23 23:22:43.786115,2025-10-24 00:16:43.786115,90,54,2,0,66.0,3,4,3,3,OTHER,QUIET,,3,1,2,3,4,3,NONE
4e05a461-a273-4ae9-971c-e0687f371b59,Night Owl 2,31,18,evening,COMPLETED,2025-10-24 18:51:43.786115,2025-10-24 19:23:43.786115,45,32,0,4,60.89,4,1,3,1,TEST,QUIET,,1,4,0,2,4,2,NONE
4e05a461-a273-4ae9-971c-e0687f371b59,Night Owl 2,32,13,afternoon,COMPLETED,2025-10-25 13:58:43.786115,2025-10-25 14:51:43.786115,45,53,1,3,59.44,1,2,2,3,READING,QUIET,,0,0,0,2,3,2,NONE
4e05a461-a273-4ae9-971c-e0687f371b59,Night Owl 2,33,19,evening,COMPLETED,2025-10-25 19:12:43.786115,2025-10-25 19:51:43.786115,45,39,2,3,60.83,3,1,4,2,READING,NOISY,,1,0,2,2,4,2,NONE
4e05a461-a273-4ae9-971c-e0687f371b59,Night Owl 2,34,18,evening,COMPLETED,2025-10-26 18:32:43.786115,2025-10-26 19:12:43.786115,45,40,0,3,62.28,4,1,3,3,READING,NOISY,,2,5,2,2,4,2,FEW
4e05a461-a273-4ae9-971c-e0687f371b59,Night Owl 2,36,11,morning,COMPLETED,2025-10-28 11:13:43.786115,2025-10-28 12:33:43.786115,90,80,2,1,64.94,3,5,2,3,READING,MUSIC,AMBIENT,3,4,1,3,3,3,NONE
4e05a461-a273-4ae9-971c-e0687f371b59,Night Owl 2,39,22,night,COMPLETED,2025-10-31 22:49:43.786115,2025-11-01 00:20:43.786115,90,91,2,5,60.28,1,1,4,3,READING,MUSIC,AMBIENT,1,3,2,2,4,2,NONE
4e05a461-a273-4ae9-971c-e0687f371b59,Night Owl 2,40,23,night,COMPLETED,2025-11-01 23:02:43.786115,2025-11-02 00:47:43.786115,120,105,0,6,76.17,1,2,5,2,OTHER,QUIET,,2,0,0,3,4,3,NONE
4e05a461-a273-4ae9-971c-e0687f371b59,Night Owl 2,42,22,night,COMPLETED,2025-11-02 22:21:43.786115,2025-11-02 23:21:43.786115,90,60,1,5,57.0,3,1,3,3,READING,QUIET,,1,4,0,2,4,2,NONE
4e05a461-a273-4ae9-971c-e0687f371b59,Night Owl 2,44,17,evening,COMPLETED,2025-11-05 17:23:43.786115,2025-11-05 18:27:43.786115,60,64,1,10,70.17,4,2,4,2,TEST,QUIET,,1,2,3,3,4,3,NONE
4e05a461-a273-4ae9-971c-e0687f371b59,Night Owl 2,45,21,night,COMPLETED,2025-11-05 21:52:43.786115,2025-11-05 22:26:43.786115,60,34,0,3,59.83,2,1,4,3,TEST,QUIET,,0,2,1,2,4,2,NONE
4e05a461-a273-4ae9-971c-e0687f371b59,Night Owl 2,46,21,night,COMPLETED,2025-11-05 21:46:43.786115,2025-11-05 22:39:43.786115,45,53,1,1,80.78,2,4,4,1,READING,NOISY,,2,7,1,4,4,4,FEW
4e05a461-a273-4ae9-971c-e0687f371b59,Night Owl 2,49,17,evening,COMPLETED,2025-11-06 17:10:43.786115,2025-11-06 17:34:43.786115,45,24,3,6,59.17,2,3,4,2,WRITING,MUSIC,CLASSICAL,2,3,1,3,4,3,NONE
4e05a461-a273-4ae9-971c-e0687f371b59,Night Owl 2,50,21,night,COMPLETED,2025-11-07 21:35:43.786115,2025-11-07 21:57:43.786115,25,22,0,2,75.6,4,3,4,3,READING,NOISY,,1,4,1,3,4,3,NONE
4e05a461-a273-4ae9-971c-e0687f371b59,Night Owl 2,51,23,night,COMPLETED,2025-11-08 23:59:43.786115,2025-11-09 02:33:43.786115,120,154,2,6,67.33,4,2,5,2,OTHER,QUIET,,2,1,0,3,4,3,NONE
4e05a461-a273-4ae9-971c-e0687f371b59,Night Owl 2,52,6,morning,COMPLETED,2025-11-08 06:52:43.786115,2025-11-08 07:37:43.786115,45,45,0,10,76.0,3,3,3,1,TEST,QUIET,,3,0,0,3,4,3,NONE
4e05a461-a273-4ae9-971c-e0687f371b59,Night Owl 2,53,23,night,COMPLETED,2025-11-08 23:57:43.786115,2025-11-09 00:22:43.786115,25,25,1,1,67.67,1,1,3,2,WRITING,MUSIC,CLASSICAL,0,2,0,2,4,2,NONE
4e05a461-a273-4ae9-971c-e0687f371b59,Night Owl 2,54,18,evening,COMPLETED,2025-11-09 18:56:43.786115,2025-11-09 19:52:43.786115,45,56,2,1,56.94,4,1,4,2,READING,QUIET,,5,1,1,2,4,2,NONE
4e05a461-a273-4ae9-971c-e0687f371b59,Night Owl 2,55,18,evening,COMPLETED,2025-11-10 18:14:43.786115,2025-11-10 18:36:43.786115,25,22,1,3,73.27,4,2,5,2,READING,MUSIC,AMBIENT,3,0,2,3,4,3,NONE
4e05a461-a273-4ae9-971c-e0687f371b59,Night Owl 2,56,10,morning,COMPLETED,2025-11-10 10:40:43.786115,2025-11-10 11:22:43.786115,45,42,0,5,77.17,2,3,3,3,WRITING,QUIET,,1,1,1,3,4,3,NONE
4e05a461-a273-4ae9-971c-e0687f371b59,Night Owl 2,58,19,evening,COMPLETED,2025-11-11 19:58:43.786115,2025-11-11 21:05:43.786115,45,67,1,15,58.56,3,3,4,3,WRITING,MUSIC,CLASSICAL,1,4,2,3,4,3,NONE
4e05a461-a273-4ae9-971c-e0687f371b59,Night Owl 2,59,21,night,COMPLETED,2025-11-12 21:40:43.786115,2025-11-12 22:24:43.786115,45,44,1,5,73.56,4,1,5,2,WRITING,MUSIC,LOFI,5,1,0,3,4,3,NONE
4e05a461-a273-4ae9-971c-e0687f371b59,Night Owl 2,60,20,evening,COMPLETED,2025-11-12 20:43:43.786115,2025-11-12 21:11:43.786115,25,28,0,5,70.43,2,3,4,4,TEST,MUSIC,OTHER,1,2,1,3,4,2,NONE
4e05a461-a273-4ae9-971c-e0687f371b59,Night Owl 2,62,9,morning,COMPLETED,2025-11-14 09:14:43.786115,2025-11-14 10:12:43.786115,60,58,1,4,75.17,3,4,3,2,WRITING,MUSIC,LOFI,2,1,1,3,4,3,NONE
4e05a461-a273-4ae9-971c-e0687f371b59,Night Owl 2,63,17,evening,COMPLETED,2025-11-14 17:53:43.786115,2025-11-14 19:00:43.786115,45,67,0,9,50.72,2,1,4,4,READING,QUIET,,2,1,0,2,4,1,NONE
4e05a461-a273-4ae9-971c-e0687f371b59,Night Owl 2,64,21,night,COMPLETED,2025-11-15 21:56:43.786115,2025-11-15 22:26:43.786115,45,30,0,7,63.17,1,2,5,4,WRITING,QUIET,,2,3,2,3,4,2,NONE
4e05a461-a273-4ae9-971c-e0687f371b59,Night Owl 2,65,17,evening,COMPLETED,2025-11-16 17:02:43.786115,2025-11-16 18:00:43.786115,60,58,0,6,72.33,2,3,4,5,READING,QUIET,,0,2,1,3,4,2,NONE
4e05a461-a273-4ae9-971c-e0687f371b59,Night Owl 2,66,20,evening,COMPLETED,2025-11-17 20:33:43.786115,2025-11-17 21:17:43.786115,45,44,2,5,67.39,1,3,3,4,TEST,QUIET,,0,3,1,3,4,2,NONE
4e05a461-a273-4ae9-971c-e0687f371b59,Night Owl 2,67,18,evening,COMPLETED,2025-11-17 18:23:43.786115,2025-11-17 19:04:43.786115,45,41,0,8,73.89,3,3,4,1,READING,QUIET,,3,1,1,3,4,3,NONE
4e05a461-a273-4ae9-971c-e0687f371b59,Night Owl 2,68,20,evening,COMPLETED,2025-11-18 20:30:43.786115,2025-11-18 22:48:43.786115,120,138,2,4,69.0,2,3,4,1,READING,MUSIC,CLASSICAL,5,0,1,3,4,3,NONE
4e05a461-a273-4ae9-971c-e0687f371b59,Night Owl 2,69,12,afternoon,COMPLETED,2025-11-18 12:52:43.786115,2025-11-18 13:57:43.786115,60,65,0,3,62.17,3,2,3,2,READING,MUSIC,CLASSICAL,4,3,3,2,4,2,FEW
4e05a461-a273-4ae9-971c-e0687f371b59,Night Owl 2,72,22,night,COMPLETED,2025-11-20 22:21:43.786115,2025-11-20 23:09:43.786115,60,48,2,3,80.83,3,5,3,2,OTHER,NOISY,,2,2,0,4,4,4,NONE
4e05a461-a273-4ae9-971c-e0687f371b59,Night Owl 2,73,17,evening,COMPLETED,2025-11-20 17:38:43.786115,2025-11-20 18:08:43.786115,45,30,1,5,79.0,3,3,5,2,TEST,QUIET,,1,3,1,4,4,4,NONE
4e05a461-a273-4ae9-971c-e0687f371b59,Night Owl 2,75,19,evening,COMPLETED,2025-11-23 19:17:43.786115,2025-11-23 20:50:43.786115,90,93,3,2,71.17,1,3,4,1,WRITING,QUIET,,1,2,1,3,4,3,NONE
4e05a461-a273-4ae9-971c-e0687f371b59,Night Owl 2,76,23,night,COMPLETED,2025-11-23 23:01:43.786115,2025-11-23 23:52:43.786115,45,51,1,8,82.17,2,3,5,2,TEST,QUIET,,3,1,0,4,4,4,NONE
4e05a461-a273-4ae9-971c-e0687f371b59,Night Owl 2,77,6,morning,COMPLETED,2025-11-24 06:23:43.786115,2025-11-24 06:45:43.786115,45,22,0,4,79.33,3,3,5,3,WRITING,MUSIC,AMBIENT,1,2,1,4,4,4,NONE
4e05a461-a273-4ae9-971c-e0687f371b59,Night Owl 2,78,7,morning,COMPLETED,2025-11-25 07:09:43.786115,2025-11-25 08:21:43.786115,60,72,1,6,65.83,5,3,4,4,READING,QUIET,,1,2,1,3,4,2,NONE
4e05a461-a273-4ae9-971c-e0687f371b59,Night Owl 2,79,18,evening,COMPLETED,2025-11-26 18:53:43.786115,2025-11-26 19:56:43.786115,90,63,0,4,71.0,4,3,4,3,TEST,QUIET,,3,2,1,3,4,3,NONE
4e05a461-a273-4ae9-971c-e0687f371b59,Night Owl 2,81,22,night,COMPLETED,2025-11-27 22:13:43.786115,2025-11-27 22:43:43.786115,45,30,1,1,59.0,1,2,3,3,READING,QUIET,,1,1,3,2,4,2,NONE
4e05a461-a273-4ae9-971c-e0687f371b59,Night Owl 2,84,22,night,COMPLETED,2025-11-30 22:55:43.786115,2025-11-30 23:17:43.786115,25,22,1,3,74.6,2,2,4,2,WRITING,NOISY,,0,2,1,3,4,3,NONE
4e05a461-a273-4ae9-971c-e0687f371b59,Night Owl 2,87,17,evening,COMPLETED,2025-12-03 17:27:43.786115,2025-12-03 18:04:43.786115,25,37,0,7,60.23,2,2,4,4,TEST,MUSIC,CLASSICAL,3,2,2,3,4,2,NONE
4e05a461-a273-4ae9-971c-e0687f371b59,Night Owl 2,89,12,afternoon,COMPLETED,2025-12-05 12:33:43.786115,2025-12-05 13:58:43.786115,90,85,0,4,66.22,4,2,3,3,READING,MUSIC,LOFI,0,2,2,2,4,2,NONE
4e05a461-a273-4ae9-971c-e0687f371b59,Night Owl 2,90,21,night,COMPLETED,2025-12-06 21:00:43.786115,2025-12-06 21:47:43.786115,45,47,0,8,63.11,2,1,4,2,READING,MUSIC,LOFI,1,4,1,2,4,2,NONE
4e05a461-a273-4ae9-971c-e0687f371b59,Night Owl 2,94,5,morning,COMPLETED,2025-12-11 05:48:43.786115,2025-12-11 06:45:43.786115,45,57,3,9,62.33,1,3,3,1,TEST,NOISY,,1,1,3,3,4,3,NONE
4e05a461-a273-4ae9-971c-e0687f371b59,Night Owl 2,95,22,night,COMPLETED,2025-12-12 22:59:43.786115,2025-12-12 23:58:43.786115,60,59,0,10,71.67,3,2,4,2,READING,QUIET,,3,5,1,3,4,3,FEW
4e05a461-a273-4ae9-971c-e0687f371b59,Night Owl 2,96,21,night,COMPLETED,2025-12-13 21:43:43.786115,2025-12-13 22:37:43.786115,45,54,0,4,73.67,4,2,4,3,WRITING,MUSIC,CLASSICAL,1,4,0,3,4,3,NONE
4e05a461-a273-4ae9-971c-e0687f371b59,Night Owl 2,97,17,evening,COMPLETED,2025-12-14 17:01:43.786115,2025-12-14 18:48:43.786115,90,107,1,8,70.06,2,2,4,3,WRITING,MUSIC,AMBIENT,1,2,1,3,4,3,NONE
4e05a461-a273-4ae9-971c-e0687f371b59,Night Owl 2,98,5,morning,COMPLETED,2025-12-15 05:50:43.786115,2025-12-15 06:42:43.786115,60,52,1,7,55.67,3,3,2,2,WRITING,MUSIC,OTHER,1,3,0,2,3,2,NONE
4e05a461-a273-4ae9-971c-e0687f371b59,Night Owl 2,100,12,afternoon,COMPLETED,2025-12-15 12:40:43.786115,2025-12-15 14:45:43.786115,120,125,1,7,70.83,4,3,3,2,OTHER,MUSIC,AMBIENT,2,6,0,3,4,3,NONE
7af2fd7a-23f2-427c-b401-ccd99dc1aafe,Night Owl 3,1,14,afternoon,COMPLETED,2025-10-07 14:32:43.790645,2025-10-07 15:37:43.790645,60,65,1,8,53.17,4,3,2,4,READING,QUIET,,0,1,0,2,3,1,NONE
7af2fd7a-23f2-427c-b401-ccd99dc1aafe,Night Owl 3,2,17,evening,COMPLETED,2025-10-07 17:15:43.790645,2025-10-07 17:51:43.790645,45,36,1,10,81.17,4,4,4,3,WRITING,QUIET,,1,0,1,4,4,4,NONE
7af2fd7a-23f2-427c-b401-ccd99dc1aafe,Night Owl 3,3,9,morning,COMPLETED,2025-10-07 09:46:43.790645,2025-10-07 10:34:43.790645,45,48,1,0,69.5,3,3,3,1,WRITING,MUSIC,LOFI,1,5,1,3,3,3,NONE
7af2fd7a-23f2-427c-b401-ccd99dc1aafe,Night Owl 3,4,9,morning,COMPLETED,2025-10-07 09:23:43.790645,2025-10-07 10:15:43.790645,45,52,1,10,60.39,4,4,2,5,OTHER,NOISY,,2,1,0,3,3,2,NONE
7af2fd7a-23f2-427c-b401-ccd99dc1aafe,Night Owl 3,5,7,morning,COMPLETED,2025-10-07 07:12:43.790645,2025-10-07 08:16:43.790645,90,64,0,3,57.72,3,3,2,1,WRITING,QUIET,,1,1,1,2,3,2,NONE
7af2fd7a-23f2-427c-b401-ccd99dc1aafe,Night Owl 3,6,21,night,COMPLETED,2025-10-07 21:33:43.790645,2025-10-07 22:26:43.790645,90,53,0,12,68.11,1,2,4,1,WRITING,NOISY,,1,0,0,3,4,3,NONE
7af2fd7a-23f2-427c-b401-ccd99dc1aafe,Night Owl 3,7,13,afternoon,COMPLETED,2025-10-08 13:56:43.790645,2025-10-08 14:18:43.790645,25,22,1,7,65.6,2,3,3,1,TEST,MUSIC,LOFI,4,1,1,3,3,3,NONE
7af2fd7a-23f2-427c-b401-ccd99dc1aafe,Night Owl 3,8,18,evening,COMPLETED,2025-10-08 18:19:43.790645,2025-10-08 18:40:43.790645,25,21,0,3,71.3,2,2,5,5,TEST,QUIET,,1,1,1,3,4,2,NONE
7af2fd7a-23f2-427c-b401-ccd99dc1aafe,Night Owl 3,9,23,night,COMPLETED,2025-10-09 23:09:43.790645,2025-10-09 23:31:43.790645,25,22,1,3,57.93,3,2,3,1,READING,QUIET,,2,2,0,2,3,2,NONE
7af2fd7a-23f2-427c-b401-ccd99dc1aafe,Night Owl 3,11,14,afternoon,COMPLETED,2025-10-10 14:42:43.790645,2025-10-10 15:40:43.790645,60,58,2,13,68.83,2,3,4,3,OTHER,NOISY,,2,1,0,3,4,3,NONE
7af2fd7a-23f2-427c-b401-ccd99dc1aafe,Night Owl 3,14,22,night,COMPLETED,2025-10-14 22:39:43.790645,2025-10-14 23:40:43.790645,90,61,0,5,50.39,4,1,3,4,READING,NOISY,,1,1,2,2,3,1,NONE
7af2fd7a-23f2-427c-b401-ccd99dc1aafe,Night Owl 3,15,18,evening,COMPLETED,2025-10-14 18:29:43.790645,2025-10-14 20:16:43.790645,90,107,1,3,53.89,2,1,3,1,TEST,QUIET,,4,4,0,2,3,2,NONE
7af2fd7a-23f2-427c-b401-ccd99dc1aafe,Night Owl 3,16,14,afternoon,COMPLETED,2025-10-14 14:53:43.790645,2025-10-14 15:41:43.790645,45,48,0,1,62.5,3,3,2,3,OTHER,MUSIC,CLASSICAL,1,3,0,2,3,2,NONE
7af2fd7a-23f2-427c-b401-ccd99dc1aafe,Night Owl 3,18,20,evening,COMPLETED,2025-10-17 20:34:43.790645,2025-10-17 21:04:43.790645,60,30,0,2,48.33,1,2,3,5,TEST,QUIET,,1,1,2,2,3,1,NONE
7af2fd7a-23f2-427c-b401-ccd99dc1aafe,Night Owl 3,19,18,evening,COMPLETED,2025-10-18 18:10:43.790645,2025-10-18 19:40:43.790645,120,90,0,6,81.33,3,3,5,2,OTHER,MUSIC,OTHER,2,2,3,4,4,4,NONE
7af2fd7a-23f2-427c-b401-ccd99dc1aafe,Night Owl 3,20,18,evening,COMPLETED,2025-10-19 18:36:43.790645,2025-10-19 19:44:43.790645,60,68,0,4,54.0,2,2,3,4,READING,QUIET,,1,3,1,2,3,1,NONE
7af2fd7a-23f2-427c-b401-ccd99dc1aafe,Night Owl 3,22,18,evening,COMPLETED,2025-10-22 18:20:43.790645,2025-10-22 20:51:43.790645,120,151,1,2,62.0,3,1,4,2,READING,MUSIC,AMBIENT,0,2,0,2,4,2,NONE
7af2fd7a-23f2-427c-b401-ccd99dc1aafe,Night Owl 3,23,8,morning,COMPLETED,2025-10-23 08:49:43.790645,2025-10-23 11:40:43.790645,120,171,1,7,47.17,3,3,2,1,WRITING,NOISY,,3,3,2,2,3,2,NONE
7af2fd7a-23f2-427c-b401-ccd99dc1aafe,Night Owl 3,24,23,night,COMPLETED,2025-10-23 23:54:43.790645,2025-10-24 01:24:43.790645,90,90,0,7,75.5,3,2,4,3,READING,NOISY,,4,2,0,3,4,3,NONE
7af2fd7a-23f2-427c-b401-ccd99dc1aafe,Night Owl 3,25,18,evening,COMPLETED,2025-10-23 18:52:43.790645,2025-10-23 19:35:43.790645,45,43,1,2,59.28,4,2,3,3,WRITING,QUIET,,3,1,1,2,3,2,NONE
7af2fd7a-23f2-427c-b401-ccd99dc1aafe,Night Owl 3,26,12,afternoon,COMPLETED,2025-10-24 12:33:43.790645,2025-10-24 14:17:43.790645,120,104,0,4,64.33,3,4,2,4,WRITING,MUSIC,LOFI,2,3,1,3,3,2,NONE
7af2fd7a-23f2-427c-b401-ccd99dc1aafe,Night Owl 3,27,9,morning,COMPLETED,2025-10-24 09:09:43.790645,2025-10-24 09:58:43.790645,45,49,2,9,81.39,3,5,3,2,TEST,NOISY,,0,0,2,4,4,4,NONE
7af2fd7a-23f2-427c-b401-ccd99dc1aafe,Night Owl 3,28,6,morning,COMPLETED,2025-10-25 06:16:43.790645,2025-10-25 08:31:43.790645,90,135,3,8,50.5,4,4,2,3,WRITING,QUIET,,2,5,2,3,3,3,FEW
7af2fd7a-23f2-427c-b401-ccd99dc1aafe,Night Owl 3,30,20,evening,COMPLETED,2025-10-27 20:51:43.790645,2025-10-27 22:13:43.790645,90,82,1,4,69.72,3,2,5,5,OTHER,NOISY,,2,0,1,3,4,2,NONE
7af2fd7a-23f2-427c-b401-ccd99dc1aafe,Night Owl 3,31,12,afternoon,COMPLETED,2025-10-28 12:47:43.790645,2025-10-28 14:11:43.790645,90,84,2,7,64.83,2,4,2,3,WRITING,NOISY,,2,3,0,3,3,3,NONE
7af2fd7a-23f2-427c-b401-ccd99dc1aafe,Night Owl 3,32,17,evening,COMPLETED,2025-10-28 17:23:43.790645,2025-10-28 19:20:43.790645,90,117,3,11,44.67,4,2,3,1,READING,MUSIC,OTHER,3,2,0,2,3,2,NONE
7af2fd7a-23f2-427c-b401-ccd99dc1aafe,Night Owl 3,33,21,night,COMPLETED,2025-10-28 21:43:43.790645,2025-10-28 22:07:43.790645,25,24,2,0,57.87,2,1,3,2,TEST,MUSIC,OTHER,1,4,0,2,3,2,NONE
7af2fd7a-23f2-427c-b401-ccd99dc1aafe,Night Owl 3,34,20,evening,COMPLETED,2025-10-28 20:22:43.790645,2025-10-28 20:53:43.790645,45,31,1,3,63.78,3,2,5,4,READING,QUIET,,3,1,2,3,4,2,NONE
7af2fd7a-23f2-427c-b401-ccd99dc1aafe,Night Owl 3,36,21,night,COMPLETED,2025-10-30 21:36:43.790645,2025-10-30 22:24:43.790645,60,48,1,3,73.0,1,3,4,1,WRITING,QUIET,,2,1,0,3,4,3,NONE
7af2fd7a-23f2-427c-b401-ccd99dc1aafe,Night Owl 3,37,17,evening,COMPLETED,2025-10-31 17:29:43.790645,2025-10-31 19:12:43.790645,90,103,1,5,55.78,4,1,3,3,TEST,NOISY,,1,3,1,2,3,2,NONE
7af2fd7a-23f2-427c-b401-ccd99dc1aafe,Night Owl 3,38,10,morning,COMPLETED,2025-10-31 10:34:43.790645,2025-10-31 11:13:43.790645,60,39,2,5,58.83,3,4,3,2,WRITING,MUSIC,OTHER,4,3,0,3,3,3,NONE
7af2fd7a-23f2-427c-b401-ccd99dc1aafe,Night Owl 3,39,20,evening,COMPLETED,2025-10-31 20:10:43.790645,2025-10-31 20:45:43.790645,25,35,1,5,55.67,3,1,4,1,WRITING,MUSIC,AMBIENT,3,1,1,2,4,2,NONE
7af2fd7a-23f2-427c-b401-ccd99dc1aafe,Night Owl 3,40,21,night,COMPLETED,2025-11-01 21:28:43.790645,2025-11-01 22:24:43.790645,45,56,0,6,73.11,2,3,3,3,WRITING,MUSIC,AMBIENT,1,2,0,3,4,3,NONE
7af2fd7a-23f2-427c-b401-ccd99dc1aafe,Night Owl 3,41,12,afternoon,COMPLETED,2025-11-01 12:20:43.790645,2025-11-01 13:46:43.790645,120,86,0,9,62.5,4,3,3,3,WRITING,NOISY,,2,3,3,3,3,3,NONE
7af2fd7a-23f2-427c-b401-ccd99dc1aafe,Night Owl 3,43,9,morning,COMPLETED,2025-11-02 09:56:43.790645,2025-11-02 10:21:43.790645,25,25,0,7,78.17,3,4,3,3,WRITING,MUSIC,AMBIENT,0,2,0,3,4,3,NONE
7af2fd7a-23f2-427c-b401-ccd99dc1aafe,Night Owl 3,46,18,evening,COMPLETED,2025-11-06 18:14:43.790645,2025-11-06 18:48:43.790645,45,34,1,4,72.28,3,3,3,2,READING,MUSIC,CLASSICAL,1,0,1,3,4,3,NONE
7af2fd7a-23f2-427c-b401-ccd99dc1aafe,Night Owl 3,47,5,morning,COMPLETED,2025-11-06 05:15:43.790645,2025-11-06 05:42:43.790645,25,27,0,0,73.07,4,4,3,2,TEST,MUSIC,AMBIENT,0,4,1,3,3,3,NONE
7af2fd7a-23f2-427c-b401-ccd99dc1aafe,Night Owl 3,49,22,night,COMPLETED,2025-11-08 22:43:43.790645,2025-11-08 23:56:43.790645,120,73,2,4,50.83,3,4,2,4,TEST,MUSIC,CLASSICAL,3,4,4,3,3,2,FEW
7af2fd7a-23f2-427c-b401-ccd99dc1aafe,Night Owl 3,50,14,afternoon,COMPLETED,2025-11-09 14:09:43.790645,2025-11-09 14:59:43.790645,60,50,2,0,67.0,3,3,3,3,READING,NOISY,,1,2,1,3,3,3,NONE
7af2fd7a-23f2-427c-b401-ccd99dc1aafe,Night Owl 3,53,17,evening,COMPLETED,2025-11-13 17:28:43.790645,2025-11-13 18:05:43.790645,45,37,1,6,57.61,2,1,4,1,WRITING,QUIET,,4,3,1,2,4,2,NONE
7af2fd7a-23f2-427c-b401-ccd99dc1aafe,Night Owl 3,58,8,morning,COMPLETED,2025-11-15 08:24:43.790645,2025-11-15 08:46:43.790645,45,22,1,0,38.17,4,2,1,1,WRITING,MUSIC,OTHER,4,1,3,1,3,1,NONE
7af2fd7a-23f2-427c-b401-ccd99dc1aafe,Night Owl 3,59,6,morning,COMPLETED,2025-11-15 06:30:43.790645,2025-11-15 07:13:43.790645,60,43,1,10,59.5,3,3,3,3,TEST,MUSIC,LOFI,3,4,1,3,3,3,NONE
7af2fd7a-23f2-427c-b401-ccd99dc1aafe,Night Owl 3,63,17,evening,COMPLETED,2025-11-19 17:02:43.790645,2025-11-19 17:58:43.790645,60,56,0,5,77.83,1,3,4,2,WRITING,NOISY,,1,1,0,3,4,3,NONE
7af2fd7a-23f2-427c-b401-ccd99dc1aafe,Night Owl 3,65,21,night,COMPLETED,2025-11-21 21:06:43.790645,2025-11-21 21:56:43.790645,45,50,1,5,71.78,3,2,4,2,TEST,QUIET,,2,3,1,3,4,3,NONE
7af2fd7a-23f2-427c-b401-ccd99dc1aafe,Night Owl 3,66,22,night,COMPLETED,2025-11-22 22:52:43.790645,2025-11-22 23:40:43.790645,45,48,2,4,71.33,1,3,4,1,OTHER,QUIET,,2,1,2,3,4,3,NONE
7af2fd7a-23f2-427c-b401-ccd99dc1aafe,Night Owl 3,67,5,morning,COMPLETED,2025-11-22 05:49:43.790645,2025-11-22 06:20:43.790645,25,31,0,4,67.2,3,4,3,1,READING,QUIET,,2,2,2,3,3,3,NONE
7af2fd7a-23f2-427c-b401-ccd99dc1aafe,Night Owl 3,68,20,evening,COMPLETED,2025-11-23 20:10:43.790645,2025-11-23 21:01:43.790645,45,51,2,0,62.33,1,2,3,1,TEST,QUIET,,2,1,0,2,4,2,NONE
7af2fd7a-23f2-427c-b401-ccd99dc1aafe,Night Owl 3,70,22,night,COMPLETED,2025-11-25 22:59:43.790645,2025-11-26 00:04:43.790645,45,65,2,6,53.78,4,1,4,2,READING,MUSIC,OTHER,1,0,1,2,4,2,NONE
7af2fd7a-23f2-427c-b401-ccd99dc1aafe,Night Owl 3,71,17,evening,COMPLETED,2025-11-26 17:44:43.790645,2025-11-26 18:22:43.790645,45,38,1,4,67.06,3,3,3,1,WRITING,MUSIC,AMBIENT,4,1,0,3,3,3,NONE
7af2fd7a-23f2-427c-b401-ccd99dc1aafe,Night Owl 3,73,23,night,COMPLETED,2025-11-27 23:04:43.790645,2025-11-27 23:24:43.790645,25,20,2,0,55.33,5,2,3,1,WRITING,QUIET,,2,0,2,2,3,2,NONE
7af2fd7a-23f2-427c-b401-ccd99dc1aafe,Night Owl 3,74,22,night,COMPLETED,2025-11-27 22:01:43.790645,2025-11-27 22:42:43.790645,45,41,1,9,64.56,4,2,4,4,READING,MUSIC,OTHER,4,2,1,3,4,2,NONE
7af2fd7a-23f2-427c-b401-ccd99dc1aafe,Night Owl 3,76,23,night,COMPLETED,2025-11-29 23:02:43.790645,2025-11-30 00:02:43.790645,60,60,0,2,55.67,4,2,3,5,TEST,MUSIC,OTHER,1,5,2,2,3,1,NONE
7af2fd7a-23f2-427c-b401-ccd99dc1aafe,Night Owl 3,77,23,night,COMPLETED,2025-11-29 23:27:43.790645,2025-11-29 23:52:43.790645,25,25,0,4,73.33,4,3,3,1,READING,QUIET,,3,1,0,3,3,3,NONE
7af2fd7a-23f2-427c-b401-ccd99dc1aafe,Night Owl 3,78,19,evening,COMPLETED,2025-11-30 19:58:43.790645,2025-11-30 21:12:43.790645,90,74,0,3,55.94,2,1,3,2,READING,NOISY,,5,2,2,2,3,2,FEW
7af2fd7a-23f2-427c-b401-ccd99dc1aafe,Night Owl 3,79,23,night,COMPLETED,2025-12-01 23:03:43.790645,2025-12-02 00:12:43.790645,60,69,2,2,54.67,3,1,3,1,READING,NOISY,,3,1,1,2,3,2,NONE
7af2fd7a-23f2-427c-b401-ccd99dc1aafe,Night Owl 3,80,19,evening,COMPLETED,2025-12-02 19:00:43.790645,2025-12-02 19:29:43.790645,25,29,1,6,72.97,4,3,4,1,READING,NOISY,,0,1,1,3,4,3,NONE
7af2fd7a-23f2-427c-b401-ccd99dc1aafe,Night Owl 3,81,19,evening,COMPLETED,2025-12-03 19:38:43.790645,2025-12-03 20:07:43.790645,25,29,1,3,52.47,1,2,3,2,READING,QUIET,,4,5,2,2,3,2,FEW
7af2fd7a-23f2-427c-b401-ccd99dc1aafe,Night Owl 3,83,5,morning,COMPLETED,2025-12-04 05:18:43.790645,2025-12-04 05:41:43.790645,25,23,2,11,55.57,3,4,2,4,TEST,QUIET,,4,3,1,3,3,2,NONE
7af2fd7a-23f2-427c-b401-ccd99dc1aafe,Night Owl 3,84,18,evening,COMPLETED,2025-12-05 18:48:43.790645,2025-12-05 19:38:43.790645,60,50,0,3,76.83,5,4,4,5,OTHER,QUIET,,2,7,2,4,4,3,FEW
7af2fd7a-23f2-427c-b401-ccd99dc1aafe,Night Owl 3,85,19,evening,COMPLETED,2025-12-05 19:04:43.790645,2025-12-05 19:53:43.790645,45,49,1,5,57.56,2,1,3,2,TEST,MUSIC,OTHER,2,1,1,2,3,2,NONE
7af2fd7a-23f2-427c-b401-ccd99dc1aafe,Night Owl 3,87,23,night,COMPLETED,2025-12-08 23:26:43.790645,2025-12-08 23:50:43.790645,25,24,1,4,75.03,2,3,4,2,TEST,MUSIC,CLASSICAL,1,2,1,3,4,3,NONE
7af2fd7a-23f2-427c-b401-ccd99dc1aafe,Night Owl 3,88,18,evening,COMPLETED,2025-12-08 18:55:43.790645,2025-12-08 19:21:43.790645,25,26,0,7,75.37,3,3,4,2,READING,MUSIC,AMBIENT,1,3,1,3,4,3,NONE
7af2fd7a-23f2-427c-b401-ccd99dc1aafe,Night Owl 3,89,20,evening,COMPLETED,2025-12-08 20:03:43.790645,2025-12-08 20:49:43.790645,45,46,0,4,57.56,5,2,2,4,WRITING,MUSIC,AMBIENT,2,1,0,2,3,1,NONE
7af2fd7a-23f2-427c-b401-ccd99dc1aafe,Night Owl 3,90,11,morning,COMPLETED,2025-12-09 11:37:43.790645,2025-12-09 13:45:43.790645,90,128,0,4,66.22,3,4,2,3,WRITING,MUSIC,AMBIENT,1,1,0,3,3,3,NONE
7af2fd7a-23f2-427c-b401-ccd99dc1aafe,Night Owl 3,91,9,morning,COMPLETED,2025-12-09 09:10:43.790645,2025-12-09 09:27:43.790645,25,17,2,6,60.27,4,4,2,2,TEST,MUSIC,LOFI,3,1,1,3,3,3,NONE
7af2fd7a-23f2-427c-b401-ccd99dc1aafe,Night Owl 3,93,20,evening,COMPLETED,2025-12-11 20:37:43.790645,2025-12-11 21:25:43.790645,45,48,2,4,72.67,5,2,4,1,WRITING,QUIET,,2,1,0,3,4,3,NONE
7af2fd7a-23f2-427c-b401-ccd99dc1aafe,Night Owl 3,94,11,morning,COMPLETED,2025-12-12 11:24:43.790645,2025-12-12 12:29:43.790645,60,65,1,3,70.33,4,4,2,2,READING,QUIET,,3,0,0,3,3,3,NONE
7af2fd7a-23f2-427c-b401-ccd99dc1aafe,Night Owl 3,96,22,night,COMPLETED,2025-12-15 22:27:43.790645,2025-12-15 23:25:43.790645,60,58,3,2,62.17,2,1,3,3,WRITING,NOISY,,1,0,0,2,4,2,NONE
7af2fd7a-23f2-427c-b401-ccd99dc1aafe,Night Owl 3,97,8,morning,COMPLETED,2025-12-15 08:34:43.790645,2025-12-15 09:16:43.790645,60,42,0,9,53.83,3,3,2,1,WRITING,NOISY,,0,3,1,2,3,2,NONE
7af2fd7a-23f2-427c-b401-ccd99dc1aafe,Night Owl 3,98,17,evening,COMPLETED,2025-12-16 17:23:43.790645,2025-12-16 18:07:43.790645,45,44,2,7,67.72,1,3,3,5,TEST,MUSIC,OTHER,2,0,0,3,4,2,NONE
7af2fd7a-23f2-427c-b401-ccd99dc1aafe,Night Owl 3,100,23,night,COMPLETED,2025-12-17 23:14:43.790645,2025-12-18 00:44:43.790645,90,90,1,6,56.83,1,2,3,2,OTHER,MUSIC,LOFI,5,1,1,2,3,2,NONE
253e99d8-b5c1-40fd-bb44-d1f387d81063,Highly Motivated 1,2,17,evening,COMPLETED,2025-10-08 17:10:43.795533,2025-10-08 18:06:43.795533,60,56,1,4,81.5,3,2,5,2,TEST,NOISY,,1,0,0,3,5,3,NONE
253e99d8-b5c1-40fd-bb44-d1f387d81063,Highly Motivated 1,4,10,morning,COMPLETED,2025-10-09 10:16:43.795533,2025-10-09 10:56:43.795533,45,40,0,7,87.28,2,3,5,3,TEST,MUSIC,LOFI,0,6,3,4,5,4,FEW
253e99d8-b5c1-40fd-bb44-d1f387d81063,Highly Motivated 1,5,13,afternoon,COMPLETED,2025-10-10 13:46:43.795533,2025-10-10 15:23:43.795533,90,97,1,4,79.94,3,2,4,3,READING,QUIET,,1,2,0,3,5,3,NONE
253e99d8-b5c1-40fd-bb44-d1f387d81063,Highly Motivated 1,6,12,afternoon,COMPLETED,2025-10-11 12:56:43.795533,2025-10-11 13:49:43.795533,45,53,1,5,86.44,4,3,5,1,READING,QUIET,,2,2,2,4,5,4,NONE
253e99d8-b5c1-40fd-bb44-d1f387d81063,Highly Motivated 1,7,13,afternoon,COMPLETED,2025-10-11 13:09:43.795533,2025-10-11 14:06:43.795533,60,57,2,4,82.67,1,4,5,4,READING,MUSIC,AMBIENT,1,2,2,4,5,3,NONE
253e99d8-b5c1-40fd-bb44-d1f387d81063,Highly Motivated 1,8,9,morning,COMPLETED,2025-10-12 09:22:43.795533,2025-10-12 10:14:43.795533,45,52,2,3,96.39,1,5,5,3,WRITING,QUIET,,1,3,2,5,5,5,NONE
253e99d8-b5c1-40fd-bb44-d1f387d81063,Highly Motivated 1,9,16,afternoon,COMPLETED,2025-10-12 16:26:43.795533,2025-10-12 17:29:43.795533,60,63,2,6,82.33,1,4,5,4,TEST,QUIET,,2,0,2,4,5,3,NONE
253e99d8-b5c1-40fd-bb44-d1f387d81063,Highly Motivated 1,10,12,afternoon,COMPLETED,2025-10-12 12:57:43.795533,2025-10-12 13:53:43.795533,60,56,1,11,71.67,3,3,4,4,TEST,MUSIC,CLASSICAL,1,1,1,3,5,2,NONE
253e99d8-b5c1-40fd-bb44-d1f387d81063,Highly Motivated 1,11,12,afternoon,COMPLETED,2025-10-12 12:48:43.795533,2025-10-12 13:17:43.795533,25,29,3,2,69.97,2,2,4,4,READING,NOISY,,2,0,0,3,5,2,NONE
253e99d8-b5c1-40fd-bb44-d1f387d81063,Highly Motivated 1,14,16,afternoon,COMPLETED,2025-10-13 16:54:43.795533,2025-10-13 17:19:43.795533,25,25,1,4,73.17,1,2,4,1,READING,MUSIC,CLASSICAL,2,4,2,3,4,3,NONE
253e99d8-b5c1-40fd-bb44-d1f387d81063,Highly Motivated 1,15,14,afternoon,COMPLETED,2025-10-14 14:47:43.795533,2025-10-14 15:34:43.795533,60,47,3,4,65.83,3,3,4,2,TEST,QUIET,,1,2,2,3,4,3,NONE
253e99d8-b5c1-40fd-bb44-d1f387d81063,Highly Motivated 1,16,14,afternoon,COMPLETED,2025-10-14 14:46:43.795533,2025-10-14 15:43:43.795533,60,57,1,6,87.83,3,4,5,3,READING,QUIET,,4,1,2,4,5,4,NONE
253e99d8-b5c1-40fd-bb44-d1f387d81063,Highly Motivated 1,17,12,afternoon,COMPLETED,2025-10-15 12:26:43.795533,2025-10-15 13:55:43.795533,90,89,0,7,75.94,2,3,4,3,TEST,QUIET,,2,2,1,3,4,3,NONE
253e99d8-b5c1-40fd-bb44-d1f387d81063,Highly Motivated 1,19,14,afternoon,COMPLETED,2025-10-15 14:33:43.795533,2025-10-15 15:11:43.795533,45,38,2,6,67.89,1,2,4,3,TEST,MUSIC,OTHER,2,3,1,3,4,3,NONE
253e99d8-b5c1-40fd-bb44-d1f387d81063,Highly Motivated 1,20,7,morning,COMPLETED,2025-10-15 07:33:43.795533,2025-10-15 09:33:43.795533,120,120,2,0,80.33,5,3,4,2,READING,MUSIC,CLASSICAL,0,4,0,3,5,3,NONE
253e99d8-b5c1-40fd-bb44-d1f387d81063,Highly Motivated 1,25,12,afternoon,COMPLETED,2025-10-23 12:19:43.795533,2025-10-23 14:08:43.795533,120,109,1,5,77.83,3,2,5,2,TEST,NOISY,,2,3,0,3,5,3,NONE
253e99d8-b5c1-40fd-bb44-d1f387d81063,Highly Motivated 1,26,12,afternoon,COMPLETED,2025-10-23 12:08:43.795533,2025-10-23 12:48:43.795533,45,40,2,6,81.78,3,4,4,4,READING,MUSIC,CLASSICAL,3,0,0,4,5,3,NONE
253e99d8-b5c1-40fd-bb44-d1f387d81063,Highly Motivated 1,27,15,afternoon,COMPLETED,2025-10-24 15:42:43.795533,2025-10-24 16:58:43.795533,60,76,2,9,80.83,3,3,5,2,TEST,NOISY,,1,3,1,4,5,4,NONE
253e99d8-b5c1-40fd-bb44-d1f387d81063,Highly Motivated 1,29,15,afternoon,COMPLETED,2025-10-26 15:01:43.795533,2025-10-26 15:59:43.795533,60,58,1,4,74.5,3,3,4,3,TEST,QUIET,,3,2,0,3,4,3,NONE
253e99d8-b5c1-40fd-bb44-d1f387d81063,Highly Motivated 1,31,12,afternoon,COMPLETED,2025-10-28 12:35:43.795533,2025-10-28 13:00:43.795533,25,25,3,2,71.17,4,4,3,1,OTHER,MUSIC,AMBIENT,4,0,1,3,4,3,NONE
253e99d8-b5c1-40fd-bb44-d1f387d81063,Highly Motivated 1,32,12,afternoon,COMPLETED,2025-10-28 12:36:43.795533,2025-10-28 13:26:43.795533,45,50,0,0,78.11,3,3,4,4,TEST,NOISY,,2,2,0,3,5,2,NONE
253e99d8-b5c1-40fd-bb44-d1f387d81063,Highly Motivated 1,33,15,afternoon,COMPLETED,2025-10-29 15:04:43.795533,2025-10-29 17:03:43.795533,120,119,2,7,69.67,2,4,3,3,TEST,MUSIC,OTHER,3,4,0,3,4,3,NONE
253e99d8-b5c1-40fd-bb44-d1f387d81063,Highly Motivated 1,35,11,morning,COMPLETED,2025-10-30 11:47:43.795533,2025-10-30 14:12:43.795533,120,145,1,2,72.0,4,3,4,3,TEST,NOISY,,2,3,0,3,4,3,NONE
253e99d8-b5c1-40fd-bb44-d1f387d81063,Highly Motivated 1,36,6,morning,COMPLETED,2025-10-30 06:13:43.795533,2025-10-30 08:02:43.795533,90,109,3,4,71.61,2,3,4,3,OTHER,MUSIC,OTHER,2,0,2,3,5,3,NONE
253e99d8-b5c1-40fd-bb44-d1f387d81063,Highly Motivated 1,37,11,morning,COMPLETED,2025-10-30 11:48:43.795533,2025-10-30 12:54:43.795533,60,66,0,5,94.5,2,5,5,4,TEST,NOISY,,4,2,3,5,5,4,FEW
253e99d8-b5c1-40fd-bb44-d1f387d81063,Highly Motivated 1,38,19,evening,COMPLETED,2025-10-30 19:34:43.795533,2025-10-30 20:58:43.795533,90,84,0,8,81.33,2,2,5,3,READING,MUSIC,LOFI,0,1,1,3,5,3,NONE
253e99d8-b5c1-40fd-bb44-d1f387d81063,Highly Motivated 1,39,7,morning,COMPLETED,2025-10-30 07:38:43.795533,2025-10-30 08:27:43.795533,45,49,2,3,69.39,3,3,4,2,TEST,NOISY,,1,5,2,3,4,3,NONE
253e99d8-b5c1-40fd-bb44-d1f387d81063,Highly Motivated 1,40,14,afternoon,COMPLETED,2025-10-31 14:34:43.795533,2025-10-31 15:54:43.795533,90,80,1,0,90.94,3,3,5,1,TEST,MUSIC,LOFI,1,2,2,4,5,4,NONE
253e99d8-b5c1-40fd-bb44-d1f387d81063,Highly Motivated 1,41,15,afternoon,COMPLETED,2025-10-31 15:58:43.795533,2025-10-31 16:20:43.795533,25,22,0,0,94.6,2,3,5,3,OTHER,MUSIC,LOFI,2,1,0,4,5,4,NONE
253e99d8-b5c1-40fd-bb44-d1f387d81063,Highly Motivated 1,42,16,afternoon,COMPLETED,2025-11-01 16:55:43.795533,2025-11-01 17:48:43.795533,60,53,1,10,87.83,3,4,4,2,OTHER,MUSIC,OTHER,2,0,0,4,5,4,NONE
253e99d8-b5c1-40fd-bb44-d1f387d81063,Highly Motivated 1,43,14,afternoon,COMPLETED,2025-11-02 14:53:43.795533,2025-11-02 15:49:43.795533,45,56,2,0,79.44,2,4,4,3,READING,QUIET,,3,2,2,4,4,4,NONE
253e99d8-b5c1-40fd-bb44-d1f387d81063,Highly Motivated 1,44,12,afternoon,COMPLETED,2025-11-02 12:07:43.795533,2025-11-02 12:28:43.795533,25,21,3,6,65.97,4,3,4,2,OTHER,NOISY,,3,1,1,3,4,3,NONE
253e99d8-b5c1-40fd-bb44-d1f387d81063,Highly Motivated 1,46,13,afternoon,COMPLETED,2025-11-03 13:41:43.795533,2025-11-03 14:18:43.795533,45,37,2,0,56.44,2,2,3,5,TEST,MUSIC,LOFI,2,1,0,2,4,1,NONE
253e99d8-b5c1-40fd-bb44-d1f387d81063,Highly Motivated 1,47,16,afternoon,COMPLETED,2025-11-03 16:35:43.795533,2025-11-03 17:41:43.795533,60,66,0,7,88.17,3,3,5,3,TEST,QUIET,,2,5,1,4,5,4,NONE
253e99d8-b5c1-40fd-bb44-d1f387d81063,Highly Motivated 1,48,9,morning,COMPLETED,2025-11-04 09:38:43.795533,2025-11-04 10:14:43.795533,25,36,1,3,82.87,5,4,5,2,TEST,NOISY,,1,1,3,4,5,4,NONE
253e99d8-b5c1-40fd-bb44-d1f387d81063,Highly Motivated 1,49,10,morning,COMPLETED,2025-11-04 10:22:43.795533,2025-11-04 11:08:43.795533,45,46,1,3,87.89,4,4,5,1,READING,MUSIC,CLASSICAL,6,2,2,4,5,4,FEW
253e99d8-b5c1-40fd-bb44-d1f387d81063,Highly Motivated 1,50,16,afternoon,COMPLETED,2025-11-05 16:43:43.795533,2025-11-05 17:50:43.795533,60,67,0,1,69.83,5,3,4,4,READING,QUIET,,5,2,1,3,4,2,NONE
253e99d8-b5c1-40fd-bb44-d1f387d81063,Highly Motivated 1,52,11,morning,COMPLETED,2025-11-06 11:17:43.795533,2025-11-06 11:58:43.795533,45,41,1,6,88.39,3,4,5,3,WRITING,QUIET,,0,4,1,4,5,4,NONE
253e99d8-b5c1-40fd-bb44-d1f387d81063,Highly Motivated 1,53,14,afternoon,COMPLETED,2025-11-07 14:59:43.795533,2025-11-07 15:46:43.795533,60,47,3,11,77.67,2,3,5,3,TEST,QUIET,,2,0,4,4,5,4,NONE
253e99d8-b5c1-40fd-bb44-d1f387d81063,Highly Motivated 1,54,8,morning,COMPLETED,2025-11-07 08:53:43.795533,2025-11-07 09:13:43.795533,25,20,1,1,81.67,2,5,4,3,WRITING,MUSIC,OTHER,5,3,0,4,4,4,NONE
253e99d8-b5c1-40fd-bb44-d1f387d81063,Highly Motivated 1,55,10,morning,COMPLETED,2025-11-08 10:28:43.795533,2025-11-08 11:24:43.795533,60,56,1,7,84.0,4,4,5,5,WRITING,QUIET,,0,2,2,4,5,3,NONE
253e99d8-b5c1-40fd-bb44-d1f387d81063,Highly Motivated 1,56,17,evening,COMPLETED,2025-11-09 17:09:43.795533,2025-11-09 18:13:43.795533,60,64,0,3,76.17,3,1,5,4,WRITING,QUIET,,2,2,2,3,5,2,NONE
253e99d8-b5c1-40fd-bb44-d1f387d81063,Highly Motivated 1,57,18,evening,COMPLETED,2025-11-09 18:01:43.795533,2025-11-09 18:50:43.795533,45,49,0,2,76.89,1,3,3,3,WRITING,MUSIC,CLASSICAL,2,2,1,3,4,3,NONE
253e99d8-b5c1-40fd-bb44-d1f387d81063,Highly Motivated 1,58,22,night,COMPLETED,2025-11-10 22:09:43.795533,2025-11-10 23:24:43.795533,90,75,3,2,58.17,2,1,3,2,WRITING,MUSIC,OTHER,1,1,1,2,4,2,NONE
253e99d8-b5c1-40fd-bb44-d1f387d81063,Highly Motivated 1,62,9,morning,COMPLETED,2025-11-16 09:42:43.795533,2025-11-16 11:12:43.795533,90,90,0,4,96.33,3,4,5,2,TEST,NOISY,,0,1,0,4,5,4,NONE
253e99d8-b5c1-40fd-bb44-d1f387d81063,Highly Motivated 1,63,14,afternoon,COMPLETED,2025-11-17 14:08:43.795533,2025-11-17 14:46:43.795533,45,38,3,11,67.89,4,2,5,3,READING,QUIET,,1,3,2,3,5,3,NONE
253e99d8-b5c1-40fd-bb44-d1f387d81063,Highly Motivated 1,65,15,afternoon,COMPLETED,2025-11-17 15:53:43.795533,2025-11-17 16:15:43.795533,25,22,1,3,68.6,5,3,4,2,TEST,MUSIC,AMBIENT,7,4,1,3,4,3,FEW
253e99d8-b5c1-40fd-bb44-d1f387d81063,Highly Motivated 1,66,10,morning,COMPLETED,2025-11-18 10:16:43.795533,2025-11-18 10:43:43.795533,25,27,0,2,84.07,3,2,5,2,TEST,QUIET,,0,1,1,3,5,3,NONE
253e99d8-b5c1-40fd-bb44-d1f387d81063,Highly Motivated 1,68,5,morning,COMPLETED,2025-11-19 05:01:43.795533,2025-11-19 06:23:43.795533,90,82,3,4,78.72,4,4,4,3,READING,NOISY,,2,4,0,4,4,4,NONE
253e99d8-b5c1-40fd-bb44-d1f387d81063,Highly Motivated 1,69,12,afternoon,COMPLETED,2025-11-19 12:03:43.795533,2025-11-19 13:38:43.795533,90,95,1,2,93.06,3,4,5,2,READING,QUIET,,0,2,0,4,5,4,NONE
253e99d8-b5c1-40fd-bb44-d1f387d81063,Highly Motivated 1,70,8,morning,COMPLETED,2025-11-20 08:30:43.795533,2025-11-20 09:12:43.795533,45,42,3,5,68.33,3,3,4,1,READING,MUSIC,CLASSICAL,1,3,1,3,4,3,NONE
253e99d8-b5c1-40fd-bb44-d1f387d81063,Highly Motivated 1,71,18,evening,COMPLETED,2025-11-20 18:04:43.795533,2025-11-20 18:50:43.795533,45,46,1,2,77.72,1,3,3,1,TEST,NOISY,,2,0,0,3,4,3,NONE
253e99d8-b5c1-40fd-bb44-d1f387d81063,Highly Motivated 1,72,17,evening,COMPLETED,2025-11-21 17:28:43.795533,2025-11-21 18:17:43.795533,45,49,2,7,86.72,5,3,5,2,READING,MUSIC,LOFI,1,2,0,4,5,4,NONE
253e99d8-b5c1-40fd-bb44-d1f387d81063,Highly Motivated 1,73,15,afternoon,COMPLETED,2025-11-21 15:16:43.795533,2025-11-21 16:31:43.795533,90,75,1,4,66.83,3,3,4,4,OTHER,QUIET,,3,2,0,3,4,2,NONE
253e99d8-b5c1-40fd-bb44-d1f387d81063,Highly Motivated 1,74,12,afternoon,COMPLETED,2025-11-21 12:33:43.795533,2025-11-21 12:57:43.795533,25,24,2,2,87.53,3,4,5,3,READING,MUSIC,LOFI,3,2,2,4,5,4,NONE
253e99d8-b5c1-40fd-bb44-d1f387d81063,Highly Motivated 1,75,16,afternoon,COMPLETED,2025-11-21 16:01:43.795533,2025-11-21 16:29:43.795533,25,28,2,8,73.93,3,3,4,2,READING,QUIET,,0,3,1,3,5,3,NONE
253e99d8-b5c1-40fd-bb44-d1f387d81063,Highly Motivated 1,76,12,afternoon,COMPLETED,2025-11-21 12:53:43.795533,2025-11-21 13:48:43.795533,60,55,1,3,72.67,3,2,4,3,OTHER,QUIET,,4,3,0,3,4,3,NONE
253e99d8-b5c1-40fd-bb44-d1f387d81063,Highly Motivated 1,77,7,morning,COMPLETED,2025-11-22 07:11:43.795533,2025-11-22 08:47:43.795533,120,96,4,5,80.5,3,4,5,3,WRITING,MUSIC,LOFI,2,1,0,4,5,4,NONE
253e99d8-b5c1-40fd-bb44-d1f387d81063,Highly Motivated 1,78,22,night,COMPLETED,2025-11-22 22:41:43.795533,2025-11-22 23:30:43.795533,60,49,0,3,68.17,2,2,4,5,WRITING,MUSIC,CLASSICAL,3,0,4,3,4,2,NONE
253e99d8-b5c1-40fd-bb44-d1f387d81063,Highly Motivated 1,80,17,evening,COMPLETED,2025-11-25 17:46:43.795533,2025-11-25 19:34:43.795533,120,108,0,6,90.67,2,3,5,2,TEST,QUIET,,3,0,2,4,5,4,NONE
253e99d8-b5c1-40fd-bb44-d1f387d81063,Highly Motivated 1,81,8,morning,COMPLETED,2025-11-25 08:06:43.795533,2025-11-25 09:07:43.795533,60,61,0,9,99.17,2,5,5,3,READING,NOISY,,3,4,2,5,5,5,FEW
253e99d8-b5c1-40fd-bb44-d1f387d81063,Highly Motivated 1,82,21,night,COMPLETED,2025-11-25 21:03:43.795533,2025-11-25 23:20:43.795533,120,137,0,0,65.17,1,2,3,3,WRITING,NOISY,,1,3,2,2,4,2,NONE
253e99d8-b5c1-40fd-bb44-d1f387d81063,Highly Motivated 1,83,13,afternoon,COMPLETED,2025-11-26 13:15:43.795533,2025-11-26 13:57:43.795533,45,42,1,8,78.83,4,3,4,2,READING,MUSIC,AMBIENT,1,1,0,3,5,3,NONE
253e99d8-b5c1-40fd-bb44-d1f387d81063,Highly Motivated 1,84,9,morning,COMPLETED,2025-11-26 09:19:43.795533,2025-11-26 10:38:43.795533,90,79,0,5,87.72,3,4,5,4,TEST,NOISY,,1,1,0,4,5,3,NONE
253e99d8-b5c1-40fd-bb44-d1f387d81063,Highly Motivated 1,85,15,afternoon,COMPLETED,2025-11-26 15:30:43.795533,2025-11-26 16:59:43.795533,90,89,0,4,78.11,2,3,4,4,READING,QUIET,,0,2,2,3,5,2,NONE
253e99d8-b5c1-40fd-bb44-d1f387d81063,Highly Motivated 1,87,8,morning,COMPLETED,2025-11-28 08:36:43.795533,2025-11-28 09:25:43.795533,60,49,2,5,79.5,4,4,4,2,READING,QUIET,,2,3,0,4,4,4,NONE
253e99d8-b5c1-40fd-bb44-d1f387d81063,Highly Motivated 1,88,15,afternoon,COMPLETED,2025-11-28 15:07:43.795533,2025-11-28 16:39:43.795533,120,92,2,6,61.33,3,3,4,5,WRITING,NOISY,,3,1,2,3,4,2,NONE
253e99d8-b5c1-40fd-bb44-d1f387d81063,Highly Motivated 1,89,21,night,COMPLETED,2025-11-28 21:49:43.795533,2025-11-29 00:15:43.795533,120,146,2,6,82.67,4,4,5,3,READING,NOISY,,2,3,1,4,5,4,NONE
253e99d8-b5c1-40fd-bb44-d1f387d81063,Highly Motivated 1,90,20,evening,COMPLETED,2025-11-29 20:21:43.795533,2025-11-29 21:08:43.795533,45,47,2,5,76.28,3,2,5,2,READING,MUSIC,AMBIENT,3,1,1,3,5,3,NONE
253e99d8-b5c1-40fd-bb44-d1f387d81063,Highly Motivated 1,93,10,morning,COMPLETED,2025-12-03 10:24:43.795533,2025-12-03 11:35:43.795533,60,71,0,5,87.5,2,4,5,2,WRITING,MUSIC,LOFI,5,3,0,4,5,4,NONE
253e99d8-b5c1-40fd-bb44-d1f387d81063,Highly Motivated 1,95,17,evening,COMPLETED,2025-12-06 17:23:43.795533,2025-12-06 18:08:43.795533,60,45,1,4,75.83,3,3,4,1,TEST,MUSIC,AMBIENT,2,2,0,3,5,3,NONE
253e99d8-b5c1-40fd-bb44-d1f387d81063,Highly Motivated 1,96,15,afternoon,COMPLETED,2025-12-06 15:01:43.795533,2025-12-06 16:30:43.795533,90,89,1,2,87.61,3,3,5,4,TEST,QUIET,,2,1,1,4,5,3,NONE
253e99d8-b5c1-40fd-bb44-d1f387d81063,Highly Motivated 1,97,12,afternoon,COMPLETED,2025-12-07 12:11:43.795533,2025-12-07 13:00:43.795533,60,49,0,4,88.0,5,4,5,1,TEST,MUSIC,AMBIENT,6,2,0,4,5,4,NONE
253e99d8-b5c1-40fd-bb44-d1f387d81063,Highly Motivated 1,98,11,morning,COMPLETED,2025-12-07 11:27:43.795533,2025-12-07 12:11:43.795533,45,44,2,1,71.39,3,4,3,4,READING,MUSIC,LOFI,1,0,0,3,4,2,NONE
253e99d8-b5c1-40fd-bb44-d1f387d81063,Highly Motivated 1,99,9,morning,COMPLETED,2025-12-08 09:00:43.795533,2025-12-08 09:49:43.795533,45,49,0,9,86.72,5,4,5,2,READING,QUIET,,3,6,0,4,5,4,FEW
253e99d8-b5c1-40fd-bb44-d1f387d81063,Highly Motivated 1,100,17,evening,COMPLETED,2025-12-09 17:41:43.795533,2025-12-09 19:14:43.795533,90,93,3,2,78.83,2,4,4,3,WRITING,QUIET,,4,4,1,4,4,4,FEW
31b988cf-5d0b-41f5-b8c2-5d8a939e3635,Highly Motivated 2,4,11,morning,COMPLETED,2025-10-11 11:40:43.801271,2025-10-11 12:14:43.801271,25,34,1,9,79.47,3,4,5,1,OTHER,MUSIC,AMBIENT,1,5,2,4,5,4,NONE
31b988cf-5d0b-41f5-b8c2-5d8a939e3635,Highly Motivated 2,6,17,evening,COMPLETED,2025-10-12 17:15:43.801271,2025-10-12 18:09:43.801271,60,54,3,5,55.33,2,1,3,2,TEST,QUIET,,3,3,1,2,4,2,NONE
31b988cf-5d0b-41f5-b8c2-5d8a939e3635,Highly Motivated 2,7,14,afternoon,COMPLETED,2025-10-13 14:13:43.801271,2025-10-13 15:31:43.801271,90,78,2,2,73.33,3,2,5,2,READING,QUIET,,3,4,2,3,5,3,FEW
31b988cf-5d0b-41f5-b8c2-5d8a939e3635,Highly Motivated 2,8,12,afternoon,COMPLETED,2025-10-13 12:38:43.801271,2025-10-13 14:54:43.801271,120,136,1,8,69.17,3,4,3,1,OTHER,QUIET,,2,3,2,3,4,3,NONE
31b988cf-5d0b-41f5-b8c2-5d8a939e3635,Highly Motivated 2,10,9,morning,COMPLETED,2025-10-15 09:54:43.801271,2025-10-15 10:35:43.801271,45,41,0,9,79.06,4,2,5,1,WRITING,QUIET,,1,2,1,3,5,3,NONE
31b988cf-5d0b-41f5-b8c2-5d8a939e3635,Highly Motivated 2,11,14,afternoon,COMPLETED,2025-10-16 14:08:43.801271,2025-10-16 14:47:43.801271,45,39,2,5,70.83,5,3,4,3,OTHER,NOISY,,1,1,1,3,4,3,NONE
31b988cf-5d0b-41f5-b8c2-5d8a939e3635,Highly Motivated 2,12,12,afternoon,COMPLETED,2025-10-17 12:47:43.801271,2025-10-17 13:26:43.801271,45,39,2,9,84.83,3,4,5,2,WRITING,QUIET,,2,1,0,4,5,4,NONE
31b988cf-5d0b-41f5-b8c2-5d8a939e3635,Highly Motivated 2,14,9,morning,COMPLETED,2025-10-20 09:46:43.801271,2025-10-20 10:32:43.801271,45,46,2,12,75.56,3,4,4,5,TEST,NOISY,,1,2,0,4,4,3,NONE
31b988cf-5d0b-41f5-b8c2-5d8a939e3635,Highly Motivated 2,15,5,morning,COMPLETED,2025-10-20 05:39:43.801271,2025-10-20 07:57:43.801271,120,138,2,9,60.17,3,3,4,4,WRITING,NOISY,,4,2,2,3,4,2,NONE
31b988cf-5d0b-41f5-b8c2-5d8a939e3635,Highly Motivated 2,16,13,afternoon,COMPLETED,2025-10-20 13:18:43.801271,2025-10-20 13:51:43.801271,45,33,2,6,62.0,3,3,3,4,WRITING,MUSIC,LOFI,3,1,0,3,4,2,NONE
31b988cf-5d0b-41f5-b8c2-5d8a939e3635,Highly Motivated 2,17,5,morning,COMPLETED,2025-10-20 05:03:43.801271,2025-10-20 05:51:43.801271,45,48,2,5,84.83,1,3,5,2,READING,NOISY,,3,5,0,4,5,4,NONE
31b988cf-5d0b-41f5-b8c2-5d8a939e3635,Highly Motivated 2,18,8,morning,COMPLETED,2025-10-21 08:29:43.801271,2025-10-21 09:34:43.801271,60,65,1,1,85.33,1,4,4,3,READING,NOISY,,3,2,1,4,4,4,NONE
31b988cf-5d0b-41f5-b8c2-5d8a939e3635,Highly Motivated 2,19,16,afternoon,COMPLETED,2025-10-21 16:56:43.801271,2025-10-21 18:03:43.801271,60,67,1,5,74.33,2,3,3,1,WRITING,MUSIC,AMBIENT,1,0,1,3,4,3,NONE
31b988cf-5d0b-41f5-b8c2-5d8a939e3635,Highly Motivated 2,22,18,evening,COMPLETED,2025-10-21 18:38:43.801271,2025-10-21 19:19:43.801271,45,41,2,5,76.06,3,2,5,2,TEST,NOISY,,1,3,0,3,5,3,NONE
31b988cf-5d0b-41f5-b8c2-5d8a939e3635,Highly Motivated 2,23,21,night,COMPLETED,2025-10-22 21:27:43.801271,2025-10-22 22:29:43.801271,60,62,1,3,73.0,3,3,4,1,READING,NOISY,,1,4,3,3,4,3,NONE
31b988cf-5d0b-41f5-b8c2-5d8a939e3635,Highly Motivated 2,24,9,morning,COMPLETED,2025-10-23 09:33:43.801271,2025-10-23 11:13:43.801271,90,100,0,7,69.61,4,4,3,4,WRITING,MUSIC,LOFI,1,3,0,3,4,2,NONE
31b988cf-5d0b-41f5-b8c2-5d8a939e3635,Highly Motivated 2,25,11,morning,COMPLETED,2025-10-24 11:07:43.801271,2025-10-24 12:29:43.801271,90,82,2,5,75.06,3,4,4,4,TEST,QUIET,,3,3,1,4,4,3,NONE
31b988cf-5d0b-41f5-b8c2-5d8a939e3635,Highly Motivated 2,26,8,morning,COMPLETED,2025-10-25 08:51:43.801271,2025-10-25 09:25:43.801271,45,34,1,8,84.94,4,4,5,2,TEST,QUIET,,2,1,1,4,5,4,NONE
31b988cf-5d0b-41f5-b8c2-5d8a939e3635,Highly Motivated 2,27,17,evening,COMPLETED,2025-10-25 17:29:43.801271,2025-10-25 18:33:43.801271,60,64,2,2,61.33,4,1,3,3,TEST,NOISY,,2,3,0,2,4,2,NONE
31b988cf-5d0b-41f5-b8c2-5d8a939e3635,Highly Motivated 2,28,12,afternoon,COMPLETED,2025-10-25 12:48:43.801271,2025-10-25 14:39:43.801271,90,111,1,0,60.83,4,2,3,3,READING,QUIET,,3,2,1,2,4,2,NONE
31b988cf-5d0b-41f5-b8c2-5d8a939e3635,Highly Motivated 2,29,17,evening,COMPLETED,2025-10-26 17:40:43.801271,2025-10-26 18:04:43.801271,25,24,3,4,79.03,3,4,5,4,READING,MUSIC,CLASSICAL,1,3,3,4,5,3,NONE
31b988cf-5d0b-41f5-b8c2-5d8a939e3635,Highly Motivated 2,32,13,afternoon,COMPLETED,2025-10-28 13:57:43.801271,2025-10-28 15:37:43.801271,90,100,1,4,85.28,3,3,5,4,READING,NOISY,,0,3,0,4,5,3,NONE
31b988cf-5d0b-41f5-b8c2-5d8a939e3635,Highly Motivated 2,33,11,morning,COMPLETED,2025-10-29 11:18:43.801271,2025-10-29 13:13:43.801271,120,115,1,2,76.0,3,3,3,1,WRITING,MUSIC,LOFI,1,3,0,3,4,3,NONE
31b988cf-5d0b-41f5-b8c2-5d8a939e3635,Highly Motivated 2,34,12,afternoon,COMPLETED,2025-10-29 12:49:43.801271,2025-10-29 13:12:43.801271,25,23,0,4,89.73,4,4,4,3,TEST,MUSIC,OTHER,0,0,1,4,4,4,NONE
31b988cf-5d0b-41f5-b8c2-5d8a939e3635,Highly Motivated 2,35,19,evening,COMPLETED,2025-10-30 19:37:43.801271,2025-10-30 20:41:43.801271,60,64,1,0,75.17,1,3,4,2,OTHER,NOISY,,3,2,1,3,4,3,NONE
31b988cf-5d0b-41f5-b8c2-5d8a939e3635,Highly Motivated 2,37,12,afternoon,COMPLETED,2025-10-30 12:00:43.801271,2025-10-30 13:40:43.801271,90,100,2,7,79.28,2,5,4,3,TEST,MUSIC,AMBIENT,3,2,1,4,4,4,NONE
31b988cf-5d0b-41f5-b8c2-5d8a939e3635,Highly Motivated 2,39,20,evening,COMPLETED,2025-10-30 20:02:43.801271,2025-10-30 20:41:43.801271,45,39,1,0,57.83,2,1,4,4,READING,QUIET,,5,1,0,2,4,1,NONE
31b988cf-5d0b-41f5-b8c2-5d8a939e3635,Highly Motivated 2,40,18,evening,COMPLETED,2025-10-31 18:34:43.801271,2025-10-31 19:38:43.801271,60,64,0,13,71.83,3,3,3,2,TEST,MUSIC,AMBIENT,5,0,0,3,4,3,NONE
31b988cf-5d0b-41f5-b8c2-5d8a939e3635,Highly Motivated 2,42,16,afternoon,COMPLETED,2025-11-03 16:26:43.801271,2025-11-03 17:50:43.801271,90,84,2,1,65.83,2,4,3,4,READING,MUSIC,AMBIENT,3,3,2,3,4,2,NONE
31b988cf-5d0b-41f5-b8c2-5d8a939e3635,Highly Motivated 2,43,12,afternoon,COMPLETED,2025-11-03 12:03:43.801271,2025-11-03 12:49:43.801271,45,46,0,4,75.22,4,3,4,3,TEST,MUSIC,LOFI,2,4,2,3,4,3,NONE
31b988cf-5d0b-41f5-b8c2-5d8a939e3635,Highly Motivated 2,44,10,morning,COMPLETED,2025-11-04 10:06:43.801271,2025-11-04 10:42:43.801271,45,36,0,1,91.83,2,4,5,3,TEST,QUIET,,1,3,0,4,5,4,NONE
31b988cf-5d0b-41f5-b8c2-5d8a939e3635,Highly Motivated 2,45,21,night,COMPLETED,2025-11-04 21:24:43.801271,2025-11-04 22:53:43.801271,60,89,1,10,52.17,2,1,3,2,WRITING,MUSIC,OTHER,1,3,0,2,4,2,NONE
31b988cf-5d0b-41f5-b8c2-5d8a939e3635,Highly Motivated 2,46,19,evening,COMPLETED,2025-11-04 19:49:43.801271,2025-11-04 22:07:43.801271,120,138,3,3,64.33,4,4,2,3,READING,NOISY,,3,4,3,3,4,3,FEW
31b988cf-5d0b-41f5-b8c2-5d8a939e3635,Highly Motivated 2,47,11,morning,COMPLETED,2025-11-04 11:44:43.801271,2025-11-04 12:43:43.801271,60,59,1,4,76.17,3,4,3,2,WRITING,NOISY,,1,1,1,3,4,3,NONE
31b988cf-5d0b-41f5-b8c2-5d8a939e3635,Highly Motivated 2,48,13,afternoon,COMPLETED,2025-11-04 13:10:43.801271,2025-11-04 14:12:43.801271,60,62,2,8,70.67,3,2,4,3,READING,QUIET,,1,3,0,3,4,3,NONE
31b988cf-5d0b-41f5-b8c2-5d8a939e3635,Highly Motivated 2,49,5,morning,COMPLETED,2025-11-05 05:23:43.801271,2025-11-05 06:34:43.801271,60,71,4,6,74.67,2,3,5,5,WRITING,QUIET,,1,2,1,4,5,3,NONE
31b988cf-5d0b-41f5-b8c2-5d8a939e3635,Highly Motivated 2,50,9,morning,COMPLETED,2025-11-05 09:18:43.801271,2025-11-05 10:27:43.801271,60,69,0,4,85.67,4,4,5,4,TEST,NOISY,,4,1,0,4,5,3,NONE
31b988cf-5d0b-41f5-b8c2-5d8a939e3635,Highly Motivated 2,51,16,afternoon,COMPLETED,2025-11-05 16:11:43.801271,2025-11-05 17:38:43.801271,90,87,1,1,78.67,2,3,3,3,WRITING,QUIET,,1,0,0,3,4,3,NONE
31b988cf-5d0b-41f5-b8c2-5d8a939e3635,Highly Motivated 2,52,10,morning,COMPLETED,2025-11-06 10:42:43.801271,2025-11-06 11:25:43.801271,45,43,1,6,90.61,4,3,5,2,TEST,QUIET,,1,1,1,4,5,4,NONE
31b988cf-5d0b-41f5-b8c2-5d8a939e3635,Highly Motivated 2,54,10,morning,COMPLETED,2025-11-07 10:37:43.801271,2025-11-07 11:50:43.801271,60,73,1,4,86.17,3,3,5,2,WRITING,MUSIC,AMBIENT,3,1,2,4,5,4,NONE
31b988cf-5d0b-41f5-b8c2-5d8a939e3635,Highly Motivated 2,55,8,morning,COMPLETED,2025-11-08 08:33:43.801271,2025-11-08 09:23:43.801271,45,50,1,1,91.78,1,4,5,1,WRITING,MUSIC,CLASSICAL,3,0,0,4,5,4,NONE
31b988cf-5d0b-41f5-b8c2-5d8a939e3635,Highly Motivated 2,57,5,morning,COMPLETED,2025-11-09 05:41:43.801271,2025-11-09 07:19:43.801271,90,98,1,0,87.06,3,4,4,1,TEST,QUIET,,1,3,0,4,4,4,NONE
31b988cf-5d0b-41f5-b8c2-5d8a939e3635,Highly Motivated 2,62,16,afternoon,COMPLETED,2025-11-15 16:43:43.801271,2025-11-15 18:13:43.801271,90,90,2,5,69.17,2,3,4,4,WRITING,QUIET,,0,2,0,3,4,2,NONE
31b988cf-5d0b-41f5-b8c2-5d8a939e3635,Highly Motivated 2,63,6,morning,COMPLETED,2025-11-16 06:16:43.801271,2025-11-16 08:27:43.801271,120,131,0,2,87.17,3,3,5,5,READING,MUSIC,OTHER,0,6,0,4,5,3,NONE
31b988cf-5d0b-41f5-b8c2-5d8a939e3635,Highly Motivated 2,64,12,afternoon,COMPLETED,2025-11-17 12:29:43.801271,2025-11-17 13:11:43.801271,45,42,0,10,74.0,1,3,4,2,TEST,QUIET,,3,0,1,3,4,3,NONE
31b988cf-5d0b-41f5-b8c2-5d8a939e3635,Highly Motivated 2,65,20,evening,COMPLETED,2025-11-18 20:22:43.801271,2025-11-18 21:42:43.801271,60,80,1,0,60.17,1,2,3,2,TEST,QUIET,,3,1,0,2,4,2,NONE
31b988cf-5d0b-41f5-b8c2-5d8a939e3635,Highly Motivated 2,66,11,morning,COMPLETED,2025-11-18 11:59:43.801271,2025-11-18 12:18:43.801271,25,19,4,0,80.87,3,4,5,2,TEST,MUSIC,OTHER,2,2,1,4,5,4,NONE
31b988cf-5d0b-41f5-b8c2-5d8a939e3635,Highly Motivated 2,67,14,afternoon,COMPLETED,2025-11-18 14:00:43.801271,2025-11-18 14:28:43.801271,25,28,2,1,60.77,2,3,2,3,READING,MUSIC,OTHER,1,4,0,2,4,2,NONE
31b988cf-5d0b-41f5-b8c2-5d8a939e3635,Highly Motivated 2,68,15,afternoon,COMPLETED,2025-11-19 15:12:43.801271,2025-11-19 15:36:43.801271,25,24,2,11,53.03,3,1,4,4,READING,QUIET,,3,1,0,2,4,1,NONE
31b988cf-5d0b-41f5-b8c2-5d8a939e3635,Highly Motivated 2,69,11,morning,COMPLETED,2025-11-20 11:12:43.801271,2025-11-20 12:56:43.801271,90,104,1,2,75.72,2,4,2,3,WRITING,MUSIC,LOFI,0,1,0,3,4,3,NONE
31b988cf-5d0b-41f5-b8c2-5d8a939e3635,Highly Motivated 2,71,13,afternoon,COMPLETED,2025-11-21 13:33:43.801271,2025-11-21 13:56:43.801271,25,23,2,8,70.4,1,3,4,3,OTHER,MUSIC,CLASSICAL,1,1,1,3,4,3,NONE
31b988cf-5d0b-41f5-b8c2-5d8a939e3635,Highly Motivated 2,73,23,night,COMPLETED,2025-11-24 23:11:43.801271,2025-11-24 23:41:43.801271,25,30,3,6,60.83,2,3,4,5,TEST,MUSIC,CLASSICAL,2,1,1,3,4,2,NONE
31b988cf-5d0b-41f5-b8c2-5d8a939e3635,Highly Motivated 2,75,17,evening,COMPLETED,2025-11-25 17:13:43.801271,2025-11-25 18:39:43.801271,120,86,2,8,51.33,5,1,3,3,TEST,QUIET,,3,1,5,2,4,2,FEW
31b988cf-5d0b-41f5-b8c2-5d8a939e3635,Highly Motivated 2,76,17,evening,COMPLETED,2025-11-25 17:39:43.801271,2025-11-25 19:00:43.801271,90,81,0,9,76.5,3,2,5,4,READING,QUIET,,0,0,0,3,5,2,NONE
31b988cf-5d0b-41f5-b8c2-5d8a939e3635,Highly Motivated 2,77,9,morning,COMPLETED,2025-11-26 09:57:43.801271,2025-11-26 10:50:43.801271,60,53,0,1,92.83,4,3,5,3,TEST,QUIET,,1,2,2,4,5,4,NONE
31b988cf-5d0b-41f5-b8c2-5d8a939e3635,Highly Motivated 2,78,23,night,COMPLETED,2025-11-27 23:13:43.801271,2025-11-27 23:58:43.801271,45,45,1,2,87.17,3,4,4,1,READING,MUSIC,AMBIENT,2,3,0,4,4,4,NONE
31b988cf-5d0b-41f5-b8c2-5d8a939e3635,Highly Motivated 2,79,14,afternoon,COMPLETED,2025-11-27 14:05:43.801271,2025-11-27 14:58:43.801271,60,53,1,7,58.33,4,2,2,2,WRITING,MUSIC,OTHER,4,3,1,2,4,2,NONE
31b988cf-5d0b-41f5-b8c2-5d8a939e3635,Highly Motivated 2,80,6,morning,COMPLETED,2025-11-27 06:55:43.801271,2025-11-27 07:24:43.801271,25,29,0,3,87.97,3,4,4,2,READING,MUSIC,OTHER,1,0,1,4,4,4,NONE
31b988cf-5d0b-41f5-b8c2-5d8a939e3635,Highly Motivated 2,81,12,afternoon,COMPLETED,2025-11-28 12:18:43.801271,2025-11-28 14:02:43.801271,90,104,2,8,68.89,4,3,3,1,OTHER,QUIET,,1,0,2,3,4,3,NONE
31b988cf-5d0b-41f5-b8c2-5d8a939e3635,Highly Motivated 2,82,16,afternoon,COMPLETED,2025-11-28 16:36:43.801271,2025-11-28 17:29:43.801271,60,53,0,6,87.33,3,3,5,4,WRITING,QUIET,,1,1,0,4,5,3,NONE
31b988cf-5d0b-41f5-b8c2-5d8a939e3635,Highly Motivated 2,83,17,evening,COMPLETED,2025-11-28 17:08:43.801271,2025-11-28 17:38:43.801271,25,30,3,5,55.33,3,3,2,3,READING,MUSIC,AMBIENT,1,2,1,2,4,2,NONE
31b988cf-5d0b-41f5-b8c2-5d8a939e3635,Highly Motivated 2,84,7,morning,COMPLETED,2025-11-28 07:14:43.801271,2025-11-28 08:05:43.801271,45,51,2,8,66.67,2,3,4,2,OTHER,QUIET,,3,3,1,3,4,3,NONE
31b988cf-5d0b-41f5-b8c2-5d8a939e3635,Highly Motivated 2,86,8,morning,COMPLETED,2025-11-30 08:05:43.801271,2025-11-30 08:55:43.801271,60,50,1,5,72.67,3,3,4,2,READING,QUIET,,2,1,0,3,4,3,NONE
31b988cf-5d0b-41f5-b8c2-5d8a939e3635,Highly Motivated 2,87,17,evening,COMPLETED,2025-12-01 17:48:43.801271,2025-12-01 20:12:43.801271,120,144,2,9,77.17,3,4,4,1,OTHER,MUSIC,LOFI,4,1,0,4,4,4,NONE
31b988cf-5d0b-41f5-b8c2-5d8a939e3635,Highly Motivated 2,88,5,morning,COMPLETED,2025-12-02 05:27:43.801271,2025-12-02 06:03:43.801271,45,36,2,4,80.33,4,3,5,4,OTHER,MUSIC,OTHER,0,4,0,4,5,3,NONE
31b988cf-5d0b-41f5-b8c2-5d8a939e3635,Highly Motivated 2,89,23,night,COMPLETED,2025-12-02 23:47:43.801271,2025-12-03 00:34:43.801271,45,47,1,6,62.28,3,2,2,3,TEST,QUIET,,3,2,0,2,4,2,NONE
31b988cf-5d0b-41f5-b8c2-5d8a939e3635,Highly Motivated 2,90,7,morning,COMPLETED,2025-12-02 07:52:43.801271,2025-12-02 08:54:43.801271,60,62,3,4,82.5,2,4,4,1,OTHER,MUSIC,OTHER,0,1,1,4,4,4,NONE
31b988cf-5d0b-41f5-b8c2-5d8a939e3635,Highly Motivated 2,92,19,evening,COMPLETED,2025-12-04 19:36:43.801271,2025-12-04 19:57:43.801271,25,21,1,4,60.3,4,2,3,3,WRITING,QUIET,,3,1,2,2,4,2,NONE
31b988cf-5d0b-41f5-b8c2-5d8a939e3635,Highly Motivated 2,93,7,morning,COMPLETED,2025-12-04 07:03:43.801271,2025-12-04 07:59:43.801271,90,56,1,7,84.11,3,4,5,1,TEST,QUIET,,0,1,1,4,5,4,NONE
31b988cf-5d0b-41f5-b8c2-5d8a939e3635,Highly Motivated 2,94,21,night,COMPLETED,2025-12-05 21:23:43.801271,2025-12-05 22:06:43.801271,45,43,1,0,71.28,2,3,3,5,WRITING,MUSIC,AMBIENT,4,1,0,3,4,2,NONE
31b988cf-5d0b-41f5-b8c2-5d8a939e3635,Highly Motivated 2,95,12,afternoon,COMPLETED,2025-12-06 12:32:43.801271,2025-12-06 13:40:43.801271,60,68,0,2,78.0,3,3,3,3,WRITING,NOISY,,2,0,0,3,4,3,NONE
31b988cf-5d0b-41f5-b8c2-5d8a939e3635,Highly Motivated 2,96,12,afternoon,COMPLETED,2025-12-07 12:46:43.801271,2025-12-07 14:03:43.801271,90,77,0,3,76.61,4,3,3,2,TEST,MUSIC,CLASSICAL,0,2,1,3,4,3,NONE
31b988cf-5d0b-41f5-b8c2-5d8a939e3635,Highly Motivated 2,97,16,afternoon,COMPLETED,2025-12-07 16:08:43.801271,2025-12-07 16:31:43.801271,25,23,0,4,92.73,4,3,5,3,WRITING,NOISY,,1,2,1,4,5,4,NONE
31b988cf-5d0b-41f5-b8c2-5d8a939e3635,Highly Motivated 2,99,13,afternoon,COMPLETED,2025-12-10 13:41:43.801271,2025-12-10 14:38:43.801271,45,57,0,8,71.67,1,4,3,2,OTHER,QUIET,,0,2,1,3,4,3,NONE
31b988cf-5d0b-41f5-b8c2-5d8a939e3635,Highly Motivated 2,100,7,morning,COMPLETED,2025-12-10 07:30:43.801271,2025-12-10 08:32:43.801271,60,62,1,2,92.83,3,3,5,3,WRITING,QUIET,,0,2,1,4,5,4,NONE
dc5ee675-c294-48c4-8d3f-45a4f6fdc20c,Highly Motivated 3,1,6,morning,COMPLETED,2025-10-07 06:33:43.807315,2025-10-07 07:28:43.807315,60,55,2,8,72.33,4,3,5,4,TEST,MUSIC,LOFI,2,4,3,4,4,3,FEW
dc5ee675-c294-48c4-8d3f-45a4f6fdc20c,Highly Motivated 3,2,8,morning,COMPLETED,2025-10-07 08:36:43.807315,2025-10-07 09:36:43.807315,90,60,2,2,79.33,3,4,5,3,WRITING,NOISY,,1,2,0,4,4,4,NONE
dc5ee675-c294-48c4-8d3f-45a4f6fdc20c,Highly Motivated 3,4,7,morning,COMPLETED,2025-10-10 07:32:43.807315,2025-10-10 08:04:43.807315,45,32,0,1,83.06,3,3,5,1,READING,MUSIC,OTHER,1,6,0,4,4,4,NONE
dc5ee675-c294-48c4-8d3f-45a4f6fdc20c,Highly Motivated 3,5,13,afternoon,COMPLETED,2025-10-10 13:35:43.807315,2025-10-10 14:28:43.807315,45,53,1,4,70.28,2,3,4,1,WRITING,NOISY,,3,3,1,3,4,3,NONE
dc5ee675-c294-48c4-8d3f-45a4f6fdc20c,Highly Motivated 3,6,22,night,COMPLETED,2025-10-11 22:14:43.807315,2025-10-11 22:51:43.807315,45,37,2,8,40.78,3,1,2,5,WRITING,QUIET,,0,1,3,1,3,1,NONE
dc5ee675-c294-48c4-8d3f-45a4f6fdc20c,Highly Motivated 3,7,22,night,COMPLETED,2025-10-11 22:44:43.807315,2025-10-11 23:36:43.807315,60,52,2,9,67.5,2,2,4,1,WRITING,QUIET,,2,2,1,3,4,3,NONE
dc5ee675-c294-48c4-8d3f-45a4f6fdc20c,Highly Motivated 3,8,6,morning,COMPLETED,2025-10-12 06:25:43.807315,2025-10-12 07:31:43.807315,60,66,2,5,70.83,1,3,4,2,TEST,QUIET,,2,2,0,3,4,3,NONE
dc5ee675-c294-48c4-8d3f-45a4f6fdc20c,Highly Motivated 3,10,5,morning,COMPLETED,2025-10-13 05:59:43.807315,2025-10-13 06:56:43.807315,60,57,3,1,78.33,2,4,5,2,WRITING,NOISY,,2,7,1,4,4,4,FEW
dc5ee675-c294-48c4-8d3f-45a4f6fdc20c,Highly Motivated 3,11,20,evening,COMPLETED,2025-10-13 20:37:43.807315,2025-10-13 21:00:43.807315,25,23,1,5,68.07,3,2,4,5,TEST,NOISY,,3,2,0,3,4,2,NONE
dc5ee675-c294-48c4-8d3f-45a4f6fdc20c,Highly Motivated 3,14,6,morning,COMPLETED,2025-10-16 06:40:43.807315,2025-10-16 07:33:43.807315,60,53,2,5,80.83,2,3,5,3,READING,MUSIC,AMBIENT,1,4,0,4,4,4,NONE
dc5ee675-c294-48c4-8d3f-45a4f6fdc20c,Highly Motivated 3,15,10,morning,COMPLETED,2025-10-17 10:19:43.807315,2025-10-17 11:04:43.807315,45,45,1,9,83.0,4,4,5,1,TEST,MUSIC,AMBIENT,0,4,2,4,4,4,NONE
dc5ee675-c294-48c4-8d3f-45a4f6fdc20c,Highly Motivated 3,16,12,afternoon,COMPLETED,2025-10-17 12:47:43.807315,2025-10-17 13:08:43.807315,25,21,0,4,84.13,2,3,5,3,TEST,QUIET,,2,3,2,4,4,4,NONE
dc5ee675-c294-48c4-8d3f-45a4f6fdc20c,Highly Motivated 3,17,13,afternoon,COMPLETED,2025-10-17 13:52:43.807315,2025-10-17 15:51:43.807315,120,119,1,7,74.17,3,3,3,3,WRITING,QUIET,,1,2,1,3,4,3,NONE
dc5ee675-c294-48c4-8d3f-45a4f6fdc20c,Highly Motivated 3,18,9,morning,COMPLETED,2025-10-18 09:26:43.807315,2025-10-18 10:07:43.807315,45,41,1,9,76.89,2,4,5,4,TEST,NOISY,,2,1,2,4,4,3,NONE
dc5ee675-c294-48c4-8d3f-45a4f6fdc20c,Highly Motivated 3,19,17,evening,COMPLETED,2025-10-19 17:29:43.807315,2025-10-19 18:40:43.807315,60,71,0,1,70.5,2,2,4,5,WRITING,NOISY,,2,2,1,3,4,2,NONE
dc5ee675-c294-48c4-8d3f-45a4f6fdc20c,Highly Motivated 3,20,20,evening,COMPLETED,2025-10-20 20:18:43.807315,2025-10-20 21:06:43.807315,60,48,0,3,68.5,2,2,5,4,OTHER,QUIET,,4,2,0,3,4,2,NONE
dc5ee675-c294-48c4-8d3f-45a4f6fdc20c,Highly Motivated 3,21,5,morning,COMPLETED,2025-10-20 05:42:43.807315,2025-10-20 06:05:43.807315,25,23,4,3,89.23,2,5,5,3,READING,QUIET,,2,1,1,5,4,5,NONE
dc5ee675-c294-48c4-8d3f-45a4f6fdc20c,Highly Motivated 3,22,19,evening,COMPLETED,2025-10-20 19:55:43.807315,2025-10-20 20:21:43.807315,25,26,2,6,82.53,3,4,4,2,READING,QUIET,,2,1,1,4,4,4,NONE
dc5ee675-c294-48c4-8d3f-45a4f6fdc20c,Highly Motivated 3,23,14,afternoon,COMPLETED,2025-10-21 14:08:43.807315,2025-10-21 15:23:43.807315,60,75,0,7,77.17,2,4,4,4,READING,NOISY,,3,1,1,4,4,3,NONE
dc5ee675-c294-48c4-8d3f-45a4f6fdc20c,Highly Motivated 3,24,12,afternoon,COMPLETED,2025-10-21 12:04:43.807315,2025-10-21 12:35:43.807315,45,31,0,9,82.61,2,4,4,3,READING,MUSIC,LOFI,0,1,0,4,4,4,NONE
dc5ee675-c294-48c4-8d3f-45a4f6fdc20c,Highly Motivated 3,26,12,afternoon,COMPLETED,2025-10-23 12:22:43.807315,2025-10-23 12:39:43.807315,25,17,2,7,65.43,1,2,5,2,TEST,NOISY,,2,2,0,3,4,3,NONE
dc5ee675-c294-48c4-8d3f-45a4f6fdc20c,Highly Motivated 3,27,23,night,COMPLETED,2025-10-23 23:48:43.807315,2025-10-24 01:04:43.807315,60,76,3,2,66.5,3,2,5,1,WRITING,QUIET,,0,2,2,3,4,3,NONE
dc5ee675-c294-48c4-8d3f-45a4f6fdc20c,Highly Motivated 3,28,16,afternoon,COMPLETED,2025-10-24 16:24:43.807315,2025-10-24 18:22:43.807315,120,118,0,4,89.67,4,3,5,3,TEST,QUIET,,2,1,0,4,4,4,NONE
dc5ee675-c294-48c4-8d3f-45a4f6fdc20c,Highly Motivated 3,29,7,morning,COMPLETED,2025-10-24 07:51:43.807315,2025-10-24 08:31:43.807315,45,40,3,2,76.94,2,3,5,5,WRITING,QUIET,,1,1,0,4,4,3,NONE
dc5ee675-c294-48c4-8d3f-45a4f6fdc20c,Highly Motivated 3,30,7,morning,COMPLETED,2025-10-25 07:41:43.807315,2025-10-25 08:02:43.807315,25,21,0,4,72.47,3,2,5,3,READING,MUSIC,OTHER,1,4,3,3,4,3,NONE
dc5ee675-c294-48c4-8d3f-45a4f6fdc20c,Highly Motivated 3,31,9,morning,COMPLETED,2025-10-25 09:04:43.807315,2025-10-25 10:11:43.807315,60,67,2,10,69.33,4,3,3,2,READING,MUSIC,LOFI,1,1,0,3,4,3,NONE
dc5ee675-c294-48c4-8d3f-45a4f6fdc20c,Highly Motivated 3,32,17,evening,COMPLETED,2025-10-26 17:18:43.807315,2025-10-26 17:58:43.807315,45,40,1,3,69.11,3,3,4,4,READING,NOISY,,1,1,2,3,4,2,NONE
dc5ee675-c294-48c4-8d3f-45a4f6fdc20c,Highly Motivated 3,33,6,morning,COMPLETED,2025-10-27 06:11:43.807315,2025-10-27 08:13:43.807315,120,122,3,0,80.17,2,4,5,2,TEST,NOISY,,4,4,1,4,4,4,FEW
dc5ee675-c294-48c4-8d3f-45a4f6fdc20c,Highly Motivated 3,34,10,morning,COMPLETED,2025-10-28 10:29:43.807315,2025-10-28 11:14:43.807315,45,45,0,5,89.5,3,4,5,3,TEST,NOISY,,0,3,0,4,4,4,NONE
dc5ee675-c294-48c4-8d3f-45a4f6fdc20c,Highly Motivated 3,36,12,afternoon,COMPLETED,2025-10-29 12:52:43.807315,2025-10-29 14:01:43.807315,90,69,1,7,68.33,2,3,4,2,READING,QUIET,,1,4,1,3,4,3,NONE
dc5ee675-c294-48c4-8d3f-45a4f6fdc20c,Highly Motivated 3,37,14,afternoon,COMPLETED,2025-10-29 14:41:43.807315,2025-10-29 16:15:43.807315,90,94,1,4,71.61,3,2,5,3,WRITING,MUSIC,AMBIENT,1,7,1,3,4,3,FEW
dc5ee675-c294-48c4-8d3f-45a4f6fdc20c,Highly Motivated 3,38,13,afternoon,COMPLETED,2025-10-29 13:45:43.807315,2025-10-29 15:27:43.807315,120,102,0,4,82.67,3,4,5,4,WRITING,NOISY,,2,0,0,4,4,3,NONE
dc5ee675-c294-48c4-8d3f-45a4f6fdc20c,Highly Motivated 3,39,12,afternoon,COMPLETED,2025-10-30 12:55:43.807315,2025-10-30 14:10:43.807315,90,75,0,8,72.33,3,3,3,2,TEST,MUSIC,CLASSICAL,2,1,2,3,4,3,NONE
dc5ee675-c294-48c4-8d3f-45a4f6fdc20c,Highly Motivated 3,40,20,evening,COMPLETED,2025-10-31 20:35:43.807315,2025-10-31 21:16:43.807315,45,41,0,9,73.39,3,3,3,3,OTHER,MUSIC,LOFI,3,1,1,3,4,3,NONE
dc5ee675-c294-48c4-8d3f-45a4f6fdc20c,Highly Motivated 3,41,5,morning,COMPLETED,2025-11-01 05:20:43.807315,2025-11-01 05:48:43.807315,25,28,1,4,81.1,3,3,5,3,WRITING,QUIET,,3,3,3,4,4,4,FEW
dc5ee675-c294-48c4-8d3f-45a4f6fdc20c,Highly Motivated 3,42,6,morning,COMPLETED,2025-11-02 06:19:43.807315,2025-11-02 07:04:43.807315,45,45,1,3,74.33,3,2,5,2,TEST,MUSIC,OTHER,2,4,1,3,4,3,NONE
dc5ee675-c294-48c4-8d3f-45a4f6fdc20c,Highly Motivated 3,43,17,evening,COMPLETED,2025-11-02 17:47:43.807315,2025-11-02 18:07:43.807315,25,20,1,8,72.5,4,3,5,4,OTHER,QUIET,,2,6,1,4,4,3,FEW
dc5ee675-c294-48c4-8d3f-45a4f6fdc20c,Highly Motivated 3,44,15,afternoon,COMPLETED,2025-11-02 15:56:43.807315,2025-11-02 16:39:43.807315,45,43,1,4,72.28,4,2,4,2,WRITING,MUSIC,OTHER,6,2,0,3,4,3,NONE
dc5ee675-c294-48c4-8d3f-45a4f6fdc20c,Highly Motivated 3,45,7,morning,COMPLETED,2025-11-02 07:43:43.807315,2025-11-02 08:37:43.807315,45,54,3,0,75.83,3,3,5,2,OTHER,MUSIC,OTHER,2,3,5,4,4,4,FEW
dc5ee675-c294-48c4-8d3f-45a4f6fdc20c,Highly Motivated 3,46,16,afternoon,COMPLETED,2025-11-02 16:31:43.807315,2025-11-02 16:52:43.807315,25,21,1,0,68.3,2,3,3,5,TEST,MUSIC,AMBIENT,1,2,3,3,4,2,NONE
dc5ee675-c294-48c4-8d3f-45a4f6fdc20c,Highly Motivated 3,47,13,afternoon,COMPLETED,2025-11-03 13:56:43.807315,2025-11-03 15:51:43.807315,120,115,1,8,84.0,3,4,4,1,WRITING,MUSIC,CLASSICAL,2,2,0,4,4,4,NONE
dc5ee675-c294-48c4-8d3f-45a4f6fdc20c,Highly Motivated 3,49,8,morning,COMPLETED,2025-11-05 08:08:43.807315,2025-11-05 09:12:43.807315,60,64,1,3,81.67,1,3,5,4,READING,QUIET,,1,2,0,4,4,3,NONE
dc5ee675-c294-48c4-8d3f-45a4f6fdc20c,Highly Motivated 3,50,20,evening,COMPLETED,2025-11-05 20:55:43.807315,2025-11-05 21:37:43.807315,45,42,1,4,75.17,3,1,5,3,WRITING,MUSIC,AMBIENT,1,2,0,3,4,3,NONE
dc5ee675-c294-48c4-8d3f-45a4f6fdc20c,Highly Motivated 3,51,9,morning,COMPLETED,2025-11-05 09:49:43.807315,2025-11-05 10:46:43.807315,60,57,1,7,83.0,1,3,5,3,TEST,NOISY,,4,1,1,4,4,4,NONE
dc5ee675-c294-48c4-8d3f-45a4f6fdc20c,Highly Motivated 3,52,11,morning,COMPLETED,2025-11-06 11:14:43.807315,2025-11-06 12:34:43.807315,90,80,2,3,83.94,5,3,5,2,WRITING,QUIET,,1,1,0,4,4,4,NONE
dc5ee675-c294-48c4-8d3f-45a4f6fdc20c,Highly Motivated 3,53,10,morning,COMPLETED,2025-11-07 10:58:43.807315,2025-11-07 12:54:43.807315,90,116,2,7,64.06,3,3,4,2,TEST,QUIET,,2,4,1,3,4,3,NONE
dc5ee675-c294-48c4-8d3f-45a4f6fdc20c,Highly Motivated 3,54,12,afternoon,COMPLETED,2025-11-07 12:39:43.807315,2025-11-07 13:03:43.807315,25,24,0,3,89.7,4,4,4,3,READING,QUIET,,2,1,0,4,4,4,NONE
dc5ee675-c294-48c4-8d3f-45a4f6fdc20c,Highly Motivated 3,55,6,morning,COMPLETED,2025-11-07 06:21:43.807315,2025-11-07 07:18:43.807315,60,57,1,7,83.0,5,3,5,2,TEST,MUSIC,LOFI,4,1,1,4,4,4,NONE
dc5ee675-c294-48c4-8d3f-45a4f6fdc20c,Highly Motivated 3,56,5,morning,COMPLETED,2025-11-07 05:15:43.807315,2025-11-07 06:11:43.807315,60,56,2,9,67.5,2,2,5,3,READING,MUSIC,AMBIENT,1,5,1,3,4,3,NONE
dc5ee675-c294-48c4-8d3f-45a4f6fdc20c,Highly Motivated 3,58,12,afternoon,COMPLETED,2025-11-09 12:33:43.807315,2025-11-09 13:20:43.807315,45,47,1,0,81.61,3,3,5,4,WRITING,QUIET,,2,2,2,4,4,3,NONE
dc5ee675-c294-48c4-8d3f-45a4f6fdc20c,Highly Motivated 3,59,14,afternoon,COMPLETED,2025-11-10 14:19:43.807315,2025-11-10 15:10:43.807315,45,51,0,5,86.17,2,4,4,3,TEST,QUIET,,2,2,0,4,4,4,NONE
dc5ee675-c294-48c4-8d3f-45a4f6fdc20c,Highly Motivated 3,60,8,morning,COMPLETED,2025-11-10 08:15:43.807315,2025-11-10 09:02:43.807315,60,47,1,3,84.33,3,4,4,1,WRITING,MUSIC,CLASSICAL,0,1,1,4,4,4,NONE
dc5ee675-c294-48c4-8d3f-45a4f6fdc20c,Highly Motivated 3,61,17,evening,COMPLETED,2025-11-10 17:13:43.807315,2025-11-10 17:46:43.807315,45,33,1,7,67.67,4,3,4,1,TEST,NOISY,,2,3,1,3,4,3,NONE
dc5ee675-c294-48c4-8d3f-45a4f6fdc20c,Highly Motivated 3,62,9,morning,COMPLETED,2025-11-10 09:29:43.807315,2025-11-10 11:19:43.807315,90,110,2,5,75.06,3,3,5,4,WRITING,MUSIC,AMBIENT,2,1,0,4,4,3,NONE
dc5ee675-c294-48c4-8d3f-45a4f6fdc20c,Highly Motivated 3,63,11,morning,COMPLETED,2025-11-11 11:16:43.807315,2025-11-11 12:42:43.807315,90,86,1,7,74.11,3,2,4,3,READING,QUIET,,0,2,1,3,4,3,NONE
dc5ee675-c294-48c4-8d3f-45a4f6fdc20c,Highly Motivated 3,64,6,morning,COMPLETED,2025-11-11 06:31:43.807315,2025-11-11 07:13:43.807315,60,42,1,4,74.5,3,3,5,4,READING,NOISY,,1,2,3,4,4,3,NONE
dc5ee675-c294-48c4-8d3f-45a4f6fdc20c,Highly Motivated 3,65,5,morning,COMPLETED,2025-11-12 05:24:43.807315,2025-11-12 06:29:43.807315,60,65,0,5,76.17,2,3,4,2,TEST,MUSIC,AMBIENT,1,2,1,3,4,3,NONE
dc5ee675-c294-48c4-8d3f-45a4f6fdc20c,Highly Motivated 3,67,18,evening,COMPLETED,2025-11-14 18:17:43.807315,2025-11-14 18:53:43.807315,45,36,0,9,70.5,4,2,5,1,WRITING,MUSIC,AMBIENT,3,2,1,3,4,3,NONE
dc5ee675-c294-48c4-8d3f-45a4f6fdc20c,Highly Motivated 3,68,8,morning,COMPLETED,2025-11-15 08:46:43.807315,2025-11-15 09:28:43.807315,45,42,1,0,84.83,3,4,5,2,READING,NOISY,,3,2,3,4,4,4,NONE
dc5ee675-c294-48c4-8d3f-45a4f6fdc20c,Highly Motivated 3,69,11,morning,COMPLETED,2025-11-16 11:38:43.807315,2025-11-16 13:05:43.807315,120,87,1,4,80.0,2,3,5,2,WRITING,NOISY,,1,4,1,4,4,4,NONE
dc5ee675-c294-48c4-8d3f-45a4f6fdc20c,Highly Motivated 3,71,15,afternoon,COMPLETED,2025-11-19 15:41:43.807315,2025-11-19 16:28:43.807315,45,47,0,5,74.28,5,2,4,3,WRITING,QUIET,,5,2,1,3,4,3,NONE
dc5ee675-c294-48c4-8d3f-45a4f6fdc20c,Highly Motivated 3,72,22,night,COMPLETED,2025-11-19 22:15:43.807315,2025-11-19 23:14:43.807315,60,59,1,2,77.17,5,4,3,1,READING,MUSIC,LOFI,0,3,0,3,4,3,NONE
dc5ee675-c294-48c4-8d3f-45a4f6fdc20c,Highly Motivated 3,74,9,morning,COMPLETED,2025-11-19 09:06:43.807315,2025-11-19 09:57:43.807315,60,51,0,7,74.5,5,4,5,4,TEST,QUIET,,5,5,2,4,4,3,FEW
dc5ee675-c294-48c4-8d3f-45a4f6fdc20c,Highly Motivated 3,75,12,afternoon,COMPLETED,2025-11-20 12:54:43.807315,2025-11-20 13:50:43.807315,60,56,1,5,69.67,1,3,3,4,TEST,NOISY,,0,3,0,3,4,2,NONE
dc5ee675-c294-48c4-8d3f-45a4f6fdc20c,Highly Motivated 3,76,12,afternoon,COMPLETED,2025-11-21 12:43:43.807315,2025-11-21 13:10:43.807315,25,27,2,7,63.9,2,3,3,5,WRITING,QUIET,,3,2,1,3,4,2,NONE
dc5ee675-c294-48c4-8d3f-45a4f6fdc20c,Highly Motivated 3,77,12,afternoon,COMPLETED,2025-11-22 12:46:43.807315,2025-11-22 14:19:43.807315,120,93,3,1,76.83,2,4,4,2,READING,QUIET,,4,3,0,4,4,4,NONE
dc5ee675-c294-48c4-8d3f-45a4f6fdc20c,Highly Motivated 3,79,8,morning,COMPLETED,2025-11-24 08:53:43.807315,2025-11-24 10:11:43.807315,60,78,1,7,79.33,3,4,5,1,TEST,MUSIC,AMBIENT,1,3,0,4,4,4,NONE
dc5ee675-c294-48c4-8d3f-45a4f6fdc20c,Highly Motivated 3,80,13,afternoon,COMPLETED,2025-11-25 13:14:43.807315,2025-11-25 14:24:43.807315,60,70,2,3,69.83,1,2,4,1,TEST,NOISY,,1,3,1,3,4,3,NONE
dc5ee675-c294-48c4-8d3f-45a4f6fdc20c,Highly Motivated 3,81,8,morning,COMPLETED,2025-11-26 08:41:43.807315,2025-11-26 09:26:43.807315,45,45,2,7,79.5,3,3,5,2,READING,MUSIC,LOFI,3,4,2,4,4,4,FEW
dc5ee675-c294-48c4-8d3f-45a4f6fdc20c,Highly Motivated 3,82,13,afternoon,COMPLETED,2025-11-26 13:22:43.807315,2025-11-26 13:48:43.807315,25,26,2,2,84.53,3,3,5,3,READING,MUSIC,LOFI,3,1,0,4,4,4,NONE
dc5ee675-c294-48c4-8d3f-45a4f6fdc20c,Highly Motivated 3,83,20,evening,COMPLETED,2025-11-27 20:42:43.807315,2025-11-27 22:19:43.807315,90,97,0,2,63.44,1,2,3,1,WRITING,NOISY,,3,4,2,2,4,2,FEW
dc5ee675-c294-48c4-8d3f-45a4f6fdc20c,Highly Motivated 3,84,8,morning,COMPLETED,2025-11-27 08:36:43.807315,2025-11-27 09:22:43.807315,45,46,0,3,90.06,3,3,5,1,OTHER,QUIET,,2,1,0,4,4,4,NONE
dc5ee675-c294-48c4-8d3f-45a4f6fdc20c,Highly Motivated 3,85,11,morning,COMPLETED,2025-11-28 11:40:43.807315,2025-11-28 12:47:43.807315,60,67,0,3,87.5,3,3,5,2,WRITING,MUSIC,LOFI,2,1,1,4,4,4,NONE
dc5ee675-c294-48c4-8d3f-45a4f6fdc20c,Highly Motivated 3,86,9,morning,COMPLETED,2025-11-29 09:36:43.807315,2025-11-29 10:13:43.807315,45,37,0,0,80.11,2,3,5,4,TEST,QUIET,,3,1,4,4,4,3,NONE
dc5ee675-c294-48c4-8d3f-45a4f6fdc20c,Highly Motivated 3,87,12,afternoon,COMPLETED,2025-11-30 12:58:43.807315,2025-11-30 13:49:43.807315,60,51,1,0,82.17,3,3,5,4,WRITING,NOISY,,1,1,0,4,4,3,NONE
dc5ee675-c294-48c4-8d3f-45a4f6fdc20c,Highly Motivated 3,89,7,morning,COMPLETED,2025-12-03 07:21:43.807315,2025-12-03 08:34:43.807315,90,73,1,5,94.89,4,5,5,2,TEST,QUIET,,2,0,0,5,4,5,NONE
dc5ee675-c294-48c4-8d3f-45a4f6fdc20c,Highly Motivated 3,90,11,morning,COMPLETED,2025-12-04 11:40:43.807315,2025-12-04 12:52:43.807315,60,72,0,2,87.0,1,4,5,2,READING,QUIET,,1,2,0,4,4,4,NONE
dc5ee675-c294-48c4-8d3f-45a4f6fdc20c,Highly Motivated 3,91,6,morning,COMPLETED,2025-12-04 06:11:43.807315,2025-12-04 06:35:43.807315,25,24,1,3,75.53,2,3,5,5,READING,MUSIC,CLASSICAL,6,5,2,4,4,3,FEW
dc5ee675-c294-48c4-8d3f-45a4f6fdc20c,Highly Motivated 3,92,16,afternoon,COMPLETED,2025-12-04 16:18:43.807315,2025-12-04 16:54:43.807315,25,36,1,5,65.87,5,2,5,1,WRITING,NOISY,,1,4,0,3,4,3,NONE
dc5ee675-c294-48c4-8d3f-45a4f6fdc20c,Highly Motivated 3,93,14,afternoon,COMPLETED,2025-12-04 14:22:43.807315,2025-12-04 14:47:43.807315,25,25,0,1,89.5,4,4,5,3,WRITING,MUSIC,OTHER,3,2,1,4,4,4,NONE
dc5ee675-c294-48c4-8d3f-45a4f6fdc20c,Highly Motivated 3,94,13,afternoon,COMPLETED,2025-12-05 13:22:43.807315,2025-12-05 14:31:43.807315,60,69,0,6,82.67,2,4,4,2,WRITING,NOISY,,1,6,1,4,4,4,NONE
dc5ee675-c294-48c4-8d3f-45a4f6fdc20c,Highly Motivated 3,98,6,morning,COMPLETED,2025-12-09 06:01:43.807315,2025-12-09 07:26:43.807315,90,85,1,4,81.06,3,3,5,1,READING,QUIET,,3,8,0,4,4,4,FEW
61ab2ad4-6d76-4478-a289-5a92d705fbc3,Easily Distracted 1,1,7,morning,COMPLETED,2025-10-07 07:00:43.813848,2025-10-07 08:07:43.813848,45,67,5,17,19.72,2,4,2,1,WRITING,MUSIC,LOFI,6,11,4,2,2,2,FEW
61ab2ad4-6d76-4478-a289-5a92d705fbc3,Easily Distracted 1,3,14,afternoon,COMPLETED,2025-10-08 14:17:43.813848,2025-10-08 14:57:43.813848,45,40,4,17,27.94,3,3,3,1,TEST,QUIET,,8,10,2,2,2,2,FEW
61ab2ad4-6d76-4478-a289-5a92d705fbc3,Easily Distracted 1,4,11,morning,COMPLETED,2025-10-08 11:21:43.813848,2025-10-08 12:41:43.813848,60,80,1,16,29.5,1,3,3,1,TEST,MUSIC,LOFI,8,6,9,2,2,2,FEW
61ab2ad4-6d76-4478-a289-5a92d705fbc3,Easily Distracted 1,6,19,evening,COMPLETED,2025-10-09 19:24:43.813848,2025-10-09 20:11:43.813848,60,47,1,20,31.83,2,3,2,2,TEST,MUSIC,CLASSICAL,5,9,6,2,2,2,FEW
61ab2ad4-6d76-4478-a289-5a92d705fbc3,Easily Distracted 1,9,8,morning,COMPLETED,2025-10-12 08:22:43.813848,2025-10-12 09:43:43.813848,90,81,5,14,22.33,4,4,2,2,TEST,MUSIC,LOFI,10,16,5,2,2,2,MANY
61ab2ad4-6d76-4478-a289-5a92d705fbc3,Easily Distracted 1,10,8,morning,COMPLETED,2025-10-13 08:57:43.813848,2025-10-13 09:37:43.813848,45,40,5,20,37.78,3,3,4,2,WRITING,QUIET,,9,12,6,3,3,3,MANY
61ab2ad4-6d76-4478-a289-5a92d705fbc3,Easily Distracted 1,11,16,afternoon,COMPLETED,2025-10-14 16:08:43.813848,2025-10-14 16:42:43.813848,60,34,8,10,14.67,2,2,3,4,READING,NOISY,,10,9,9,2,2,1,MANY
61ab2ad4-6d76-4478-a289-5a92d705fbc3,Easily Distracted 1,13,17,evening,COMPLETED,2025-10-15 17:36:43.813848,2025-10-15 18:18:43.813848,45,42,3,18,11.83,3,1,1,3,READING,QUIET,,12,13,7,1,2,1,MANY
61ab2ad4-6d76-4478-a289-5a92d705fbc3,Easily Distracted 1,17,9,morning,COMPLETED,2025-10-18 09:20:43.813848,2025-10-18 10:41:43.813848,60,81,5,19,15.17,3,3,3,4,READING,MUSIC,LOFI,4,16,3,2,2,1,FEW
61ab2ad4-6d76-4478-a289-5a92d705fbc3,Easily Distracted 1,18,12,afternoon,COMPLETED,2025-10-19 12:51:43.813848,2025-10-19 13:21:43.813848,60,30,7,24,16.0,2,3,2,3,READING,MUSIC,AMBIENT,9,12,0,2,2,2,FEW
61ab2ad4-6d76-4478-a289-5a92d705fbc3,Easily Distracted 1,19,12,afternoon,COMPLETED,2025-10-19 12:21:43.813848,2025-10-19 12:52:43.813848,25,31,1,12,26.37,3,3,2,4,OTHER,MUSIC,LOFI,6,16,4,2,2,1,MANY
61ab2ad4-6d76-4478-a289-5a92d705fbc3,Easily Distracted 1,21,5,morning,COMPLETED,2025-10-21 05:00:43.813848,2025-10-21 06:30:43.813848,60,90,6,8,39.67,4,5,2,3,WRITING,QUIET,,2,8,4,3,2,3,FEW
61ab2ad4-6d76-4478-a289-5a92d705fbc3,Easily Distracted 1,22,15,afternoon,COMPLETED,2025-10-22 15:14:43.813848,2025-10-22 16:38:43.813848,90,84,2,15,19.17,3,2,2,3,TEST,QUIET,,9,14,4,1,2,1,MANY
61ab2ad4-6d76-4478-a289-5a92d705fbc3,Easily Distracted 1,24,10,morning,COMPLETED,2025-10-23 10:35:43.813848,2025-10-23 12:23:43.813848,90,108,6,9,29.5,4,4,2,2,WRITING,QUIET,,7,9,5,2,2,2,FEW
61ab2ad4-6d76-4478-a289-5a92d705fbc3,Easily Distracted 1,26,15,afternoon,COMPLETED,2025-10-24 15:55:43.813848,2025-10-24 17:02:43.813848,45,67,3,15,10.22,4,3,1,2,WRITING,MUSIC,AMBIENT,5,19,0,1,2,1,MANY
61ab2ad4-6d76-4478-a289-5a92d705fbc3,Easily Distracted 1,30,9,morning,COMPLETED,2025-10-28 09:24:43.813848,2025-10-28 11:39:43.813848,90,135,5,6,39.33,1,4,3,2,TEST,QUIET,,8,5,3,3,2,3,FEW
61ab2ad4-6d76-4478-a289-5a92d705fbc3,Easily Distracted 1,33,17,evening,COMPLETED,2025-10-31 17:10:43.813848,2025-10-31 17:35:43.813848,45,25,4,15,7.94,3,2,1,3,READING,MUSIC,CLASSICAL,5,17,3,1,2,1,MANY
61ab2ad4-6d76-4478-a289-5a92d705fbc3,Easily Distracted 1,34,16,afternoon,COMPLETED,2025-10-31 16:33:43.813848,2025-10-31 17:38:43.813848,45,65,4,17,21.28,3,3,2,1,TEST,MUSIC,CLASSICAL,5,12,3,2,2,2,FEW
61ab2ad4-6d76-4478-a289-5a92d705fbc3,Easily Distracted 1,35,23,night,COMPLETED,2025-10-31 23:56:43.813848,2025-11-01 00:18:43.813848,45,22,8,16,21.33,3,3,2,3,TEST,QUIET,,6,10,3,2,2,2,FEW
61ab2ad4-6d76-4478-a289-5a92d705fbc3,Easily Distracted 1,36,9,morning,COMPLETED,2025-10-31 09:41:43.813848,2025-10-31 10:14:43.813848,45,33,2,19,32.5,2,4,4,3,READING,MUSIC,LOFI,13,12,6,3,2,3,MANY
61ab2ad4-6d76-4478-a289-5a92d705fbc3,Easily Distracted 1,39,15,afternoon,COMPLETED,2025-11-02 15:02:43.813848,2025-11-02 16:38:43.813848,120,96,3,19,24.33,1,4,2,2,WRITING,QUIET,,9,9,7,2,2,2,MANY
61ab2ad4-6d76-4478-a289-5a92d705fbc3,Easily Distracted 1,44,11,morning,COMPLETED,2025-11-03 11:08:43.813848,2025-11-03 11:30:43.813848,45,22,3,22,12.17,1,4,2,2,TEST,QUIET,,13,15,4,2,2,2,MANY
61ab2ad4-6d76-4478-a289-5a92d705fbc3,Easily Distracted 1,45,11,morning,COMPLETED,2025-11-03 11:36:43.813848,2025-11-03 11:48:43.813848,25,12,4,11,49.5,4,3,5,3,TEST,QUIET,,9,10,2,4,3,4,FEW
61ab2ad4-6d76-4478-a289-5a92d705fbc3,Easily Distracted 1,46,18,evening,COMPLETED,2025-11-03 18:25:43.813848,2025-11-03 19:06:43.813848,45,41,0,16,29.56,4,2,3,2,WRITING,NOISY,,10,11,13,2,2,2,MANY
61ab2ad4-6d76-4478-a289-5a92d705fbc3,Easily Distracted 1,47,15,afternoon,COMPLETED,2025-11-03 15:25:43.813848,2025-11-03 16:01:43.813848,60,36,7,9,8.5,3,3,1,4,TEST,QUIET,,8,17,5,1,2,1,MANY
61ab2ad4-6d76-4478-a289-5a92d705fbc3,Easily Distracted 1,49,10,morning,COMPLETED,2025-11-06 10:23:43.813848,2025-11-06 11:26:43.813848,60,63,0,17,28.17,3,3,2,4,READING,MUSIC,OTHER,10,14,5,2,2,1,MANY
61ab2ad4-6d76-4478-a289-5a92d705fbc3,Easily Distracted 1,50,20,evening,COMPLETED,2025-11-07 20:18:43.813848,2025-11-07 20:44:43.813848,25,26,3,15,32.87,2,3,2,3,OTHER,NOISY,,8,7,5,2,2,2,FEW
61ab2ad4-6d76-4478-a289-5a92d705fbc3,Easily Distracted 1,52,10,morning,COMPLETED,2025-11-07 10:28:43.813848,2025-11-07 10:44:43.813848,25,16,5,17,30.63,4,4,3,3,TEST,NOISY,,6,13,6,3,2,3,MANY
61ab2ad4-6d76-4478-a289-5a92d705fbc3,Easily Distracted 1,53,11,morning,COMPLETED,2025-11-07 11:37:43.813848,2025-11-07 12:20:43.813848,60,43,5,24,17.0,2,4,3,4,WRITING,QUIET,,12,16,7,3,2,2,MANY
61ab2ad4-6d76-4478-a289-5a92d705fbc3,Easily Distracted 1,55,5,morning,COMPLETED,2025-11-08 05:16:43.813848,2025-11-08 05:46:43.813848,60,30,0,19,31.83,3,3,3,2,TEST,MUSIC,AMBIENT,4,8,4,2,2,2,FEW
61ab2ad4-6d76-4478-a289-5a92d705fbc3,Easily Distracted 1,56,16,afternoon,COMPLETED,2025-11-09 16:15:43.813848,2025-11-09 17:06:43.813848,60,51,4,14,21.33,3,3,3,2,TEST,NOISY,,15,9,7,2,2,2,MANY
61ab2ad4-6d76-4478-a289-5a92d705fbc3,Easily Distracted 1,57,18,evening,COMPLETED,2025-11-09 18:43:43.813848,2025-11-09 18:56:43.813848,25,13,3,15,22.73,2,3,2,3,WRITING,QUIET,,8,10,4,2,2,2,FEW
61ab2ad4-6d76-4478-a289-5a92d705fbc3,Easily Distracted 1,58,11,morning,COMPLETED,2025-11-10 11:47:43.813848,2025-11-10 12:32:43.813848,90,45,6,23,35.17,2,3,4,3,TEST,QUIET,,7,6,4,3,3,3,FEW
61ab2ad4-6d76-4478-a289-5a92d705fbc3,Easily Distracted 1,60,19,evening,COMPLETED,2025-11-10 19:44:43.813848,2025-11-10 21:47:43.813848,90,123,4,4,7.67,3,2,2,2,TEST,QUIET,,12,19,5,1,2,1,MANY
61ab2ad4-6d76-4478-a289-5a92d705fbc3,Easily Distracted 1,61,11,morning,COMPLETED,2025-11-11 11:49:43.813848,2025-11-11 13:34:43.813848,90,105,2,9,58.17,2,4,4,1,TEST,MUSIC,OTHER,10,11,6,4,3,4,MANY
61ab2ad4-6d76-4478-a289-5a92d705fbc3,Easily Distracted 1,62,14,afternoon,COMPLETED,2025-11-12 14:23:43.813848,2025-11-12 14:56:43.813848,25,33,6,12,20.27,1,4,2,3,READING,QUIET,,9,13,7,2,2,2,MANY
61ab2ad4-6d76-4478-a289-5a92d705fbc3,Easily Distracted 1,63,6,morning,COMPLETED,2025-11-13 06:58:43.813848,2025-11-13 07:28:43.813848,45,30,4,11,38.83,3,3,5,3,WRITING,QUIET,,20,13,9,4,3,4,MANY
61ab2ad4-6d76-4478-a289-5a92d705fbc3,Easily Distracted 1,65,13,afternoon,COMPLETED,2025-11-14 13:33:43.813848,2025-11-14 14:16:43.813848,45,43,5,14,30.78,3,4,2,2,TEST,MUSIC,LOFI,8,7,5,2,2,2,FEW
61ab2ad4-6d76-4478-a289-5a92d705fbc3,Easily Distracted 1,66,7,morning,COMPLETED,2025-11-14 07:50:43.813848,2025-11-14 08:13:43.813848,45,23,5,15,26.39,3,4,3,2,READING,MUSIC,OTHER,14,11,4,3,2,3,MANY
61ab2ad4-6d76-4478-a289-5a92d705fbc3,Easily Distracted 1,67,11,morning,COMPLETED,2025-11-14 11:58:43.813848,2025-11-14 13:05:43.813848,45,67,4,11,33.06,2,5,2,2,WRITING,QUIET,,8,8,6,3,2,3,FEW
61ab2ad4-6d76-4478-a289-5a92d705fbc3,Easily Distracted 1,69,20,evening,COMPLETED,2025-11-14 20:02:43.813848,2025-11-14 20:55:43.813848,90,53,3,23,20.11,3,3,3,3,WRITING,QUIET,,8,10,4,2,2,2,FEW
61ab2ad4-6d76-4478-a289-5a92d705fbc3,Easily Distracted 1,71,10,morning,COMPLETED,2025-11-15 10:07:43.813848,2025-11-15 11:42:43.813848,120,95,3,11,19.83,1,3,3,4,TEST,QUIET,,11,13,6,2,2,1,MANY
61ab2ad4-6d76-4478-a289-5a92d705fbc3,Easily Distracted 1,73,5,morning,COMPLETED,2025-11-15 05:37:43.813848,2025-11-15 06:35:43.813848,45,58,6,10,34.22,2,5,3,3,OTHER,NOISY,,5,17,5,3,2,3,MANY
61ab2ad4-6d76-4478-a289-5a92d705fbc3,Easily Distracted 1,74,11,morning,COMPLETED,2025-11-15 11:10:43.813848,2025-11-15 12:10:43.813848,60,60,2,20,32.33,4,4,2,1,WRITING,MUSIC,OTHER,7,12,3,2,2,2,FEW
61ab2ad4-6d76-4478-a289-5a92d705fbc3,Easily Distracted 1,76,7,morning,COMPLETED,2025-11-16 07:23:43.813848,2025-11-16 08:18:43.813848,45,55,3,23,24.56,5,4,2,3,TEST,QUIET,,4,10,7,2,2,2,FEW
61ab2ad4-6d76-4478-a289-5a92d705fbc3,Easily Distracted 1,78,10,morning,COMPLETED,2025-11-18 10:21:43.813848,2025-11-18 10:50:43.813848,25,29,6,11,25.3,3,4,2,2,WRITING,QUIET,,9,15,3,2,2,2,MANY
61ab2ad4-6d76-4478-a289-5a92d705fbc3,Easily Distracted 1,79,9,morning,COMPLETED,2025-11-19 09:34:43.813848,2025-11-19 11:49:43.813848,90,135,7,15,46.83,2,4,4,3,TEST,QUIET,,10,9,3,4,3,4,FEW
61ab2ad4-6d76-4478-a289-5a92d705fbc3,Easily Distracted 1,80,20,evening,COMPLETED,2025-11-19 20:35:43.813848,2025-11-19 21:05:43.813848,60,30,4,5,17.83,4,2,2,2,TEST,QUIET,,9,6,1,1,2,1,FEW
61ab2ad4-6d76-4478-a289-5a92d705fbc3,Easily Distracted 1,81,10,morning,COMPLETED,2025-11-19 10:44:43.813848,2025-11-19 12:14:43.813848,60,90,4,19,18.5,3,4,1,2,WRITING,QUIET,,6,13,2,2,2,2,FEW
61ab2ad4-6d76-4478-a289-5a92d705fbc3,Easily Distracted 1,85,16,afternoon,COMPLETED,2025-11-21 16:30:43.813848,2025-11-21 17:25:43.813848,45,55,4,4,21.22,3,3,2,4,OTHER,QUIET,,7,15,7,2,2,1,MANY
61ab2ad4-6d76-4478-a289-5a92d705fbc3,Easily Distracted 1,86,13,afternoon,COMPLETED,2025-11-22 13:34:43.813848,2025-11-22 14:35:43.813848,60,61,4,18,15.0,4,1,3,3,READING,QUIET,,7,15,3,1,2,1,MANY
61ab2ad4-6d76-4478-a289-5a92d705fbc3,Easily Distracted 1,87,17,evening,COMPLETED,2025-11-23 17:40:43.813848,2025-11-23 19:10:43.813848,60,90,2,18,17.67,3,3,3,4,READING,QUIET,,11,11,1,2,2,1,FEW
61ab2ad4-6d76-4478-a289-5a92d705fbc3,Easily Distracted 1,90,13,afternoon,COMPLETED,2025-11-27 13:20:43.813848,2025-11-27 14:44:43.813848,90,84,3,19,25.0,2,3,2,2,WRITING,QUIET,,12,11,5,2,2,2,MANY
61ab2ad4-6d76-4478-a289-5a92d705fbc3,Easily Distracted 1,93,14,afternoon,COMPLETED,2025-12-02 14:37:43.813848,2025-12-02 15:15:43.813848,45,38,6,18,23.22,2,4,2,1,TEST,MUSIC,OTHER,4,14,7,2,2,2,MANY
61ab2ad4-6d76-4478-a289-5a92d705fbc3,Easily Distracted 1,94,10,morning,COMPLETED,2025-12-02 10:06:43.813848,2025-12-02 11:07:43.813848,60,61,9,17,39.5,3,4,3,3,READING,QUIET,,6,13,3,3,2,3,FEW
61ab2ad4-6d76-4478-a289-5a92d705fbc3,Easily Distracted 1,95,12,afternoon,COMPLETED,2025-12-02 12:21:43.813848,2025-12-02 13:04:43.813848,45,43,4,10,19.11,4,2,2,3,READING,QUIET,,9,9,6,1,2,1,MANY
61ab2ad4-6d76-4478-a289-5a92d705fbc3,Easily Distracted 1,96,17,evening,COMPLETED,2025-12-03 17:50:43.813848,2025-12-03 18:55:43.813848,45,65,5,12,14.78,1,3,3,4,WRITING,MUSIC,LOFI,7,14,5,2,2,1,MANY
61ab2ad4-6d76-4478-a289-5a92d705fbc3,Easily Distracted 1,97,20,evening,COMPLETED,2025-12-04 20:06:43.813848,2025-12-04 20:46:43.813848,60,40,6,12,9.67,2,1,3,1,READING,QUIET,,12,5,11,1,2,1,MANY
61ab2ad4-6d76-4478-a289-5a92d705fbc3,Easily Distracted 1,99,17,evening,COMPLETED,2025-12-04 17:02:43.813848,2025-12-04 17:39:43.813848,45,37,4,19,20.28,3,2,3,2,READING,QUIET,,8,17,3,2,2,2,MANY
61ab2ad4-6d76-4478-a289-5a92d705fbc3,Easily Distracted 1,100,7,morning,COMPLETED,2025-12-04 07:35:43.813848,2025-12-04 09:32:43.813848,90,117,4,16,25.67,3,4,3,2,TEST,MUSIC,AMBIENT,15,12,8,3,2,3,MANY
2d4fee90-d42b-46d8-93eb-5507df0d4748,Easily Distracted 2,1,11,morning,COMPLETED,2025-10-07 11:41:43.820935,2025-10-07 13:33:43.820935,120,112,3,24,20.83,2,3,2,1,TEST,NOISY,,12,9,2,2,1,2,FEW
2d4fee90-d42b-46d8-93eb-5507df0d4748,Easily Distracted 2,2,16,afternoon,COMPLETED,2025-10-07 16:57:43.820935,2025-10-07 18:10:43.820935,60,73,7,14,28.67,4,2,3,3,OTHER,NOISY,,2,11,5,2,2,2,FEW
2d4fee90-d42b-46d8-93eb-5507df0d4748,Easily Distracted 2,3,10,morning,COMPLETED,2025-10-07 10:41:43.820935,2025-10-07 11:18:43.820935,25,37,0,8,30.73,3,3,3,4,READING,QUIET,,6,9,4,2,2,1,FEW
2d4fee90-d42b-46d8-93eb-5507df0d4748,Easily Distracted 2,5,9,morning,COMPLETED,2025-10-07 09:43:43.820935,2025-10-07 09:55:43.820935,25,12,4,23,30.83,3,3,4,1,WRITING,QUIET,,4,9,3,3,2,3,FEW
2d4fee90-d42b-46d8-93eb-5507df0d4748,Easily Distracted 2,9,20,evening,COMPLETED,2025-10-11 20:20:43.820935,2025-10-11 22:04:43.820935,90,104,5,11,10.72,4,3,1,4,WRITING,QUIET,,13,10,2,1,1,1,MANY
2d4fee90-d42b-46d8-93eb-5507df0d4748,Easily Distracted 2,10,18,evening,COMPLETED,2025-10-12 18:49:43.820935,2025-10-12 20:49:43.820935,120,120,1,12,21.5,1,2,2,3,READING,MUSIC,LOFI,9,8,7,1,1,1,MANY
2d4fee90-d42b-46d8-93eb-5507df0d4748,Easily Distracted 2,11,10,morning,COMPLETED,2025-10-13 10:56:43.820935,2025-10-13 11:44:43.820935,60,48,2,7,45.17,4,4,3,2,WRITING,QUIET,,6,10,7,3,2,3,FEW
2d4fee90-d42b-46d8-93eb-5507df0d4748,Easily Distracted 2,12,8,morning,COMPLETED,2025-10-13 08:01:43.820935,2025-10-13 08:59:43.820935,60,58,5,9,27.83,3,2,3,4,WRITING,QUIET,,10,8,3,2,2,1,FEW
2d4fee90-d42b-46d8-93eb-5507df0d4748,Easily Distracted 2,15,18,evening,COMPLETED,2025-10-17 18:20:43.820935,2025-10-17 18:49:43.820935,25,29,3,11,18.47,2,2,3,5,WRITING,QUIET,,7,11,8,2,1,1,MANY
2d4fee90-d42b-46d8-93eb-5507df0d4748,Easily Distracted 2,16,16,afternoon,COMPLETED,2025-10-18 16:58:43.820935,2025-10-18 17:36:43.820935,60,38,3,15,14.0,3,4,2,3,TEST,QUIET,,11,15,5,2,1,2,MANY
2d4fee90-d42b-46d8-93eb-5507df0d4748,Easily Distracted 2,18,8,morning,COMPLETED,2025-10-19 08:45:43.820935,2025-10-19 11:19:43.820935,120,154,2,19,31.17,3,3,5,4,WRITING,QUIET,,11,7,7,3,2,2,MANY
2d4fee90-d42b-46d8-93eb-5507df0d4748,Easily Distracted 2,21,12,afternoon,COMPLETED,2025-10-21 12:20:43.820935,2025-10-21 12:49:43.820935,25,29,2,17,31.63,2,4,2,2,TEST,QUIET,,7,4,2,2,1,2,FEW
2d4fee90-d42b-46d8-93eb-5507df0d4748,Easily Distracted 2,23,10,morning,COMPLETED,2025-10-23 10:54:43.820935,2025-10-23 12:02:43.820935,60,68,1,20,49.17,3,5,4,5,TEST,QUIET,,5,13,4,4,2,3,FEW
2d4fee90-d42b-46d8-93eb-5507df0d4748,Easily Distracted 2,24,10,morning,COMPLETED,2025-10-23 10:32:43.820935,2025-10-23 12:47:43.820935,90,135,3,9,43.0,1,4,4,1,OTHER,NOISY,,2,7,3,3,2,3,FEW
2d4fee90-d42b-46d8-93eb-5507df0d4748,Easily Distracted 2,25,17,evening,COMPLETED,2025-10-24 17:38:43.820935,2025-10-24 18:15:43.820935,45,37,7,16,7.11,2,1,3,2,READING,QUIET,,13,9,4,1,1,1,MANY
2d4fee90-d42b-46d8-93eb-5507df0d4748,Easily Distracted 2,27,17,evening,COMPLETED,2025-10-26 17:02:43.820935,2025-10-26 17:53:43.820935,45,51,7,11,10.5,3,2,2,2,READING,QUIET,,13,8,5,1,1,1,MANY
2d4fee90-d42b-46d8-93eb-5507df0d4748,Easily Distracted 2,29,13,afternoon,COMPLETED,2025-10-29 13:39:43.820935,2025-10-29 14:46:43.820935,45,67,3,10,7.06,2,2,1,3,OTHER,QUIET,,6,15,4,1,1,1,MANY
2d4fee90-d42b-46d8-93eb-5507df0d4748,Easily Distracted 2,30,13,afternoon,COMPLETED,2025-10-29 13:04:43.820935,2025-10-29 14:04:43.820935,60,60,3,20,30.17,5,2,3,4,TEST,MUSIC,CLASSICAL,3,7,4,2,2,1,FEW
2d4fee90-d42b-46d8-93eb-5507df0d4748,Easily Distracted 2,31,8,morning,COMPLETED,2025-10-29 08:38:43.820935,2025-10-29 09:37:43.820935,45,59,6,16,16.78,3,4,2,3,TEST,NOISY,,8,11,5,2,1,2,MANY
2d4fee90-d42b-46d8-93eb-5507df0d4748,Easily Distracted 2,33,13,afternoon,COMPLETED,2025-10-31 13:54:43.820935,2025-10-31 14:31:43.820935,25,37,2,18,8.4,3,2,1,3,WRITING,MUSIC,OTHER,6,11,4,1,1,1,FEW
2d4fee90-d42b-46d8-93eb-5507df0d4748,Easily Distracted 2,35,10,morning,COMPLETED,2025-11-01 10:02:43.820935,2025-11-01 12:37:43.820935,120,155,5,16,44.5,3,4,5,4,TEST,QUIET,,10,4,2,4,2,3,FEW
2d4fee90-d42b-46d8-93eb-5507df0d4748,Easily Distracted 2,38,8,morning,COMPLETED,2025-11-02 08:49:43.820935,2025-11-02 10:00:43.820935,60,71,3,24,28.17,3,4,3,2,TEST,QUIET,,4,14,7,3,1,3,MANY
2d4fee90-d42b-46d8-93eb-5507df0d4748,Easily Distracted 2,39,7,morning,COMPLETED,2025-11-03 07:39:43.820935,2025-11-03 07:51:43.820935,25,12,5,21,42.83,1,5,4,2,WRITING,QUIET,,4,6,6,4,2,4,FEW
2d4fee90-d42b-46d8-93eb-5507df0d4748,Easily Distracted 2,40,11,morning,COMPLETED,2025-11-04 11:37:43.820935,2025-11-04 13:45:43.820935,90,128,3,20,30.39,2,4,4,1,TEST,QUIET,,8,14,3,3,2,3,MANY
2d4fee90-d42b-46d8-93eb-5507df0d4748,Easily Distracted 2,42,19,evening,COMPLETED,2025-11-04 19:12:43.820935,2025-11-04 21:19:43.820935,90,127,6,12,13.44,3,4,1,2,READING,NOISY,,7,17,5,2,1,2,MANY
2d4fee90-d42b-46d8-93eb-5507df0d4748,Easily Distracted 2,45,9,morning,COMPLETED,2025-11-06 09:54:43.820935,2025-11-06 10:25:43.820935,45,31,3,13,33.44,3,3,4,2,TEST,NOISY,,5,16,8,3,2,3,MANY
2d4fee90-d42b-46d8-93eb-5507df0d4748,Easily Distracted 2,46,8,morning,COMPLETED,2025-11-06 08:57:43.820935,2025-11-06 10:35:43.820935,90,98,6,18,29.22,2,3,3,3,TEST,QUIET,,7,9,2,2,2,2,FEW
2d4fee90-d42b-46d8-93eb-5507df0d4748,Easily Distracted 2,50,16,afternoon,COMPLETED,2025-11-09 16:35:43.820935,2025-11-09 18:05:43.820935,90,90,0,19,31.5,3,3,2,2,TEST,QUIET,,8,6,10,2,1,2,MANY
2d4fee90-d42b-46d8-93eb-5507df0d4748,Easily Distracted 2,52,19,evening,COMPLETED,2025-11-11 19:25:43.820935,2025-11-11 20:00:43.820935,25,35,2,10,24.33,4,3,3,4,TEST,MUSIC,LOFI,3,10,9,2,2,1,FEW
2d4fee90-d42b-46d8-93eb-5507df0d4748,Easily Distracted 2,53,10,morning,COMPLETED,2025-11-12 10:35:43.820935,2025-11-12 10:47:43.820935,25,12,3,16,21.5,1,4,2,3,TEST,MUSIC,LOFI,3,7,5,2,1,2,FEW
2d4fee90-d42b-46d8-93eb-5507df0d4748,Easily Distracted 2,54,20,evening,COMPLETED,2025-11-12 20:42:43.820935,2025-11-12 21:42:43.820935,120,60,6,11,1.83,3,2,2,2,READING,MUSIC,LOFI,13,10,5,1,1,1,MANY
2d4fee90-d42b-46d8-93eb-5507df0d4748,Easily Distracted 2,55,5,morning,COMPLETED,2025-11-12 05:15:43.820935,2025-11-12 06:22:43.820935,60,67,1,12,35.5,2,4,2,1,READING,QUIET,,6,8,2,2,1,2,FEW
2d4fee90-d42b-46d8-93eb-5507df0d4748,Easily Distracted 2,56,5,morning,COMPLETED,2025-11-12 05:26:43.820935,2025-11-12 06:40:43.820935,120,74,3,8,39.83,3,4,3,1,TEST,QUIET,,5,12,4,3,2,3,FEW
2d4fee90-d42b-46d8-93eb-5507df0d4748,Easily Distracted 2,57,16,afternoon,COMPLETED,2025-11-12 16:05:43.820935,2025-11-12 16:27:43.820935,45,22,1,11,15.67,2,3,2,1,READING,QUIET,,13,11,11,2,1,2,MANY
2d4fee90-d42b-46d8-93eb-5507df0d4748,Easily Distracted 2,64,9,morning,COMPLETED,2025-11-16 09:13:43.820935,2025-11-16 09:59:43.820935,45,46,4,13,40.72,2,3,4,2,READING,QUIET,,5,14,4,3,2,3,FEW
2d4fee90-d42b-46d8-93eb-5507df0d4748,Easily Distracted 2,66,6,morning,COMPLETED,2025-11-19 06:10:43.820935,2025-11-19 07:17:43.820935,45,67,2,15,29.72,2,4,3,2,WRITING,QUIET,,7,14,3,3,1,3,MANY
2d4fee90-d42b-46d8-93eb-5507df0d4748,Easily Distracted 2,68,12,afternoon,COMPLETED,2025-11-21 12:23:43.820935,2025-11-21 12:47:43.820935,45,24,0,9,29.83,3,4,2,1,TEST,QUIET,,10,9,1,2,1,2,FEW
2d4fee90-d42b-46d8-93eb-5507df0d4748,Easily Distracted 2,69,7,morning,COMPLETED,2025-11-21 07:24:43.820935,2025-11-21 07:45:43.820935,25,21,5,11,20.3,3,3,3,2,TEST,MUSIC,CLASSICAL,9,11,7,2,1,2,MANY
2d4fee90-d42b-46d8-93eb-5507df0d4748,Easily Distracted 2,70,14,afternoon,COMPLETED,2025-11-21 14:46:43.820935,2025-11-21 15:53:43.820935,45,67,10,17,25.72,2,4,4,4,TEST,MUSIC,OTHER,6,9,6,3,2,2,FEW
2d4fee90-d42b-46d8-93eb-5507df0d4748,Easily Distracted 2,73,12,afternoon,COMPLETED,2025-11-24 12:39:43.820935,2025-11-24 13:39:43.820935,120,60,4,6,12.67,3,3,3,3,READING,QUIET,,8,19,5,2,1,2,MANY
2d4fee90-d42b-46d8-93eb-5507df0d4748,Easily Distracted 2,74,5,morning,COMPLETED,2025-11-24 05:27:43.820935,2025-11-24 06:34:43.820935,45,67,3,11,37.56,2,5,3,2,TEST,QUIET,,6,10,3,3,2,3,FEW
2d4fee90-d42b-46d8-93eb-5507df0d4748,Easily Distracted 2,76,17,evening,COMPLETED,2025-11-26 17:03:43.820935,2025-11-26 17:28:43.820935,25,25,7,15,18.83,2,2,3,2,TEST,QUIET,,12,13,6,2,1,2,MANY
2d4fee90-d42b-46d8-93eb-5507df0d4748,Easily Distracted 2,77,12,afternoon,COMPLETED,2025-11-27 12:06:43.820935,2025-11-27 12:28:43.820935,45,22,6,13,2.17,3,2,2,2,TEST,MUSIC,OTHER,10,10,6,1,1,1,MANY
2d4fee90-d42b-46d8-93eb-5507df0d4748,Easily Distracted 2,78,12,afternoon,COMPLETED,2025-11-27 12:59:43.820935,2025-11-27 14:02:43.820935,60,63,4,17,34.17,2,4,4,2,OTHER,QUIET,,11,15,3,3,2,3,MANY
2d4fee90-d42b-46d8-93eb-5507df0d4748,Easily Distracted 2,79,12,afternoon,COMPLETED,2025-11-28 12:39:43.820935,2025-11-28 13:30:43.820935,45,51,2,13,32.17,3,4,2,2,TEST,MUSIC,LOFI,5,7,4,2,1,2,FEW
2d4fee90-d42b-46d8-93eb-5507df0d4748,Easily Distracted 2,83,5,morning,COMPLETED,2025-12-03 05:36:43.820935,2025-12-03 06:22:43.820935,60,46,6,14,34.33,2,5,2,3,OTHER,MUSIC,AMBIENT,4,11,3,3,1,3,FEW
2d4fee90-d42b-46d8-93eb-5507df0d4748,Easily Distracted 2,84,6,morning,COMPLETED,2025-12-04 06:21:43.820935,2025-12-04 06:52:43.820935,25,31,7,14,33.87,4,4,4,1,WRITING,MUSIC,LOFI,8,14,4,3,2,3,MANY
2d4fee90-d42b-46d8-93eb-5507df0d4748,Easily Distracted 2,85,14,afternoon,COMPLETED,2025-12-05 14:29:43.820935,2025-12-05 15:15:43.820935,60,46,1,18,15.17,1,2,1,1,WRITING,MUSIC,AMBIENT,10,10,2,1,1,1,FEW
2d4fee90-d42b-46d8-93eb-5507df0d4748,Easily Distracted 2,89,16,afternoon,COMPLETED,2025-12-08 16:25:43.820935,2025-12-08 17:02:43.820935,25,37,4,12,33.4,3,4,3,1,WRITING,MUSIC,CLASSICAL,5,13,3,3,2,3,FEW
2d4fee90-d42b-46d8-93eb-5507df0d4748,Easily Distracted 2,90,19,evening,COMPLETED,2025-12-08 19:02:43.820935,2025-12-08 19:44:43.820935,45,42,4,14,5.0,3,2,2,3,READING,QUIET,,12,17,5,1,1,1,MANY
2d4fee90-d42b-46d8-93eb-5507df0d4748,Easily Distracted 2,91,13,afternoon,COMPLETED,2025-12-08 13:30:43.820935,2025-12-08 15:31:43.820935,120,121,4,11,13.67,3,3,1,3,TEST,QUIET,,9,14,2,1,1,1,MANY
2d4fee90-d42b-46d8-93eb-5507df0d4748,Easily Distracted 2,92,13,afternoon,COMPLETED,2025-12-09 13:15:43.820935,2025-12-09 13:45:43.820935,25,30,1,21,21.33,4,4,1,2,TEST,QUIET,,7,12,9,2,1,2,MANY
2d4fee90-d42b-46d8-93eb-5507df0d4748,Easily Distracted 2,93,22,night,COMPLETED,2025-12-09 22:16:43.820935,2025-12-09 22:49:43.820935,60,33,5,2,4.67,3,1,2,2,READING,QUIET,,10,16,6,1,1,1,MANY
2d4fee90-d42b-46d8-93eb-5507df0d4748,Easily Distracted 2,95,10,morning,COMPLETED,2025-12-11 10:50:43.820935,2025-12-11 11:02:43.820935,25,12,1,19,12.33,2,3,2,2,WRITING,QUIET,,17,10,7,2,1,2,MANY
2d4fee90-d42b-46d8-93eb-5507df0d4748,Easily Distracted 2,96,5,morning,COMPLETED,2025-12-12 05:48:43.820935,2025-12-12 06:44:43.820935,45,56,3,12,13.61,4,4,2,4,WRITING,QUIET,,14,12,4,2,1,1,MANY
2d4fee90-d42b-46d8-93eb-5507df0d4748,Easily Distracted 2,97,12,afternoon,COMPLETED,2025-12-12 12:52:43.820935,2025-12-12 13:59:43.820935,45,67,5,12,11.22,3,3,3,1,TEST,NOISY,,11,13,6,2,1,2,MANY
2d4fee90-d42b-46d8-93eb-5507df0d4748,Easily Distracted 2,98,8,morning,COMPLETED,2025-12-12 08:12:43.820935,2025-12-12 08:54:43.820935,45,42,6,23,23.17,3,2,4,3,OTHER,QUIET,,8,15,1,2,2,2,MANY
2d4fee90-d42b-46d8-93eb-5507df0d4748,Easily Distracted 2,99,15,afternoon,COMPLETED,2025-12-12 15:07:43.820935,2025-12-12 15:51:43.820935,45,44,6,11,26.39,3,3,2,2,TEST,QUIET,,11,9,2,2,1,2,FEW
2d4fee90-d42b-46d8-93eb-5507df0d4748,Easily Distracted 2,100,10,morning,COMPLETED,2025-12-13 10:43:43.820935,2025-12-13 11:39:43.820935,60,56,3,5,39.67,4,4,4,1,TEST,QUIET,,8,20,5,3,2,3,MANY
00c77a3a-d6a3-4dbb-b991-e7460f031ef3,Easily Distracted 3,1,12,afternoon,COMPLETED,2025-10-07 12:30:43.827488,2025-10-07 12:44:43.827488,25,14,0,19,36.37,3,4,3,2,READING,QUIET,,10,7,3,3,1,3,FEW
00c77a3a-d6a3-4dbb-b991-e7460f031ef3,Easily Distracted 3,4,17,evening,COMPLETED,2025-10-08 17:30:43.827488,2025-10-08 19:37:43.827488,90,127,4,15,8.94,2,3,2,5,TEST,MUSIC,LOFI,7,13,6,2,1,1,MANY
00c77a3a-d6a3-4dbb-b991-e7460f031ef3,Easily Distracted 3,10,8,morning,COMPLETED,2025-10-12 08:01:43.827488,2025-10-12 08:51:43.827488,45,50,4,16,29.11,2,4,3,3,WRITING,QUIET,,8,14,6,3,1,3,MANY
00c77a3a-d6a3-4dbb-b991-e7460f031ef3,Easily Distracted 3,11,6,morning,COMPLETED,2025-10-13 06:46:43.827488,2025-10-13 07:55:43.827488,120,69,6,21,30.0,3,4,4,1,OTHER,QUIET,,6,10,5,3,2,3,FEW
00c77a3a-d6a3-4dbb-b991-e7460f031ef3,Easily Distracted 3,12,14,afternoon,COMPLETED,2025-10-13 14:10:43.827488,2025-10-13 14:45:43.827488,60,35,7,7,17.83,1,3,3,3,TEST,QUIET,,5,11,10,2,1,2,MANY
00c77a3a-d6a3-4dbb-b991-e7460f031ef3,Easily Distracted 3,15,6,morning,COMPLETED,2025-10-16 06:08:43.827488,2025-10-16 06:20:43.827488,25,12,4,12,28.0,2,4,4,4,TEST,QUIET,,5,10,6,3,2,2,FEW
00c77a3a-d6a3-4dbb-b991-e7460f031ef3,Easily Distracted 3,17,10,morning,COMPLETED,2025-10-18 10:32:43.827488,2025-10-18 11:27:43.827488,60,55,6,19,24.5,2,3,3,1,READING,QUIET,,6,8,3,2,1,2,FEW
00c77a3a-d6a3-4dbb-b991-e7460f031ef3,Easily Distracted 3,20,13,afternoon,COMPLETED,2025-10-22 13:20:43.827488,2025-10-22 13:42:43.827488,45,22,0,20,19.0,3,4,1,3,WRITING,QUIET,,12,8,7,2,1,2,MANY
00c77a3a-d6a3-4dbb-b991-e7460f031ef3,Easily Distracted 3,23,16,afternoon,COMPLETED,2025-10-25 16:48:43.827488,2025-10-25 17:55:43.827488,45,67,2,16,16.22,2,3,3,2,WRITING,QUIET,,11,13,3,2,1,2,MANY
00c77a3a-d6a3-4dbb-b991-e7460f031ef3,Easily Distracted 3,24,11,morning,COMPLETED,2025-10-25 11:30:43.827488,2025-10-25 12:37:43.827488,45,67,3,7,25.56,3,4,4,5,WRITING,MUSIC,OTHER,6,17,2,3,1,2,MANY
00c77a3a-d6a3-4dbb-b991-e7460f031ef3,Easily Distracted 3,26,19,evening,COMPLETED,2025-10-25 19:55:43.827488,2025-10-25 20:38:43.827488,60,43,3,12,23.17,1,2,3,1,TEST,QUIET,,7,12,3,2,1,2,FEW
00c77a3a-d6a3-4dbb-b991-e7460f031ef3,Easily Distracted 3,27,8,morning,COMPLETED,2025-10-25 08:30:43.827488,2025-10-25 09:13:43.827488,45,43,3,19,13.78,2,3,2,2,TEST,QUIET,,8,25,5,2,1,2,MANY
00c77a3a-d6a3-4dbb-b991-e7460f031ef3,Easily Distracted 3,29,21,night,COMPLETED,2025-10-26 21:01:43.827488,2025-10-26 21:18:43.827488,25,17,3,24,0.0,3,2,2,4,WRITING,QUIET,,7,14,10,1,1,1,MANY
00c77a3a-d6a3-4dbb-b991-e7460f031ef3,Easily Distracted 3,30,14,afternoon,COMPLETED,2025-10-26 14:11:43.827488,2025-10-26 15:39:43.827488,90,88,4,10,20.89,4,3,2,2,TEST,MUSIC,OTHER,14,14,3,2,1,2,MANY
00c77a3a-d6a3-4dbb-b991-e7460f031ef3,Easily Distracted 3,31,13,afternoon,COMPLETED,2025-10-26 13:04:43.827488,2025-10-26 13:46:43.827488,60,42,1,9,24.33,3,3,3,5,TEST,QUIET,,8,8,6,2,1,1,FEW
00c77a3a-d6a3-4dbb-b991-e7460f031ef3,Easily Distracted 3,32,7,morning,COMPLETED,2025-10-27 07:45:43.827488,2025-10-27 08:52:43.827488,45,67,3,20,20.72,1,4,3,2,READING,QUIET,,12,14,4,3,1,3,MANY
00c77a3a-d6a3-4dbb-b991-e7460f031ef3,Easily Distracted 3,33,14,afternoon,COMPLETED,2025-10-27 14:06:43.827488,2025-10-27 15:36:43.827488,60,90,2,6,19.67,2,2,3,2,WRITING,QUIET,,10,15,4,2,1,2,MANY
00c77a3a-d6a3-4dbb-b991-e7460f031ef3,Easily Distracted 3,37,12,afternoon,COMPLETED,2025-10-30 12:41:43.827488,2025-10-30 13:18:43.827488,25,37,2,19,36.23,4,3,4,2,WRITING,QUIET,,6,12,1,3,2,3,FEW
00c77a3a-d6a3-4dbb-b991-e7460f031ef3,Easily Distracted 3,38,11,morning,COMPLETED,2025-10-31 11:39:43.827488,2025-10-31 14:16:43.827488,120,157,4,21,33.67,3,4,4,2,TEST,QUIET,,4,13,2,3,2,3,FEW
00c77a3a-d6a3-4dbb-b991-e7460f031ef3,Easily Distracted 3,39,12,afternoon,COMPLETED,2025-10-31 12:18:43.827488,2025-10-31 12:40:43.827488,45,22,5,8,13.67,4,4,2,3,WRITING,NOISY,,9,12,8,2,1,2,MANY
00c77a3a-d6a3-4dbb-b991-e7460f031ef3,Easily Distracted 3,40,14,afternoon,COMPLETED,2025-10-31 14:21:43.827488,2025-10-31 15:15:43.827488,45,54,2,16,29.33,2,3,4,4,WRITING,MUSIC,LOFI,9,13,3,3,1,2,MANY
00c77a3a-d6a3-4dbb-b991-e7460f031ef3,Easily Distracted 3,42,10,morning,COMPLETED,2025-11-02 10:11:43.827488,2025-11-02 11:27:43.827488,90,76,0,18,35.22,1,4,4,3,WRITING,QUIET,,15,12,4,3,1,3,MANY
00c77a3a-d6a3-4dbb-b991-e7460f031ef3,Easily Distracted 3,43,21,night,COMPLETED,2025-11-02 21:08:43.827488,2025-11-02 22:11:43.827488,60,63,2,13,23.83,4,3,3,3,READING,NOISY,,12,14,5,2,1,2,MANY
00c77a3a-d6a3-4dbb-b991-e7460f031ef3,Easily Distracted 3,44,9,morning,COMPLETED,2025-11-03 09:46:43.827488,2025-11-03 11:28:43.827488,120,102,5,21,43.17,3,4,5,3,TEST,QUIET,,7,13,6,4,2,4,MANY
00c77a3a-d6a3-4dbb-b991-e7460f031ef3,Easily Distracted 3,45,6,morning,COMPLETED,2025-11-04 06:49:43.827488,2025-11-04 07:55:43.827488,60,66,4,11,41.5,4,4,4,2,WRITING,MUSIC,OTHER,8,9,4,3,2,3,FEW
00c77a3a-d6a3-4dbb-b991-e7460f031ef3,Easily Distracted 3,46,5,morning,COMPLETED,2025-11-05 05:40:43.827488,2025-11-05 06:30:43.827488,45,50,3,12,28.61,2,3,3,3,OTHER,QUIET,,8,9,2,2,1,2,FEW
00c77a3a-d6a3-4dbb-b991-e7460f031ef3,Easily Distracted 3,47,21,night,COMPLETED,2025-11-05 21:12:43.827488,2025-11-05 21:53:43.827488,60,41,6,9,20.83,2,4,2,2,READING,MUSIC,LOFI,11,7,5,2,1,2,FEW
00c77a3a-d6a3-4dbb-b991-e7460f031ef3,Easily Distracted 3,50,20,evening,COMPLETED,2025-11-07 20:29:43.827488,2025-11-07 21:53:43.827488,60,84,5,9,19.83,3,3,3,3,OTHER,QUIET,,7,12,3,2,1,2,FEW
00c77a3a-d6a3-4dbb-b991-e7460f031ef3,Easily Distracted 3,51,23,night,COMPLETED,2025-11-08 23:56:43.827488,2025-11-09 00:51:43.827488,60,55,5,19,10.83,2,1,3,4,TEST,MUSIC,AMBIENT,4,15,2,1,1,1,FEW
00c77a3a-d6a3-4dbb-b991-e7460f031ef3,Easily Distracted 3,52,13,afternoon,COMPLETED,2025-11-09 13:10:43.827488,2025-11-09 13:55:43.827488,90,45,6,17,12.5,2,3,2,2,TEST,NOISY,,10,12,2,2,1,2,MANY
00c77a3a-d6a3-4dbb-b991-e7460f031ef3,Easily Distracted 3,55,14,afternoon,COMPLETED,2025-11-10 14:07:43.827488,2025-11-10 14:41:43.827488,60,34,0,14,28.67,2,2,3,3,OTHER,QUIET,,5,10,4,2,1,2,FEW
00c77a3a-d6a3-4dbb-b991-e7460f031ef3,Easily Distracted 3,57,12,afternoon,COMPLETED,2025-11-13 12:25:43.827488,2025-11-13 13:55:43.827488,60,90,5,17,31.83,4,3,4,2,TEST,QUIET,,5,9,5,3,2,3,FEW
00c77a3a-d6a3-4dbb-b991-e7460f031ef3,Easily Distracted 3,61,21,night,COMPLETED,2025-11-14 21:08:43.827488,2025-11-14 22:12:43.827488,45,64,5,30,0.0,3,2,1,1,TEST,QUIET,,12,14,4,1,1,1,MANY
00c77a3a-d6a3-4dbb-b991-e7460f031ef3,Easily Distracted 3,62,9,morning,COMPLETED,2025-11-15 09:59:43.827488,2025-11-15 11:48:43.827488,90,109,3,10,35.28,3,4,3,2,OTHER,QUIET,,10,9,5,3,1,3,MANY
00c77a3a-d6a3-4dbb-b991-e7460f031ef3,Easily Distracted 3,63,8,morning,COMPLETED,2025-11-16 08:46:43.827488,2025-11-16 09:08:43.827488,45,22,1,22,23.83,4,4,4,2,WRITING,QUIET,,10,12,9,3,1,3,MANY
00c77a3a-d6a3-4dbb-b991-e7460f031ef3,Easily Distracted 3,64,11,morning,COMPLETED,2025-11-17 11:35:43.827488,2025-11-17 13:02:43.827488,90,87,3,17,34.67,1,4,3,2,READING,NOISY,,8,16,1,3,1,3,MANY
00c77a3a-d6a3-4dbb-b991-e7460f031ef3,Easily Distracted 3,65,15,afternoon,COMPLETED,2025-11-18 15:56:43.827488,2025-11-18 16:40:43.827488,60,44,1,27,17.67,1,3,3,1,READING,QUIET,,13,10,4,2,1,2,MANY
00c77a3a-d6a3-4dbb-b991-e7460f031ef3,Easily Distracted 3,66,7,morning,COMPLETED,2025-11-18 07:35:43.827488,2025-11-18 08:29:43.827488,45,54,4,26,32.67,2,4,4,2,WRITING,QUIET,,7,10,3,3,2,3,FEW
00c77a3a-d6a3-4dbb-b991-e7460f031ef3,Easily Distracted 3,69,11,morning,COMPLETED,2025-11-21 11:56:43.827488,2025-11-21 12:33:43.827488,25,37,3,9,35.4,3,3,4,2,READING,QUIET,,9,10,5,3,2,3,MANY
00c77a3a-d6a3-4dbb-b991-e7460f031ef3,Easily Distracted 3,73,6,morning,COMPLETED,2025-11-24 06:38:43.827488,2025-11-24 07:48:43.827488,90,70,5,11,48.06,1,4,5,3,READING,QUIET,,7,14,3,4,2,4,MANY
00c77a3a-d6a3-4dbb-b991-e7460f031ef3,Easily Distracted 3,74,21,night,COMPLETED,2025-11-24 21:04:43.827488,2025-11-24 22:34:43.827488,60,90,6,14,7.0,1,2,2,1,OTHER,QUIET,,5,8,5,1,1,1,FEW
00c77a3a-d6a3-4dbb-b991-e7460f031ef3,Easily Distracted 3,76,11,morning,COMPLETED,2025-11-26 11:41:43.827488,2025-11-26 12:48:43.827488,45,67,4,15,42.06,2,5,4,1,TEST,QUIET,,14,5,3,4,2,4,FEW
00c77a3a-d6a3-4dbb-b991-e7460f031ef3,Easily Distracted 3,77,16,afternoon,COMPLETED,2025-11-27 16:57:43.827488,2025-11-27 18:11:43.827488,60,74,4,23,12.17,3,3,3,2,READING,QUIET,,9,16,3,2,1,2,MANY
00c77a3a-d6a3-4dbb-b991-e7460f031ef3,Easily Distracted 3,78,18,evening,COMPLETED,2025-11-28 18:18:43.827488,2025-11-28 19:32:43.827488,90,74,2,21,19.94,2,3,3,1,TEST,QUIET,,9,15,3,2,1,2,MANY
00c77a3a-d6a3-4dbb-b991-e7460f031ef3,Easily Distracted 3,79,11,morning,COMPLETED,2025-11-29 11:05:43.827488,2025-11-29 11:55:43.827488,90,50,4,10,30.78,3,5,3,1,TEST,QUIET,,10,3,7,3,1,3,FEW
00c77a3a-d6a3-4dbb-b991-e7460f031ef3,Easily Distracted 3,82,17,evening,COMPLETED,2025-12-02 17:37:43.827488,2025-12-02 17:52:43.827488,25,15,4,5,23.17,5,2,3,2,WRITING,QUIET,,9,9,2,2,1,2,FEW
00c77a3a-d6a3-4dbb-b991-e7460f031ef3,Easily Distracted 3,83,20,evening,COMPLETED,2025-12-03 20:53:43.827488,2025-12-03 21:42:43.827488,90,49,1,9,26.89,3,4,2,2,TEST,QUIET,,9,10,2,2,1,2,FEW
00c77a3a-d6a3-4dbb-b991-e7460f031ef3,Easily Distracted 3,84,16,afternoon,COMPLETED,2025-12-04 16:16:43.827488,2025-12-04 17:01:43.827488,90,45,5,11,14.17,5,3,2,2,TEST,QUIET,,13,8,5,2,1,2,MANY
00c77a3a-d6a3-4dbb-b991-e7460f031ef3,Easily Distracted 3,86,9,morning,COMPLETED,2025-12-07 09:18:43.827488,2025-12-07 10:42:43.827488,60,84,5,16,19.0,1,5,3,5,TEST,QUIET,,7,13,7,3,1,2,MANY
00c77a3a-d6a3-4dbb-b991-e7460f031ef3,Easily Distracted 3,88,8,morning,COMPLETED,2025-12-08 08:06:43.827488,2025-12-08 08:28:43.827488,45,22,5,14,25.67,4,5,3,3,READING,QUIET,,4,12,7,3,1,3,FEW
00c77a3a-d6a3-4dbb-b991-e7460f031ef3,Easily Distracted 3,93,8,morning,COMPLETED,2025-12-12 08:01:43.827488,2025-12-12 08:38:43.827488,25,37,3,15,11.07,2,2,3,2,OTHER,QUIET,,14,14,4,2,1,2,MANY
00c77a3a-d6a3-4dbb-b991-e7460f031ef3,Easily Distracted 3,95,5,morning,COMPLETED,2025-12-15 05:31:43.827488,2025-12-15 06:49:43.827488,120,78,4,22,26.0,1,4,3,3,READING,QUIET,,10,8,3,3,1,3,FEW
00c77a3a-d6a3-4dbb-b991-e7460f031ef3,Easily Distracted 3,96,12,afternoon,COMPLETED,2025-12-15 12:38:43.827488,2025-12-15 13:23:43.827488,45,45,3,14,15.5,1,3,1,3,READING,QUIET,,12,8,4,1,1,1,MANY
00c77a3a-d6a3-4dbb-b991-e7460f031ef3,Easily Distracted 3,97,10,morning,COMPLETED,2025-12-15 10:02:43.827488,2025-12-15 11:22:43.827488,60,80,7,10,13.0,2,3,3,5,TEST,QUIET,,8,7,11,2,1,1,MANY
00c77a3a-d6a3-4dbb-b991-e7460f031ef3,Easily Distracted 3,100,5,morning,COMPLETED,2025-12-18 05:50:43.827488,2025-12-18 07:21:43.827488,90,91,1,15,52.11,3,3,4,3,READING,MUSIC,OTHER,4,9,3,3,2,3,FEW
410c0812-5d66-4b91-9552-c3860aadfdea,Inconsistent 1,1,6,morning,COMPLETED,2025-10-07 06:37:43.831842,2025-10-07 06:55:43.831842,25,18,1,2,68.9,1,3,3,3,OTHER,QUIET,,0,0,0,3,3,3,NONE
410c0812-5d66-4b91-9552-c3860aadfdea,Inconsistent 1,2,18,evening,COMPLETED,2025-10-08 18:03:43.831842,2025-10-08 18:25:43.831842,45,22,0,3,47.17,3,3,2,3,TEST,QUIET,,2,2,1,2,2,2,NONE
410c0812-5d66-4b91-9552-c3860aadfdea,Inconsistent 1,4,9,morning,COMPLETED,2025-10-09 09:15:43.831842,2025-10-09 09:51:43.831842,25,36,3,11,50.2,3,3,3,3,TEST,QUIET,,1,5,3,3,3,3,FEW
410c0812-5d66-4b91-9552-c3860aadfdea,Inconsistent 1,7,23,night,COMPLETED,2025-10-12 23:47:43.831842,2025-10-12 23:59:43.831842,25,12,0,0,38.33,3,2,2,3,TEST,MUSIC,LOFI,1,2,1,1,2,1,NONE
410c0812-5d66-4b91-9552-c3860aadfdea,Inconsistent 1,8,13,afternoon,COMPLETED,2025-10-12 13:10:43.831842,2025-10-12 13:48:43.831842,60,38,1,11,43.33,3,4,2,1,OTHER,QUIET,,2,2,1,2,2,2,NONE
410c0812-5d66-4b91-9552-c3860aadfdea,Inconsistent 1,9,9,morning,COMPLETED,2025-10-13 09:17:43.831842,2025-10-13 10:02:43.831842,90,45,0,7,61.83,2,3,3,1,TEST,MUSIC,OTHER,2,1,1,3,3,3,NONE
410c0812-5d66-4b91-9552-c3860aadfdea,Inconsistent 1,10,12,afternoon,COMPLETED,2025-10-14 12:58:43.831842,2025-10-14 14:05:43.831842,45,67,3,3,27.56,2,3,1,1,WRITING,MUSIC,LOFI,4,3,0,1,2,1,NONE
410c0812-5d66-4b91-9552-c3860aadfdea,Inconsistent 1,13,20,evening,COMPLETED,2025-10-15 20:37:43.831842,2025-10-15 21:31:43.831842,45,54,0,9,39.17,3,2,2,2,READING,QUIET,,1,3,1,1,2,1,NONE
410c0812-5d66-4b91-9552-c3860aadfdea,Inconsistent 1,14,15,afternoon,COMPLETED,2025-10-15 15:55:43.831842,2025-10-15 16:55:43.831842,120,60,4,4,28.33,3,3,1,4,WRITING,QUIET,,0,1,0,1,2,1,NONE
410c0812-5d66-4b91-9552-c3860aadfdea,Inconsistent 1,16,6,morning,COMPLETED,2025-10-17 06:18:43.831842,2025-10-17 07:10:43.831842,60,52,2,3,64.17,1,3,3,2,TEST,QUIET,,4,2,1,3,3,3,NONE
410c0812-5d66-4b91-9552-c3860aadfdea,Inconsistent 1,17,12,afternoon,COMPLETED,2025-10-17 12:01:43.831842,2025-10-17 12:23:43.831842,45,22,2,3,44.17,3,2,3,4,WRITING,MUSIC,OTHER,0,0,2,2,3,1,NONE
410c0812-5d66-4b91-9552-c3860aadfdea,Inconsistent 1,19,14,afternoon,COMPLETED,2025-10-20 14:43:43.831842,2025-10-20 15:20:43.831842,25,37,0,7,46.9,3,4,2,1,READING,NOISY,,1,1,1,2,2,2,NONE
410c0812-5d66-4b91-9552-c3860aadfdea,Inconsistent 1,21,12,afternoon,COMPLETED,2025-10-21 12:00:43.831842,2025-10-21 13:43:43.831842,120,103,0,6,53.5,2,3,2,2,WRITING,NOISY,,3,1,0,2,2,2,NONE
410c0812-5d66-4b91-9552-c3860aadfdea,Inconsistent 1,23,13,afternoon,COMPLETED,2025-10-24 13:37:43.831842,2025-10-24 14:12:43.831842,45,35,0,7,64.06,3,3,3,2,TEST,MUSIC,AMBIENT,3,2,4,3,3,3,FEW
410c0812-5d66-4b91-9552-c3860aadfdea,Inconsistent 1,25,22,night,COMPLETED,2025-10-27 22:14:43.831842,2025-10-27 22:36:43.831842,45,22,1,2,52.83,1,2,2,2,OTHER,MUSIC,LOFI,1,0,0,2,3,2,NONE
410c0812-5d66-4b91-9552-c3860aadfdea,Inconsistent 1,26,12,afternoon,COMPLETED,2025-10-27 12:47:43.831842,2025-10-27 12:59:43.831842,25,12,0,9,35.17,5,3,1,4,WRITING,QUIET,,1,1,0,1,2,1,NONE
410c0812-5d66-4b91-9552-c3860aadfdea,Inconsistent 1,27,14,afternoon,COMPLETED,2025-10-28 14:24:43.831842,2025-10-28 16:10:43.831842,90,106,0,7,45.94,4,3,2,5,OTHER,QUIET,,3,3,0,2,2,1,NONE
410c0812-5d66-4b91-9552-c3860aadfdea,Inconsistent 1,28,6,morning,COMPLETED,2025-10-28 06:13:43.831842,2025-10-28 06:50:43.831842,25,37,1,0,65.23,2,4,3,2,READING,NOISY,,1,0,0,3,3,3,NONE
410c0812-5d66-4b91-9552-c3860aadfdea,Inconsistent 1,29,5,morning,COMPLETED,2025-10-28 05:23:43.831842,2025-10-28 05:35:43.831842,25,12,0,0,72.33,2,5,3,2,READING,MUSIC,CLASSICAL,5,4,1,4,3,4,FEW
410c0812-5d66-4b91-9552-c3860aadfdea,Inconsistent 1,31,11,morning,COMPLETED,2025-10-30 11:11:43.831842,2025-10-30 11:59:43.831842,60,48,1,7,64.67,4,4,3,2,OTHER,MUSIC,LOFI,4,1,0,3,3,3,NONE
410c0812-5d66-4b91-9552-c3860aadfdea,Inconsistent 1,32,8,morning,COMPLETED,2025-10-30 08:19:43.831842,2025-10-30 09:26:43.831842,45,67,0,4,41.89,3,3,2,5,READING,MUSIC,CLASSICAL,3,2,0,2,2,1,NONE
410c0812-5d66-4b91-9552-c3860aadfdea,Inconsistent 1,34,6,morning,COMPLETED,2025-11-01 06:30:43.831842,2025-11-01 07:03:43.831842,60,33,1,3,55.33,3,4,3,4,TEST,MUSIC,CLASSICAL,2,2,3,3,3,2,NONE
410c0812-5d66-4b91-9552-c3860aadfdea,Inconsistent 1,36,19,evening,COMPLETED,2025-11-02 19:16:43.831842,2025-11-02 19:47:43.831842,25,31,0,7,64.37,2,3,3,2,TEST,MUSIC,CLASSICAL,2,4,2,3,3,3,NONE
410c0812-5d66-4b91-9552-c3860aadfdea,Inconsistent 1,38,7,morning,COMPLETED,2025-11-04 07:32:43.831842,2025-11-04 07:44:43.831842,25,12,0,7,45.17,4,3,2,2,WRITING,QUIET,,2,1,2,2,2,2,NONE
410c0812-5d66-4b91-9552-c3860aadfdea,Inconsistent 1,39,11,morning,COMPLETED,2025-11-04 11:02:43.831842,2025-11-04 12:11:43.831842,90,69,2,2,76.33,1,5,3,3,OTHER,QUIET,,1,2,0,4,3,4,NONE
410c0812-5d66-4b91-9552-c3860aadfdea,Inconsistent 1,45,16,afternoon,COMPLETED,2025-11-07 16:13:43.831842,2025-11-07 17:20:43.831842,45,67,2,1,33.72,3,3,1,2,READING,QUIET,,3,0,0,1,2,1,NONE
410c0812-5d66-4b91-9552-c3860aadfdea,Inconsistent 1,46,15,afternoon,COMPLETED,2025-11-08 15:52:43.831842,2025-11-08 16:52:43.831842,120,60,1,5,43.0,4,4,2,1,WRITING,QUIET,,1,3,2,2,2,2,NONE
410c0812-5d66-4b91-9552-c3860aadfdea,Inconsistent 1,47,5,morning,COMPLETED,2025-11-09 05:47:43.831842,2025-11-09 06:26:43.831842,60,39,2,2,64.33,5,4,3,2,READING,MUSIC,LOFI,1,0,0,3,3,3,NONE
410c0812-5d66-4b91-9552-c3860aadfdea,Inconsistent 1,52,12,afternoon,COMPLETED,2025-11-14 12:09:43.831842,2025-11-14 14:12:43.831842,90,123,2,13,53.83,3,2,4,1,TEST,MUSIC,OTHER,2,4,2,3,3,3,NONE
410c0812-5d66-4b91-9552-c3860aadfdea,Inconsistent 1,55,16,afternoon,COMPLETED,2025-11-15 16:42:43.831842,2025-11-15 17:50:43.831842,90,68,3,8,37.28,3,5,1,4,TEST,QUIET,,2,2,1,2,2,1,NONE
410c0812-5d66-4b91-9552-c3860aadfdea,Inconsistent 1,56,8,morning,COMPLETED,2025-11-15 08:57:43.831842,2025-11-15 10:07:43.831842,60,70,0,4,51.33,2,4,2,2,WRITING,MUSIC,AMBIENT,3,1,4,2,2,2,NONE
410c0812-5d66-4b91-9552-c3860aadfdea,Inconsistent 1,58,8,morning,COMPLETED,2025-11-16 08:06:43.831842,2025-11-16 08:43:43.831842,25,37,0,8,32.73,2,2,2,2,TEST,NOISY,,4,2,1,1,2,1,NONE
410c0812-5d66-4b91-9552-c3860aadfdea,Inconsistent 1,59,14,afternoon,COMPLETED,2025-11-16 14:14:43.831842,2025-11-16 14:44:43.831842,60,30,1,0,44.17,2,3,2,2,TEST,MUSIC,AMBIENT,3,3,2,2,2,2,NONE
410c0812-5d66-4b91-9552-c3860aadfdea,Inconsistent 1,61,17,evening,COMPLETED,2025-11-18 17:24:43.831842,2025-11-18 19:39:43.831842,90,135,2,3,33.83,3,4,2,4,TEST,MUSIC,CLASSICAL,3,7,0,2,2,1,FEW
410c0812-5d66-4b91-9552-c3860aadfdea,Inconsistent 1,63,17,evening,COMPLETED,2025-11-21 17:47:43.831842,2025-11-21 20:02:43.831842,90,135,2,4,32.0,1,2,2,4,WRITING,QUIET,,1,2,0,1,2,1,NONE
410c0812-5d66-4b91-9552-c3860aadfdea,Inconsistent 1,65,16,afternoon,COMPLETED,2025-11-22 16:22:43.831842,2025-11-22 16:34:43.831842,25,12,1,3,35.0,2,2,2,3,READING,QUIET,,1,0,2,1,2,1,NONE
410c0812-5d66-4b91-9552-c3860aadfdea,Inconsistent 1,66,8,morning,COMPLETED,2025-11-22 08:28:43.831842,2025-11-22 08:48:43.831842,25,20,1,0,63.83,1,3,3,4,WRITING,MUSIC,AMBIENT,1,2,1,3,3,2,NONE
410c0812-5d66-4b91-9552-c3860aadfdea,Inconsistent 1,67,8,morning,COMPLETED,2025-11-22 08:07:43.831842,2025-11-22 10:07:43.831842,120,120,1,5,71.0,5,3,4,3,READING,MUSIC,AMBIENT,1,2,0,3,3,3,NONE
410c0812-5d66-4b91-9552-c3860aadfdea,Inconsistent 1,70,10,morning,COMPLETED,2025-11-23 10:44:43.831842,2025-11-23 12:14:43.831842,60,90,1,8,42.17,3,4,2,3,READING,QUIET,,1,3,1,2,2,2,NONE
410c0812-5d66-4b91-9552-c3860aadfdea,Inconsistent 1,71,12,afternoon,COMPLETED,2025-11-24 12:05:43.831842,2025-11-24 12:35:43.831842,60,30,2,5,39.83,2,4,1,1,READING,QUIET,,5,1,1,2,2,2,NONE
410c0812-5d66-4b91-9552-c3860aadfdea,Inconsistent 1,72,13,afternoon,COMPLETED,2025-11-25 13:21:43.831842,2025-11-25 13:43:43.831842,45,22,2,3,29.17,2,2,1,4,WRITING,MUSIC,CLASSICAL,2,3,3,1,2,1,NONE
410c0812-5d66-4b91-9552-c3860aadfdea,Inconsistent 1,73,14,afternoon,COMPLETED,2025-11-26 14:35:43.831842,2025-11-26 16:05:43.831842,60,90,1,5,61.0,3,4,3,2,WRITING,NOISY,,3,0,0,3,3,3,NONE
410c0812-5d66-4b91-9552-c3860aadfdea,Inconsistent 1,74,5,morning,COMPLETED,2025-11-26 05:49:43.831842,2025-11-26 07:17:43.831842,90,88,1,8,67.72,3,3,3,2,OTHER,QUIET,,4,0,1,3,3,3,NONE
410c0812-5d66-4b91-9552-c3860aadfdea,Inconsistent 1,76,17,evening,COMPLETED,2025-11-27 17:41:43.831842,2025-11-27 18:48:43.831842,45,67,2,6,41.56,1,4,1,2,READING,QUIET,,3,0,1,2,2,2,NONE
410c0812-5d66-4b91-9552-c3860aadfdea,Inconsistent 1,78,22,night,COMPLETED,2025-11-30 22:53:43.831842,2025-11-30 23:23:43.831842,60,30,2,6,45.67,3,2,3,1,TEST,MUSIC,LOFI,4,0,1,2,3,2,NONE
410c0812-5d66-4b91-9552-c3860aadfdea,Inconsistent 1,79,11,morning,COMPLETED,2025-12-01 11:34:43.831842,2025-12-01 12:48:43.831842,60,74,1,4,44.5,2,4,2,5,READING,MUSIC,OTHER,2,1,2,2,2,1,NONE
410c0812-5d66-4b91-9552-c3860aadfdea,Inconsistent 1,82,10,morning,COMPLETED,2025-12-03 10:39:43.831842,2025-12-03 11:24:43.831842,90,45,1,7,59.33,2,4,3,2,READING,MUSIC,CLASSICAL,2,2,0,3,3,3,NONE
410c0812-5d66-4b91-9552-c3860aadfdea,Inconsistent 1,86,12,afternoon,COMPLETED,2025-12-09 12:18:43.831842,2025-12-09 13:22:43.831842,60,64,1,4,41.83,3,3,1,3,WRITING,QUIET,,1,1,3,1,2,1,NONE
410c0812-5d66-4b91-9552-c3860aadfdea,Inconsistent 1,87,10,morning,COMPLETED,2025-12-10 10:33:43.831842,2025-12-10 11:11:43.831842,45,38,1,6,79.06,3,4,4,3,READING,QUIET,,0,1,1,4,3,4,NONE
410c0812-5d66-4b91-9552-c3860aadfdea,Inconsistent 1,89,5,morning,COMPLETED,2025-12-10 05:41:43.831842,2025-12-10 07:56:43.831842,90,135,1,4,61.5,3,3,4,2,READING,MUSIC,LOFI,0,2,1,3,3,3,NONE
410c0812-5d66-4b91-9552-c3860aadfdea,Inconsistent 1,92,16,afternoon,COMPLETED,2025-12-11 16:09:43.831842,2025-12-11 16:33:43.831842,45,24,1,6,49.5,4,2,3,3,WRITING,QUIET,,3,0,1,2,3,2,NONE
410c0812-5d66-4b91-9552-c3860aadfdea,Inconsistent 1,93,20,evening,COMPLETED,2025-12-11 20:03:43.831842,2025-12-11 20:15:43.831842,25,12,1,4,47.83,1,1,3,3,READING,MUSIC,AMBIENT,0,3,4,2,3,2,NONE
410c0812-5d66-4b91-9552-c3860aadfdea,Inconsistent 1,94,16,afternoon,COMPLETED,2025-12-12 16:40:43.831842,2025-12-12 17:45:43.831842,60,65,1,9,49.33,4,3,2,2,OTHER,NOISY,,1,4,1,2,2,2,NONE
410c0812-5d66-4b91-9552-c3860aadfdea,Inconsistent 1,95,13,afternoon,COMPLETED,2025-12-12 13:27:43.831842,2025-12-12 14:34:43.831842,45,67,1,7,40.89,3,4,2,3,WRITING,MUSIC,AMBIENT,3,3,2,2,2,2,NONE
410c0812-5d66-4b91-9552-c3860aadfdea,Inconsistent 1,96,20,evening,COMPLETED,2025-12-13 20:23:43.831842,2025-12-13 21:18:43.831842,45,55,2,6,62.89,3,3,4,3,TEST,QUIET,,2,2,0,3,3,3,NONE
410c0812-5d66-4b91-9552-c3860aadfdea,Inconsistent 1,97,16,afternoon,COMPLETED,2025-12-14 16:41:43.831842,2025-12-14 17:26:43.831842,90,45,2,8,40.33,4,4,2,2,READING,QUIET,,2,1,1,2,2,2,NONE
410c0812-5d66-4b91-9552-c3860aadfdea,Inconsistent 1,98,20,evening,COMPLETED,2025-12-14 20:56:43.831842,2025-12-14 21:35:43.831842,45,39,3,7,32.67,4,2,2,1,TEST,NOISY,,2,4,1,1,2,1,NONE
a5121183-b6d8-4c49-8d6a-d0da635779b3,Inconsistent 2,1,12,afternoon,COMPLETED,2025-10-07 12:08:43.837856,2025-10-07 12:38:43.837856,60,30,2,7,41.5,3,3,2,1,WRITING,MUSIC,CLASSICAL,1,0,2,2,2,2,NONE
a5121183-b6d8-4c49-8d6a-d0da635779b3,Inconsistent 2,2,11,morning,COMPLETED,2025-10-08 11:30:43.837856,2025-10-08 13:00:43.837856,60,90,0,8,46.67,2,4,2,3,OTHER,NOISY,,0,1,1,2,2,2,NONE
a5121183-b6d8-4c49-8d6a-d0da635779b3,Inconsistent 2,3,17,evening,COMPLETED,2025-10-09 17:47:43.837856,2025-10-09 19:17:43.837856,60,90,1,8,49.17,3,1,3,3,READING,NOISY,,2,0,0,2,3,2,NONE
a5121183-b6d8-4c49-8d6a-d0da635779b3,Inconsistent 2,4,6,morning,COMPLETED,2025-10-10 06:26:43.837856,2025-10-10 07:11:43.837856,90,45,1,5,45.0,4,3,3,3,OTHER,QUIET,,2,1,0,2,2,2,NONE
a5121183-b6d8-4c49-8d6a-d0da635779b3,Inconsistent 2,5,6,morning,COMPLETED,2025-10-10 06:48:43.837856,2025-10-10 09:03:43.837856,90,135,1,0,65.5,2,4,4,4,READING,QUIET,,7,1,1,4,3,3,FEW
a5121183-b6d8-4c49-8d6a-d0da635779b3,Inconsistent 2,7,6,morning,COMPLETED,2025-10-12 06:17:43.837856,2025-10-12 06:38:43.837856,25,21,0,5,80.63,1,3,5,3,TEST,QUIET,,2,1,1,4,3,4,NONE
a5121183-b6d8-4c49-8d6a-d0da635779b3,Inconsistent 2,8,18,evening,COMPLETED,2025-10-13 18:00:43.837856,2025-10-13 19:13:43.837856,60,73,2,1,75.17,4,4,4,2,TEST,MUSIC,CLASSICAL,2,4,0,4,3,4,NONE
a5121183-b6d8-4c49-8d6a-d0da635779b3,Inconsistent 2,9,5,morning,COMPLETED,2025-10-14 05:24:43.837856,2025-10-14 06:51:43.837856,60,87,2,0,38.33,3,3,3,4,WRITING,MUSIC,OTHER,2,4,1,2,2,1,NONE
a5121183-b6d8-4c49-8d6a-d0da635779b3,Inconsistent 2,10,15,afternoon,COMPLETED,2025-10-15 15:21:43.837856,2025-10-15 15:52:43.837856,45,31,1,6,62.28,5,3,4,2,TEST,NOISY,,1,2,3,3,3,3,NONE
a5121183-b6d8-4c49-8d6a-d0da635779b3,Inconsistent 2,13,16,afternoon,COMPLETED,2025-10-18 16:39:43.837856,2025-10-18 18:09:43.837856,60,90,1,4,44.17,4,3,3,3,WRITING,QUIET,,1,2,2,2,2,2,NONE
a5121183-b6d8-4c49-8d6a-d0da635779b3,Inconsistent 2,15,5,morning,COMPLETED,2025-10-19 05:54:43.837856,2025-10-19 06:24:43.837856,60,30,1,8,69.83,2,4,4,3,TEST,QUIET,,1,1,2,4,3,4,NONE
a5121183-b6d8-4c49-8d6a-d0da635779b3,Inconsistent 2,16,14,afternoon,COMPLETED,2025-10-19 14:42:43.837856,2025-10-19 15:12:43.837856,60,30,0,3,63.17,1,3,4,1,TEST,NOISY,,3,2,0,3,3,3,NONE
a5121183-b6d8-4c49-8d6a-d0da635779b3,Inconsistent 2,17,8,morning,COMPLETED,2025-10-19 08:23:43.837856,2025-10-19 09:08:43.837856,90,45,3,7,47.33,4,2,4,5,WRITING,MUSIC,LOFI,3,3,1,3,3,2,NONE
a5121183-b6d8-4c49-8d6a-d0da635779b3,Inconsistent 2,20,9,morning,COMPLETED,2025-10-19 09:58:43.837856,2025-10-19 10:33:43.837856,25,35,1,4,45.5,2,3,3,3,WRITING,QUIET,,3,1,2,2,2,2,NONE
a5121183-b6d8-4c49-8d6a-d0da635779b3,Inconsistent 2,21,17,evening,COMPLETED,2025-10-20 17:13:43.837856,2025-10-20 17:57:43.837856,45,44,0,5,57.06,2,4,2,3,WRITING,MUSIC,AMBIENT,1,0,2,2,2,2,NONE
a5121183-b6d8-4c49-8d6a-d0da635779b3,Inconsistent 2,25,10,morning,COMPLETED,2025-10-24 10:25:43.837856,2025-10-24 10:55:43.837856,25,30,0,8,77.67,2,4,5,2,READING,NOISY,,1,4,0,4,3,4,NONE
a5121183-b6d8-4c49-8d6a-d0da635779b3,Inconsistent 2,26,12,afternoon,COMPLETED,2025-10-25 12:11:43.837856,2025-10-25 13:41:43.837856,60,90,0,6,46.33,5,3,2,3,READING,QUIET,,3,1,0,2,2,2,NONE
a5121183-b6d8-4c49-8d6a-d0da635779b3,Inconsistent 2,27,15,afternoon,COMPLETED,2025-10-25 15:17:43.837856,2025-10-25 15:47:43.837856,60,30,1,10,69.5,4,4,5,1,READING,QUIET,,2,1,0,4,3,4,NONE
a5121183-b6d8-4c49-8d6a-d0da635779b3,Inconsistent 2,28,8,morning,COMPLETED,2025-10-25 08:33:43.837856,2025-10-25 10:39:43.837856,90,126,0,0,72.0,2,4,4,5,WRITING,QUIET,,3,2,1,4,3,3,NONE
a5121183-b6d8-4c49-8d6a-d0da635779b3,Inconsistent 2,32,23,night,COMPLETED,2025-10-27 23:07:43.837856,2025-10-28 00:37:43.837856,60,90,0,6,46.33,3,2,3,2,TEST,QUIET,,1,3,0,2,2,2,NONE
a5121183-b6d8-4c49-8d6a-d0da635779b3,Inconsistent 2,34,18,evening,COMPLETED,2025-10-28 18:04:43.837856,2025-10-28 21:04:43.837856,120,180,0,10,32.67,5,3,1,2,READING,MUSIC,LOFI,2,3,0,1,2,1,NONE
a5121183-b6d8-4c49-8d6a-d0da635779b3,Inconsistent 2,36,22,night,COMPLETED,2025-10-30 22:43:43.837856,2025-10-30 23:05:43.837856,45,22,0,4,44.67,4,3,2,3,READING,QUIET,,3,3,2,2,2,2,NONE
a5121183-b6d8-4c49-8d6a-d0da635779b3,Inconsistent 2,37,14,afternoon,COMPLETED,2025-10-31 14:19:43.837856,2025-10-31 15:49:43.837856,60,90,1,5,30.67,3,3,1,2,TEST,QUIET,,2,3,3,1,2,1,NONE
a5121183-b6d8-4c49-8d6a-d0da635779b3,Inconsistent 2,39,9,morning,COMPLETED,2025-11-03 09:21:43.837856,2025-11-03 09:51:43.837856,60,30,3,2,67.83,2,4,4,1,READING,QUIET,,0,4,0,4,3,4,NONE
a5121183-b6d8-4c49-8d6a-d0da635779b3,Inconsistent 2,41,9,morning,COMPLETED,2025-11-03 09:27:43.837856,2025-11-03 10:24:43.837856,60,57,2,3,51.17,3,3,3,2,OTHER,MUSIC,LOFI,2,3,0,2,2,2,NONE
a5121183-b6d8-4c49-8d6a-d0da635779b3,Inconsistent 2,42,13,afternoon,COMPLETED,2025-11-03 13:44:43.837856,2025-11-03 15:14:43.837856,60,90,1,5,36.0,4,2,3,4,TEST,MUSIC,AMBIENT,3,6,0,2,2,1,FEW
a5121183-b6d8-4c49-8d6a-d0da635779b3,Inconsistent 2,44,12,afternoon,COMPLETED,2025-11-04 12:27:43.837856,2025-11-04 13:34:43.837856,45,67,0,5,64.39,2,4,3,3,OTHER,MUSIC,LOFI,1,1,0,3,3,3,NONE
a5121183-b6d8-4c49-8d6a-d0da635779b3,Inconsistent 2,46,8,morning,COMPLETED,2025-11-04 08:32:43.837856,2025-11-04 08:44:43.837856,25,12,2,5,70.17,2,5,4,3,OTHER,MUSIC,AMBIENT,2,0,0,4,3,4,NONE
a5121183-b6d8-4c49-8d6a-d0da635779b3,Inconsistent 2,47,6,morning,COMPLETED,2025-11-04 06:28:43.837856,2025-11-04 07:38:43.837856,60,70,1,3,78.33,3,4,4,3,READING,NOISY,,4,1,0,4,3,4,NONE
a5121183-b6d8-4c49-8d6a-d0da635779b3,Inconsistent 2,49,12,afternoon,COMPLETED,2025-11-04 12:08:43.837856,2025-11-04 12:54:43.837856,45,46,2,0,65.56,3,5,3,3,TEST,QUIET,,2,1,0,3,2,3,NONE
a5121183-b6d8-4c49-8d6a-d0da635779b3,Inconsistent 2,50,6,morning,COMPLETED,2025-11-05 06:22:43.837856,2025-11-05 06:52:43.837856,25,30,2,2,44.33,3,2,3,5,WRITING,NOISY,,1,1,2,2,2,1,NONE
a5121183-b6d8-4c49-8d6a-d0da635779b3,Inconsistent 2,52,16,afternoon,COMPLETED,2025-11-06 16:03:43.837856,2025-11-06 16:33:43.837856,60,30,1,8,42.17,1,3,2,1,TEST,NOISY,,2,3,0,2,2,2,NONE
a5121183-b6d8-4c49-8d6a-d0da635779b3,Inconsistent 2,58,6,morning,COMPLETED,2025-11-10 06:09:43.837856,2025-11-10 06:37:43.837856,45,28,1,7,58.11,4,4,3,4,TEST,QUIET,,0,1,1,3,3,2,NONE
a5121183-b6d8-4c49-8d6a-d0da635779b3,Inconsistent 2,59,7,morning,COMPLETED,2025-11-11 07:01:43.837856,2025-11-11 09:16:43.837856,90,135,1,7,69.67,2,4,4,3,OTHER,NOISY,,3,2,0,4,3,4,NONE
a5121183-b6d8-4c49-8d6a-d0da635779b3,Inconsistent 2,60,9,morning,COMPLETED,2025-11-11 09:21:43.837856,2025-11-11 10:18:43.837856,45,57,0,2,80.0,3,4,5,1,TEST,MUSIC,CLASSICAL,1,2,1,4,3,4,NONE
a5121183-b6d8-4c49-8d6a-d0da635779b3,Inconsistent 2,63,15,afternoon,COMPLETED,2025-11-12 15:37:43.837856,2025-11-12 17:16:43.837856,90,99,2,1,52.5,4,2,3,1,TEST,QUIET,,2,0,1,2,2,2,NONE
a5121183-b6d8-4c49-8d6a-d0da635779b3,Inconsistent 2,64,13,afternoon,COMPLETED,2025-11-13 13:48:43.837856,2025-11-13 15:17:43.837856,60,89,1,8,43.83,4,3,3,2,WRITING,MUSIC,OTHER,2,1,0,2,2,2,NONE
a5121183-b6d8-4c49-8d6a-d0da635779b3,Inconsistent 2,67,13,afternoon,COMPLETED,2025-11-14 13:16:43.837856,2025-11-14 14:04:43.837856,90,48,0,4,64.0,1,3,4,3,READING,QUIET,,2,1,1,3,3,3,NONE
a5121183-b6d8-4c49-8d6a-d0da635779b3,Inconsistent 2,68,13,afternoon,COMPLETED,2025-11-14 13:17:43.837856,2025-11-14 14:03:43.837856,90,46,2,7,58.39,3,2,4,3,TEST,QUIET,,1,1,0,3,3,3,NONE
a5121183-b6d8-4c49-8d6a-d0da635779b3,Inconsistent 2,70,23,night,COMPLETED,2025-11-16 23:56:43.837856,2025-11-17 00:26:43.837856,60,30,2,4,27.33,3,1,1,3,TEST,MUSIC,AMBIENT,2,5,3,1,2,1,FEW
a5121183-b6d8-4c49-8d6a-d0da635779b3,Inconsistent 2,71,11,morning,COMPLETED,2025-11-16 11:00:43.837856,2025-11-16 11:48:43.837856,45,48,0,7,76.83,2,5,4,3,TEST,MUSIC,OTHER,4,6,1,4,3,4,FEW
a5121183-b6d8-4c49-8d6a-d0da635779b3,Inconsistent 2,73,12,afternoon,COMPLETED,2025-11-17 12:56:43.837856,2025-11-17 13:56:43.837856,120,60,3,3,39.67,3,2,3,2,TEST,QUIET,,2,3,0,2,2,2,NONE
a5121183-b6d8-4c49-8d6a-d0da635779b3,Inconsistent 2,74,15,afternoon,COMPLETED,2025-11-18 15:01:43.837856,2025-11-18 15:31:43.837856,60,30,0,6,43.67,2,2,3,2,WRITING,QUIET,,4,3,1,2,2,2,NONE
a5121183-b6d8-4c49-8d6a-d0da635779b3,Inconsistent 2,75,17,evening,COMPLETED,2025-11-18 17:03:43.837856,2025-11-18 17:40:43.837856,25,37,0,6,62.07,1,1,5,2,WRITING,QUIET,,3,0,2,3,3,3,NONE
a5121183-b6d8-4c49-8d6a-d0da635779b3,Inconsistent 2,76,5,morning,COMPLETED,2025-11-18 05:37:43.837856,2025-11-18 06:22:43.837856,90,45,3,3,41.0,3,4,2,2,TEST,NOISY,,2,0,1,2,2,2,NONE
a5121183-b6d8-4c49-8d6a-d0da635779b3,Inconsistent 2,77,15,afternoon,COMPLETED,2025-11-18 15:40:43.837856,2025-11-18 16:08:43.837856,25,28,1,6,78.43,1,3,5,1,TEST,MUSIC,AMBIENT,2,2,0,4,3,4,NONE
a5121183-b6d8-4c49-8d6a-d0da635779b3,Inconsistent 2,80,15,afternoon,COMPLETED,2025-11-21 15:51:43.837856,2025-11-21 16:21:43.837856,60,30,0,6,52.67,2,2,3,3,WRITING,QUIET,,2,0,0,2,3,2,NONE
a5121183-b6d8-4c49-8d6a-d0da635779b3,Inconsistent 2,81,14,afternoon,COMPLETED,2025-11-21 14:44:43.837856,2025-11-21 15:33:43.837856,45,49,2,10,61.56,5,2,4,2,WRITING,QUIET,,1,4,2,3,3,3,NONE
a5121183-b6d8-4c49-8d6a-d0da635779b3,Inconsistent 2,82,12,afternoon,COMPLETED,2025-11-21 12:14:43.837856,2025-11-21 12:26:43.837856,25,12,1,5,39.33,3,2,3,4,WRITING,QUIET,,3,1,0,2,2,1,NONE
a5121183-b6d8-4c49-8d6a-d0da635779b3,Inconsistent 2,83,11,morning,COMPLETED,2025-11-22 11:35:43.837856,2025-11-22 12:13:43.837856,45,38,0,1,57.72,4,3,2,1,READING,MUSIC,OTHER,0,0,1,2,2,2,NONE
a5121183-b6d8-4c49-8d6a-d0da635779b3,Inconsistent 2,84,14,afternoon,COMPLETED,2025-11-22 14:28:43.837856,2025-11-22 15:35:43.837856,45,67,1,3,69.89,1,4,4,3,READING,NOISY,,3,3,2,4,3,4,NONE
a5121183-b6d8-4c49-8d6a-d0da635779b3,Inconsistent 2,87,7,morning,COMPLETED,2025-11-26 07:52:43.837856,2025-11-26 08:10:43.837856,25,18,2,4,62.07,2,3,4,3,WRITING,NOISY,,3,0,2,3,3,3,NONE
a5121183-b6d8-4c49-8d6a-d0da635779b3,Inconsistent 2,88,14,afternoon,COMPLETED,2025-11-26 14:23:43.837856,2025-11-26 15:14:43.837856,60,51,1,7,67.67,4,3,3,3,TEST,MUSIC,LOFI,1,1,0,3,3,3,NONE
a5121183-b6d8-4c49-8d6a-d0da635779b3,Inconsistent 2,91,15,afternoon,COMPLETED,2025-11-29 15:11:43.837856,2025-11-29 15:33:43.837856,45,22,0,4,58.33,2,4,3,3,READING,QUIET,,1,1,2,3,2,3,NONE
a5121183-b6d8-4c49-8d6a-d0da635779b3,Inconsistent 2,93,16,afternoon,COMPLETED,2025-12-02 16:22:43.837856,2025-12-02 17:39:43.837856,90,77,1,6,46.61,3,4,2,4,WRITING,MUSIC,AMBIENT,1,2,0,2,2,1,NONE
a5121183-b6d8-4c49-8d6a-d0da635779b3,Inconsistent 2,95,16,afternoon,COMPLETED,2025-12-04 16:40:43.837856,2025-12-04 18:54:43.837856,90,134,4,5,39.06,3,3,2,3,OTHER,MUSIC,AMBIENT,0,1,0,2,2,2,NONE
a5121183-b6d8-4c49-8d6a-d0da635779b3,Inconsistent 2,97,23,night,COMPLETED,2025-12-05 23:38:43.837856,2025-12-06 00:23:43.837856,90,45,0,7,61.83,2,3,4,3,WRITING,QUIET,,2,2,0,3,3,3,NONE
a5121183-b6d8-4c49-8d6a-d0da635779b3,Inconsistent 2,100,15,afternoon,COMPLETED,2025-12-06 15:03:43.837856,2025-12-06 16:10:43.837856,45,67,2,1,35.72,5,3,2,4,READING,MUSIC,CLASSICAL,3,4,2,2,2,1,FEW
b4c6d51f-d134-4e90-a1fc-5f7ecb571899,Inconsistent 3,1,9,morning,COMPLETED,2025-10-07 09:49:43.842317,2025-10-07 10:19:43.842317,60,30,0,0,75.67,2,4,5,1,WRITING,NOISY,,2,1,2,4,3,4,NONE
b4c6d51f-d134-4e90-a1fc-5f7ecb571899,Inconsistent 3,2,12,afternoon,COMPLETED,2025-10-08 12:03:43.842317,2025-10-08 14:08:43.842317,120,125,1,0,55.33,3,4,2,3,TEST,MUSIC,AMBIENT,1,4,0,2,2,2,NONE
b4c6d51f-d134-4e90-a1fc-5f7ecb571899,Inconsistent 3,6,19,evening,COMPLETED,2025-10-10 19:20:43.842317,2025-10-10 19:32:43.842317,25,12,0,8,35.0,2,1,2,3,WRITING,NOISY,,1,1,1,1,2,1,NONE
b4c6d51f-d134-4e90-a1fc-5f7ecb571899,Inconsistent 3,7,11,morning,COMPLETED,2025-10-11 11:52:43.842317,2025-10-11 12:14:43.842317,45,22,1,7,53.67,4,4,3,2,OTHER,MUSIC,AMBIENT,4,1,0,3,2,3,NONE
b4c6d51f-d134-4e90-a1fc-5f7ecb571899,Inconsistent 3,8,11,morning,COMPLETED,2025-10-12 11:30:43.842317,2025-10-12 11:52:43.842317,45,22,1,0,48.83,1,3,2,2,TEST,QUIET,,0,1,0,2,2,2,NONE
b4c6d51f-d134-4e90-a1fc-5f7ecb571899,Inconsistent 3,10,17,evening,COMPLETED,2025-10-12 17:20:43.842317,2025-10-12 18:45:43.842317,60,85,1,0,37.5,1,1,1,2,READING,MUSIC,LOFI,2,2,0,1,2,1,NONE
b4c6d51f-d134-4e90-a1fc-5f7ecb571899,Inconsistent 3,11,16,afternoon,COMPLETED,2025-10-13 16:11:43.842317,2025-10-13 17:18:43.842317,45,67,1,2,44.72,4,3,3,2,OTHER,NOISY,,1,5,0,2,2,2,NONE
b4c6d51f-d134-4e90-a1fc-5f7ecb571899,Inconsistent 3,12,14,afternoon,COMPLETED,2025-10-13 14:55:43.842317,2025-10-13 16:02:43.842317,45,67,2,1,41.39,1,3,2,2,READING,NOISY,,3,4,1,2,2,2,NONE
b4c6d51f-d134-4e90-a1fc-5f7ecb571899,Inconsistent 3,14,13,afternoon,COMPLETED,2025-10-14 13:32:43.842317,2025-10-14 14:37:43.842317,60,65,2,4,51.33,2,3,2,3,WRITING,NOISY,,2,1,0,2,2,2,NONE
b4c6d51f-d134-4e90-a1fc-5f7ecb571899,Inconsistent 3,16,13,afternoon,COMPLETED,2025-10-14 13:36:43.842317,2025-10-14 13:48:43.842317,25,12,0,2,47.67,4,4,2,3,TEST,MUSIC,OTHER,2,2,1,2,2,2,NONE
b4c6d51f-d134-4e90-a1fc-5f7ecb571899,Inconsistent 3,17,5,morning,COMPLETED,2025-10-15 05:47:43.842317,2025-10-15 06:49:43.842317,90,62,0,12,42.11,4,4,2,4,OTHER,QUIET,,1,3,0,2,2,1,NONE
b4c6d51f-d134-4e90-a1fc-5f7ecb571899,Inconsistent 3,19,15,afternoon,COMPLETED,2025-10-17 15:09:43.842317,2025-10-17 16:04:43.842317,45,55,0,2,43.56,4,2,2,2,WRITING,MUSIC,OTHER,0,3,0,1,2,1,NONE
b4c6d51f-d134-4e90-a1fc-5f7ecb571899,Inconsistent 3,20,19,evening,COMPLETED,2025-10-18 19:49:43.842317,2025-10-18 22:49:43.842317,120,180,1,3,46.0,2,3,3,2,TEST,NOISY,,2,1,0,2,2,2,NONE
b4c6d51f-d134-4e90-a1fc-5f7ecb571899,Inconsistent 3,23,9,morning,COMPLETED,2025-10-21 09:07:43.842317,2025-10-21 10:00:43.842317,60,53,2,2,58.33,2,4,3,4,READING,QUIET,,0,2,0,3,2,2,NONE
b4c6d51f-d134-4e90-a1fc-5f7ecb571899,Inconsistent 3,25,13,afternoon,COMPLETED,2025-10-23 13:03:43.842317,2025-10-23 13:46:43.842317,45,43,2,3,47.61,2,3,2,5,TEST,NOISY,,2,1,0,2,2,1,NONE
b4c6d51f-d134-4e90-a1fc-5f7ecb571899,Inconsistent 3,26,9,morning,COMPLETED,2025-10-23 09:23:43.842317,2025-10-23 09:45:43.842317,45,22,1,8,42.17,3,2,4,2,TEST,QUIET,,5,0,0,2,2,2,NONE
b4c6d51f-d134-4e90-a1fc-5f7ecb571899,Inconsistent 3,29,23,night,COMPLETED,2025-10-25 23:22:43.842317,2025-10-25 23:41:43.842317,25,19,2,0,56.53,2,3,4,2,READING,QUIET,,3,4,3,3,2,3,FEW
b4c6d51f-d134-4e90-a1fc-5f7ecb571899,Inconsistent 3,31,13,afternoon,COMPLETED,2025-10-25 13:56:43.842317,2025-10-25 15:06:43.842317,60,70,3,8,44.5,2,4,1,1,WRITING,QUIET,,1,0,3,2,2,2,NONE
b4c6d51f-d134-4e90-a1fc-5f7ecb571899,Inconsistent 3,32,10,morning,COMPLETED,2025-10-25 10:06:43.842317,2025-10-25 10:37:43.842317,45,31,1,5,48.78,2,3,3,3,READING,NOISY,,2,0,1,2,2,2,NONE
b4c6d51f-d134-4e90-a1fc-5f7ecb571899,Inconsistent 3,37,9,morning,COMPLETED,2025-10-28 09:10:43.842317,2025-10-28 10:17:43.842317,45,67,2,0,43.89,4,3,3,3,TEST,NOISY,,3,1,1,2,2,2,NONE
b4c6d51f-d134-4e90-a1fc-5f7ecb571899,Inconsistent 3,38,8,morning,COMPLETED,2025-10-28 08:01:43.842317,2025-10-28 08:23:43.842317,25,22,2,1,64.43,2,3,4,3,WRITING,MUSIC,OTHER,1,0,0,3,2,3,NONE
b4c6d51f-d134-4e90-a1fc-5f7ecb571899,Inconsistent 3,40,16,afternoon,COMPLETED,2025-10-29 16:09:43.842317,2025-10-29 18:24:43.842317,90,135,1,6,38.17,2,4,2,5,READING,QUIET,,4,1,0,2,2,1,NONE
b4c6d51f-d134-4e90-a1fc-5f7ecb571899,Inconsistent 3,42,5,morning,COMPLETED,2025-10-30 05:46:43.842317,2025-10-30 06:46:43.842317,120,60,2,2,45.33,2,3,3,3,TEST,NOISY,,0,0,1,2,2,2,NONE
b4c6d51f-d134-4e90-a1fc-5f7ecb571899,Inconsistent 3,43,12,afternoon,COMPLETED,2025-10-31 12:11:43.842317,2025-10-31 12:40:43.842317,45,29,0,2,38.89,4,2,2,1,READING,MUSIC,OTHER,2,3,1,1,2,1,NONE
b4c6d51f-d134-4e90-a1fc-5f7ecb571899,Inconsistent 3,45,20,evening,COMPLETED,2025-11-02 20:42:43.842317,2025-11-02 22:12:43.842317,60,90,1,7,44.67,4,3,3,3,TEST,QUIET,,0,2,0,2,2,2,NONE
b4c6d51f-d134-4e90-a1fc-5f7ecb571899,Inconsistent 3,48,16,afternoon,COMPLETED,2025-11-06 16:15:43.842317,2025-11-06 17:22:43.842317,45,67,2,0,40.89,4,2,3,4,READING,MUSIC,LOFI,0,2,0,2,2,1,NONE
b4c6d51f-d134-4e90-a1fc-5f7ecb571899,Inconsistent 3,50,10,morning,COMPLETED,2025-11-06 10:18:43.842317,2025-11-06 12:33:43.842317,90,135,2,4,47.67,2,3,4,4,OTHER,NOISY,,2,1,2,3,2,2,NONE
b4c6d51f-d134-4e90-a1fc-5f7ecb571899,Inconsistent 3,51,11,morning,COMPLETED,2025-11-07 11:09:43.842317,2025-11-07 11:39:43.842317,45,30,1,3,59.0,2,4,3,1,TEST,MUSIC,AMBIENT,4,1,0,3,2,3,NONE
b4c6d51f-d134-4e90-a1fc-5f7ecb571899,Inconsistent 3,52,5,morning,COMPLETED,2025-11-08 05:20:43.842317,2025-11-08 06:20:43.842317,120,60,2,11,32.5,4,3,2,4,WRITING,QUIET,,3,1,2,2,2,1,NONE
b4c6d51f-d134-4e90-a1fc-5f7ecb571899,Inconsistent 3,54,10,morning,COMPLETED,2025-11-10 10:08:43.842317,2025-11-10 10:43:43.842317,45,35,1,4,51.06,3,2,3,3,TEST,QUIET,,2,1,0,2,2,2,NONE
b4c6d51f-d134-4e90-a1fc-5f7ecb571899,Inconsistent 3,56,23,night,COMPLETED,2025-11-12 23:32:43.842317,2025-11-13 00:57:43.842317,120,85,1,6,38.33,2,3,1,1,READING,QUIET,,1,0,1,1,2,1,NONE
b4c6d51f-d134-4e90-a1fc-5f7ecb571899,Inconsistent 3,57,14,afternoon,COMPLETED,2025-11-12 14:27:43.842317,2025-11-12 14:49:43.842317,45,22,2,5,38.5,3,2,3,3,TEST,QUIET,,4,4,1,2,2,2,FEW
b4c6d51f-d134-4e90-a1fc-5f7ecb571899,Inconsistent 3,58,7,morning,COMPLETED,2025-11-13 07:44:43.842317,2025-11-13 08:51:43.842317,45,67,0,6,43.89,5,2,3,1,WRITING,MUSIC,OTHER,4,3,1,2,2,2,NONE
b4c6d51f-d134-4e90-a1fc-5f7ecb571899,Inconsistent 3,59,12,afternoon,COMPLETED,2025-11-13 12:35:43.842317,2025-11-13 13:53:43.842317,90,78,0,4,54.67,1,3,3,3,READING,QUIET,,2,1,1,2,2,2,NONE
b4c6d51f-d134-4e90-a1fc-5f7ecb571899,Inconsistent 3,61,10,morning,COMPLETED,2025-11-15 10:23:43.842317,2025-11-15 11:57:43.842317,90,94,1,6,62.61,3,4,4,2,READING,NOISY,,2,2,2,3,2,3,NONE
b4c6d51f-d134-4e90-a1fc-5f7ecb571899,Inconsistent 3,62,17,evening,COMPLETED,2025-11-15 17:23:43.842317,2025-11-15 18:48:43.842317,60,85,1,5,46.0,5,2,3,3,TEST,MUSIC,CLASSICAL,2,1,1,2,2,2,NONE
b4c6d51f-d134-4e90-a1fc-5f7ecb571899,Inconsistent 3,63,10,morning,COMPLETED,2025-11-15 10:35:43.842317,2025-11-15 12:11:43.842317,90,96,0,0,67.0,1,3,4,1,OTHER,NOISY,,1,2,4,3,2,3,NONE
b4c6d51f-d134-4e90-a1fc-5f7ecb571899,Inconsistent 3,65,15,afternoon,COMPLETED,2025-11-17 15:13:43.842317,2025-11-17 17:12:43.842317,120,119,1,6,46.67,2,3,3,4,WRITING,NOISY,,4,3,0,2,2,1,NONE
b4c6d51f-d134-4e90-a1fc-5f7ecb571899,Inconsistent 3,66,11,morning,COMPLETED,2025-11-17 11:17:43.842317,2025-11-17 13:32:43.842317,90,135,0,6,58.0,3,4,3,3,TEST,MUSIC,CLASSICAL,3,0,0,3,2,3,NONE
b4c6d51f-d134-4e90-a1fc-5f7ecb571899,Inconsistent 3,67,11,morning,COMPLETED,2025-11-18 11:01:43.842317,2025-11-18 14:01:43.842317,120,180,2,6,49.67,2,5,2,3,WRITING,NOISY,,5,2,1,3,2,3,NONE
b4c6d51f-d134-4e90-a1fc-5f7ecb571899,Inconsistent 3,68,10,morning,COMPLETED,2025-11-19 10:10:43.842317,2025-11-19 10:55:43.842317,90,45,2,2,51.0,3,4,4,1,TEST,MUSIC,OTHER,9,0,0,3,2,3,FEW
b4c6d51f-d134-4e90-a1fc-5f7ecb571899,Inconsistent 3,69,15,afternoon,COMPLETED,2025-11-19 15:25:43.842317,2025-11-19 16:20:43.842317,60,55,0,6,63.0,1,4,4,2,WRITING,QUIET,,2,5,1,3,2,3,NONE
b4c6d51f-d134-4e90-a1fc-5f7ecb571899,Inconsistent 3,72,17,evening,COMPLETED,2025-11-22 17:36:43.842317,2025-11-22 18:13:43.842317,25,37,2,3,44.57,2,3,3,3,WRITING,QUIET,,1,1,0,2,2,2,NONE
b4c6d51f-d134-4e90-a1fc-5f7ecb571899,Inconsistent 3,74,17,evening,COMPLETED,2025-11-24 17:09:43.842317,2025-11-24 17:25:43.842317,25,16,3,3,42.47,2,4,1,1,READING,NOISY,,2,1,2,2,2,2,NONE
b4c6d51f-d134-4e90-a1fc-5f7ecb571899,Inconsistent 3,76,12,afternoon,COMPLETED,2025-11-26 12:09:43.842317,2025-11-26 13:09:43.842317,120,60,2,0,49.67,4,4,3,4,WRITING,QUIET,,2,3,0,3,2,2,NONE
b4c6d51f-d134-4e90-a1fc-5f7ecb571899,Inconsistent 3,77,11,morning,COMPLETED,2025-11-26 11:50:43.842317,2025-11-26 12:30:43.842317,45,40,1,3,51.78,2,3,2,3,OTHER,MUSIC,CLASSICAL,2,4,0,2,2,2,NONE
b4c6d51f-d134-4e90-a1fc-5f7ecb571899,Inconsistent 3,78,16,afternoon,COMPLETED,2025-11-26 16:42:43.842317,2025-11-26 18:57:43.842317,90,135,1,2,43.17,4,4,2,3,WRITING,MUSIC,LOFI,5,2,1,2,2,2,NONE
b4c6d51f-d134-4e90-a1fc-5f7ecb571899,Inconsistent 3,79,6,morning,COMPLETED,2025-11-27 06:17:43.842317,2025-11-27 07:15:43.842317,90,58,0,6,42.89,3,3,3,4,TEST,MUSIC,AMBIENT,0,4,2,2,2,1,NONE
b4c6d51f-d134-4e90-a1fc-5f7ecb571899,Inconsistent 3,80,10,morning,COMPLETED,2025-11-28 10:49:43.842317,2025-11-28 11:11:43.842317,45,22,1,5,44.33,2,3,3,3,TEST,QUIET,,3,0,1,2,2,2,NONE
b4c6d51f-d134-4e90-a1fc-5f7ecb571899,Inconsistent 3,81,5,morning,COMPLETED,2025-11-28 05:38:43.842317,2025-11-28 06:16:43.842317,60,38,0,1,52.83,3,3,2,2,WRITING,NOISY,,0,2,0,2,2,2,NONE
b4c6d51f-d134-4e90-a1fc-5f7ecb571899,Inconsistent 3,82,9,morning,COMPLETED,2025-11-29 09:50:43.842317,2025-11-29 11:01:43.842317,60,71,1,10,37.17,1,3,1,3,WRITING,QUIET,,2,2,0,1,2,1,NONE
b4c6d51f-d134-4e90-a1fc-5f7ecb571899,Inconsistent 3,84,13,afternoon,COMPLETED,2025-12-01 13:51:43.842317,2025-12-01 16:25:43.842317,120,154,1,1,31.33,3,2,1,2,TEST,MUSIC,CLASSICAL,6,2,1,1,1,1,FEW
b4c6d51f-d134-4e90-a1fc-5f7ecb571899,Inconsistent 3,86,13,afternoon,COMPLETED,2025-12-03 13:27:43.842317,2025-12-03 14:57:43.842317,60,90,1,6,42.5,5,3,2,3,WRITING,NOISY,,2,3,1,2,2,2,NONE
b4c6d51f-d134-4e90-a1fc-5f7ecb571899,Inconsistent 3,88,5,morning,COMPLETED,2025-12-05 05:01:43.842317,2025-12-05 05:56:43.842317,60,55,1,1,65.67,3,5,2,2,WRITING,NOISY,,1,2,1,3,2,3,NONE
b4c6d51f-d134-4e90-a1fc-5f7ecb571899,Inconsistent 3,92,10,morning,COMPLETED,2025-12-10 10:49:43.842317,2025-12-10 11:20:43.842317,45,31,3,6,52.28,1,4,3,1,OTHER,MUSIC,AMBIENT,1,4,1,3,2,3,NONE
b4c6d51f-d134-4e90-a1fc-5f7ecb571899,Inconsistent 3,94,7,morning,COMPLETED,2025-12-12 07:46:43.842317,2025-12-12 08:46:43.842317,120,60,1,3,40.33,3,3,3,4,READING,MUSIC,AMBIENT,1,3,0,2,2,1,NONE
b4c6d51f-d134-4e90-a1fc-5f7ecb571899,Inconsistent 3,95,15,afternoon,COMPLETED,2025-12-13 15:46:43.842317,2025-12-13 16:03:43.842317,25,17,0,11,29.43,3,2,1,2,READING,MUSIC,AMBIENT,2,4,1,1,1,1,NONE
b4c6d51f-d134-4e90-a1fc-5f7ecb571899,Inconsistent 3,96,17,evening,COMPLETED,2025-12-13 17:32:43.842317,2025-12-13 18:42:43.842317,60,70,2,2,39.0,2,1,1,1,WRITING,MUSIC,LOFI,2,1,1,1,2,1,NONE
b4c6d51f-d134-4e90-a1fc-5f7ecb571899,Inconsistent 3,97,20,evening,COMPLETED,2025-12-13 20:26:43.842317,2025-12-13 21:11:43.842317,90,45,1,9,38.67,2,4,2,4,TEST,MUSIC,LOFI,1,1,0,2,2,1,NONE
b4c6d51f-d134-4e90-a1fc-5f7ecb571899,Inconsistent 3,99,18,evening,COMPLETED,2025-12-14 18:05:43.842317,2025-12-14 19:01:43.842317,45,56,1,2,48.94,4,4,2,3,WRITING,MUSIC,CLASSICAL,3,4,0,2,2,2,NONE
b4c6d51f-d134-4e90-a1fc-5f7ecb571899,Inconsistent 3,100,17,evening,COMPLETED,2025-12-14 17:47:43.842317,2025-12-14 19:08:43.842317,60,81,2,4,35.67,3,2,2,1,TEST,QUIET,,1,0,1,1,2,1,NONE
70561018-3604-40ec-9177-c5f5833134ca,Disciplined 1,2,20,evening,COMPLETED,2025-10-07 20:56:43.848315,2025-10-07 22:41:43.848315,120,105,2,7,61.67,3,2,4,4,WRITING,QUIET,,3,2,3,3,4,2,NONE
70561018-3604-40ec-9177-c5f5833134ca,Disciplined 1,3,11,morning,COMPLETED,2025-10-08 11:08:43.848315,2025-10-08 12:12:43.848315,60,64,1,2,85.17,3,4,4,2,READING,NOISY,,2,3,1,4,4,4,NONE
70561018-3604-40ec-9177-c5f5833134ca,Disciplined 1,4,13,afternoon,COMPLETED,2025-10-09 13:11:43.848315,2025-10-09 14:31:43.848315,90,80,1,6,73.28,3,2,4,3,OTHER,QUIET,,1,0,2,3,4,3,NONE
70561018-3604-40ec-9177-c5f5833134ca,Disciplined 1,5,12,afternoon,COMPLETED,2025-10-09 12:13:43.848315,2025-10-09 12:35:43.848315,25,22,0,11,82.1,4,3,5,2,TEST,QUIET,,2,2,2,4,4,4,NONE
70561018-3604-40ec-9177-c5f5833134ca,Disciplined 1,6,9,morning,COMPLETED,2025-10-10 09:38:43.848315,2025-10-10 11:03:43.848315,90,85,1,4,82.39,5,3,5,3,WRITING,NOISY,,1,6,2,4,4,4,FEW
70561018-3604-40ec-9177-c5f5833134ca,Disciplined 1,7,6,morning,COMPLETED,2025-10-11 06:34:43.848315,2025-10-11 07:03:43.848315,25,29,2,0,82.47,4,4,5,2,OTHER,QUIET,,3,1,1,4,4,4,NONE
70561018-3604-40ec-9177-c5f5833134ca,Disciplined 1,8,6,morning,COMPLETED,2025-10-11 06:15:43.848315,2025-10-11 06:36:43.848315,25,21,2,2,82.13,4,3,5,2,WRITING,MUSIC,CLASSICAL,1,1,2,4,4,4,NONE
70561018-3604-40ec-9177-c5f5833134ca,Disciplined 1,9,12,afternoon,COMPLETED,2025-10-12 12:05:43.848315,2025-10-12 13:35:43.848315,90,90,0,0,81.0,3,2,5,2,READING,MUSIC,LOFI,2,1,0,3,4,3,NONE
70561018-3604-40ec-9177-c5f5833134ca,Disciplined 1,10,8,morning,COMPLETED,2025-10-12 08:41:43.848315,2025-10-12 10:35:43.848315,120,114,2,4,84.0,2,4,5,1,TEST,MUSIC,LOFI,1,2,0,4,4,4,NONE
70561018-3604-40ec-9177-c5f5833134ca,Disciplined 1,11,8,morning,COMPLETED,2025-10-13 08:58:43.848315,2025-10-13 09:51:43.848315,45,53,0,8,93.44,3,5,5,2,TEST,QUIET,,2,2,2,5,4,5,NONE
70561018-3604-40ec-9177-c5f5833134ca,Disciplined 1,12,11,morning,COMPLETED,2025-10-14 11:35:43.848315,2025-10-14 11:53:43.848315,25,18,3,6,70.23,3,4,5,5,WRITING,MUSIC,LOFI,3,0,1,4,4,3,NONE
70561018-3604-40ec-9177-c5f5833134ca,Disciplined 1,13,15,afternoon,COMPLETED,2025-10-14 15:22:43.848315,2025-10-14 15:58:43.848315,45,36,0,6,70.0,2,2,5,2,READING,NOISY,,3,4,2,3,4,3,FEW
70561018-3604-40ec-9177-c5f5833134ca,Disciplined 1,15,6,morning,COMPLETED,2025-10-15 06:57:43.848315,2025-10-15 07:41:43.848315,45,44,2,0,85.22,1,4,5,2,READING,MUSIC,AMBIENT,2,2,1,4,4,4,NONE
70561018-3604-40ec-9177-c5f5833134ca,Disciplined 1,16,14,afternoon,COMPLETED,2025-10-16 14:35:43.848315,2025-10-16 14:59:43.848315,25,24,1,4,75.03,1,3,4,2,READING,QUIET,,2,2,0,3,4,3,NONE
70561018-3604-40ec-9177-c5f5833134ca,Disciplined 1,17,13,afternoon,COMPLETED,2025-10-16 13:17:43.848315,2025-10-16 14:41:43.848315,90,84,1,7,71.67,3,3,3,3,TEST,NOISY,,2,2,2,3,4,3,NONE
70561018-3604-40ec-9177-c5f5833134ca,Disciplined 1,18,10,morning,COMPLETED,2025-10-17 10:04:43.848315,2025-10-17 10:50:43.848315,45,46,1,2,76.39,4,3,4,3,OTHER,QUIET,,0,3,1,3,4,3,NONE
70561018-3604-40ec-9177-c5f5833134ca,Disciplined 1,19,17,evening,COMPLETED,2025-10-17 17:55:43.848315,2025-10-17 19:45:43.848315,120,110,1,9,72.33,2,2,5,2,TEST,MUSIC,OTHER,1,1,1,3,4,3,NONE
70561018-3604-40ec-9177-c5f5833134ca,Disciplined 1,21,13,afternoon,COMPLETED,2025-10-19 13:37:43.848315,2025-10-19 14:15:43.848315,45,38,1,1,84.56,3,3,5,3,READING,MUSIC,AMBIENT,2,3,0,4,4,4,NONE
70561018-3604-40ec-9177-c5f5833134ca,Disciplined 1,22,9,morning,COMPLETED,2025-10-19 09:14:43.848315,2025-10-19 09:38:43.848315,25,24,1,3,79.53,1,4,5,5,READING,MUSIC,AMBIENT,1,3,3,4,4,3,NONE
70561018-3604-40ec-9177-c5f5833134ca,Disciplined 1,24,10,morning,COMPLETED,2025-10-19 10:30:43.848315,2025-10-19 12:08:43.848315,90,98,2,6,81.56,5,4,4,3,READING,QUIET,,3,1,0,4,4,4,NONE
70561018-3604-40ec-9177-c5f5833134ca,Disciplined 1,25,10,morning,COMPLETED,2025-10-20 10:56:43.848315,2025-10-20 11:15:43.848315,25,19,0,3,76.03,5,2,5,1,READING,MUSIC,CLASSICAL,1,0,0,3,4,3,NONE
70561018-3604-40ec-9177-c5f5833134ca,Disciplined 1,26,13,afternoon,COMPLETED,2025-10-21 13:48:43.848315,2025-10-21 14:14:43.848315,25,26,2,3,82.7,3,5,4,3,TEST,QUIET,,2,3,1,4,4,4,NONE
70561018-3604-40ec-9177-c5f5833134ca,Disciplined 1,27,13,afternoon,COMPLETED,2025-10-21 13:43:43.848315,2025-10-21 14:44:43.848315,60,61,2,9,71.17,1,4,3,3,READING,MUSIC,LOFI,2,0,1,3,4,3,NONE
70561018-3604-40ec-9177-c5f5833134ca,Disciplined 1,30,8,morning,COMPLETED,2025-10-25 08:11:43.848315,2025-10-25 09:02:43.848315,60,51,0,8,85.0,3,3,5,2,OTHER,MUSIC,LOFI,2,1,0,4,4,4,NONE
70561018-3604-40ec-9177-c5f5833134ca,Disciplined 1,32,23,night,COMPLETED,2025-10-26 23:22:43.848315,2025-10-27 00:02:43.848315,45,40,0,7,61.61,3,1,4,2,TEST,MUSIC,OTHER,4,1,2,2,4,2,NONE
70561018-3604-40ec-9177-c5f5833134ca,Disciplined 1,33,7,morning,COMPLETED,2025-10-26 07:58:43.848315,2025-10-26 08:43:43.848315,45,45,1,4,99.83,5,5,5,1,READING,MUSIC,CLASSICAL,0,1,0,5,4,5,NONE
70561018-3604-40ec-9177-c5f5833134ca,Disciplined 1,34,16,afternoon,COMPLETED,2025-10-27 16:16:43.848315,2025-10-27 17:31:43.848315,60,75,0,2,62.67,3,1,4,3,WRITING,MUSIC,AMBIENT,0,3,2,2,4,2,NONE
70561018-3604-40ec-9177-c5f5833134ca,Disciplined 1,35,15,afternoon,COMPLETED,2025-10-27 15:13:43.848315,2025-10-27 15:37:43.848315,25,24,1,4,73.7,3,2,5,2,OTHER,QUIET,,1,2,3,3,4,3,NONE
70561018-3604-40ec-9177-c5f5833134ca,Disciplined 1,36,16,afternoon,COMPLETED,2025-10-27 16:53:43.848315,2025-10-27 17:36:43.848315,45,43,2,5,56.61,1,3,2,1,TEST,QUIET,,2,1,0,2,3,2,NONE
70561018-3604-40ec-9177-c5f5833134ca,Disciplined 1,39,15,afternoon,COMPLETED,2025-10-28 15:38:43.848315,2025-10-28 16:26:43.848315,45,48,3,4,64.5,3,4,3,4,READING,QUIET,,0,3,1,3,4,2,NONE
70561018-3604-40ec-9177-c5f5833134ca,Disciplined 1,40,7,morning,COMPLETED,2025-10-29 07:36:43.848315,2025-10-29 08:27:43.848315,60,51,0,7,73.17,1,3,3,3,TEST,QUIET,,2,3,0,3,4,3,NONE
70561018-3604-40ec-9177-c5f5833134ca,Disciplined 1,42,13,afternoon,COMPLETED,2025-11-01 13:47:43.848315,2025-11-01 14:47:43.848315,60,60,0,3,65.17,3,2,3,3,TEST,QUIET,,2,5,1,2,4,2,NONE
70561018-3604-40ec-9177-c5f5833134ca,Disciplined 1,43,12,afternoon,COMPLETED,2025-11-02 12:00:43.848315,2025-11-02 13:02:43.848315,60,62,0,2,74.67,3,3,3,3,READING,QUIET,,3,3,4,3,4,3,FEW
70561018-3604-40ec-9177-c5f5833134ca,Disciplined 1,44,9,morning,COMPLETED,2025-11-02 09:12:43.848315,2025-11-02 09:36:43.848315,25,24,1,10,67.03,4,3,4,5,OTHER,MUSIC,CLASSICAL,2,1,1,3,4,2,NONE
70561018-3604-40ec-9177-c5f5833134ca,Disciplined 1,45,12,afternoon,COMPLETED,2025-11-03 12:06:43.848315,2025-11-03 13:27:43.848315,90,81,2,2,72.33,4,2,5,3,WRITING,NOISY,,3,1,0,3,4,3,NONE
70561018-3604-40ec-9177-c5f5833134ca,Disciplined 1,46,13,afternoon,COMPLETED,2025-11-03 13:06:43.848315,2025-11-03 13:33:43.848315,25,27,1,7,75.4,3,2,4,3,READING,NOISY,,0,0,0,3,4,3,NONE
70561018-3604-40ec-9177-c5f5833134ca,Disciplined 1,47,8,morning,COMPLETED,2025-11-03 08:05:43.848315,2025-11-03 09:43:43.848315,90,98,1,6,95.06,4,5,5,1,OTHER,QUIET,,2,2,0,5,4,5,NONE
70561018-3604-40ec-9177-c5f5833134ca,Disciplined 1,48,6,morning,COMPLETED,2025-11-03 06:18:43.848315,2025-11-03 07:07:43.848315,45,49,0,9,69.06,2,3,4,5,OTHER,MUSIC,CLASSICAL,1,2,1,3,4,2,NONE
70561018-3604-40ec-9177-c5f5833134ca,Disciplined 1,49,11,morning,COMPLETED,2025-11-03 11:58:43.848315,2025-11-03 12:46:43.848315,45,48,0,6,85.0,3,4,4,2,READING,QUIET,,1,3,3,4,4,4,NONE
70561018-3604-40ec-9177-c5f5833134ca,Disciplined 1,50,6,morning,COMPLETED,2025-11-04 06:55:43.848315,2025-11-04 07:52:43.848315,60,57,2,5,73.17,2,3,4,1,TEST,QUIET,,2,0,0,3,4,3,NONE
70561018-3604-40ec-9177-c5f5833134ca,Disciplined 1,51,13,afternoon,COMPLETED,2025-11-04 13:33:43.848315,2025-11-04 15:11:43.848315,90,98,1,3,84.22,3,4,4,1,READING,QUIET,,3,3,0,4,4,4,NONE
70561018-3604-40ec-9177-c5f5833134ca,Disciplined 1,52,9,morning,COMPLETED,2025-11-05 09:48:43.848315,2025-11-05 10:41:43.848315,60,53,1,4,82.5,1,3,5,1,OTHER,QUIET,,3,3,1,4,4,4,NONE
70561018-3604-40ec-9177-c5f5833134ca,Disciplined 1,53,14,afternoon,COMPLETED,2025-11-06 14:21:43.848315,2025-11-06 14:47:43.848315,25,26,1,2,86.37,5,3,5,3,TEST,QUIET,,1,3,1,4,4,4,NONE
70561018-3604-40ec-9177-c5f5833134ca,Disciplined 1,54,6,morning,COMPLETED,2025-11-07 06:29:43.848315,2025-11-07 07:22:43.848315,60,53,1,9,81.33,2,4,4,3,TEST,NOISY,,2,2,1,4,4,4,NONE
70561018-3604-40ec-9177-c5f5833134ca,Disciplined 1,55,5,morning,COMPLETED,2025-11-07 05:43:43.848315,2025-11-07 06:46:43.848315,60,63,2,4,84.0,4,4,4,2,TEST,NOISY,,1,1,1,4,4,4,NONE
70561018-3604-40ec-9177-c5f5833134ca,Disciplined 1,56,22,night,COMPLETED,2025-11-08 22:38:43.848315,2025-11-08 23:37:43.848315,60,59,0,1,78.17,1,2,4,1,READING,MUSIC,LOFI,3,1,2,3,4,3,NONE
70561018-3604-40ec-9177-c5f5833134ca,Disciplined 1,57,5,morning,COMPLETED,2025-11-08 05:44:43.848315,2025-11-08 06:23:43.848315,45,39,1,4,82.83,1,3,5,3,TEST,MUSIC,CLASSICAL,3,1,2,4,4,4,NONE
70561018-3604-40ec-9177-c5f5833134ca,Disciplined 1,58,5,morning,COMPLETED,2025-11-09 05:15:43.848315,2025-11-09 06:08:43.848315,60,53,1,7,70.0,3,3,4,3,WRITING,MUSIC,OTHER,2,4,1,3,4,3,NONE
70561018-3604-40ec-9177-c5f5833134ca,Disciplined 1,59,14,afternoon,COMPLETED,2025-11-09 14:21:43.848315,2025-11-09 15:52:43.848315,90,91,2,1,76.61,4,3,4,2,READING,MUSIC,CLASSICAL,1,0,0,3,4,3,NONE
70561018-3604-40ec-9177-c5f5833134ca,Disciplined 1,61,7,morning,COMPLETED,2025-11-10 07:37:43.848315,2025-11-10 08:25:43.848315,45,48,2,5,84.5,3,4,4,3,WRITING,QUIET,,0,1,0,4,4,4,NONE
70561018-3604-40ec-9177-c5f5833134ca,Disciplined 1,62,13,afternoon,COMPLETED,2025-11-10 13:26:43.848315,2025-11-10 14:53:43.848315,90,87,2,1,74.83,2,2,4,1,WRITING,NOISY,,3,0,0,3,4,3,NONE
70561018-3604-40ec-9177-c5f5833134ca,Disciplined 1,63,10,morning,COMPLETED,2025-11-11 10:49:43.848315,2025-11-11 11:32:43.848315,45,43,0,6,72.11,5,3,4,4,WRITING,MUSIC,CLASSICAL,2,0,1,3,4,2,NONE
70561018-3604-40ec-9177-c5f5833134ca,Disciplined 1,64,16,afternoon,COMPLETED,2025-11-11 16:23:43.848315,2025-11-11 17:12:43.848315,45,49,1,6,82.72,2,4,5,1,READING,QUIET,,2,3,1,4,4,4,NONE
70561018-3604-40ec-9177-c5f5833134ca,Disciplined 1,65,17,evening,COMPLETED,2025-11-11 17:31:43.848315,2025-11-11 19:23:43.848315,120,112,2,8,76.67,3,4,5,4,OTHER,QUIET,,2,1,0,4,4,3,NONE
70561018-3604-40ec-9177-c5f5833134ca,Disciplined 1,66,11,morning,COMPLETED,2025-11-12 11:30:43.848315,2025-11-12 12:10:43.848315,45,40,3,6,70.94,3,4,5,5,WRITING,MUSIC,OTHER,4,4,0,4,4,3,NONE
70561018-3604-40ec-9177-c5f5833134ca,Disciplined 1,67,6,morning,COMPLETED,2025-11-13 06:36:43.848315,2025-11-13 07:05:43.848315,25,29,1,2,80.63,3,4,5,2,READING,QUIET,,3,6,1,4,4,4,FEW
70561018-3604-40ec-9177-c5f5833134ca,Disciplined 1,69,8,morning,COMPLETED,2025-11-14 08:34:43.848315,2025-11-14 09:09:43.848315,45,35,0,5,59.72,2,2,3,3,TEST,MUSIC,AMBIENT,6,1,1,2,4,2,NONE
70561018-3604-40ec-9177-c5f5833134ca,Disciplined 1,71,9,morning,COMPLETED,2025-11-16 09:13:43.848315,2025-11-16 09:56:43.848315,45,43,0,2,86.78,3,4,5,2,WRITING,MUSIC,CLASSICAL,1,6,1,4,4,4,NONE
70561018-3604-40ec-9177-c5f5833134ca,Disciplined 1,72,8,morning,COMPLETED,2025-11-16 08:58:43.848315,2025-11-16 09:52:43.848315,60,54,1,1,86.33,1,3,5,2,WRITING,QUIET,,1,2,1,4,4,4,NONE
70561018-3604-40ec-9177-c5f5833134ca,Disciplined 1,73,15,afternoon,COMPLETED,2025-11-16 15:13:43.848315,2025-11-16 16:17:43.848315,60,64,1,3,70.0,2,3,4,5,READING,MUSIC,OTHER,1,2,1,3,4,2,NONE
70561018-3604-40ec-9177-c5f5833134ca,Disciplined 1,74,7,morning,COMPLETED,2025-11-17 07:31:43.848315,2025-11-17 08:18:43.848315,60,47,0,4,83.0,3,4,4,3,WRITING,QUIET,,4,2,1,4,4,4,NONE
70561018-3604-40ec-9177-c5f5833134ca,Disciplined 1,75,6,morning,COMPLETED,2025-11-18 06:52:43.848315,2025-11-18 07:40:43.848315,45,48,0,2,82.0,3,4,5,4,OTHER,NOISY,,3,3,1,4,4,3,NONE
70561018-3604-40ec-9177-c5f5833134ca,Disciplined 1,76,16,afternoon,COMPLETED,2025-11-18 16:16:43.848315,2025-11-18 17:36:43.848315,90,80,0,5,97.61,2,5,5,2,READING,NOISY,,2,1,1,5,4,5,NONE
70561018-3604-40ec-9177-c5f5833134ca,Disciplined 1,77,5,morning,COMPLETED,2025-11-19 05:39:43.848315,2025-11-19 07:15:43.848315,90,96,1,0,77.17,2,3,5,4,TEST,QUIET,,4,5,3,4,4,3,FEW
70561018-3604-40ec-9177-c5f5833134ca,Disciplined 1,78,16,afternoon,COMPLETED,2025-11-20 16:01:43.848315,2025-11-20 17:06:43.848315,60,65,0,6,75.0,3,4,3,2,TEST,MUSIC,LOFI,2,2,1,3,4,3,NONE
70561018-3604-40ec-9177-c5f5833134ca,Disciplined 1,79,9,morning,COMPLETED,2025-11-20 09:17:43.848315,2025-11-20 09:41:43.848315,25,24,1,9,78.53,3,4,4,4,TEST,QUIET,,1,2,1,4,4,3,NONE
70561018-3604-40ec-9177-c5f5833134ca,Disciplined 1,80,6,morning,COMPLETED,2025-11-20 06:30:43.848315,2025-11-20 07:16:43.848315,45,46,0,6,86.56,3,3,5,2,READING,QUIET,,3,3,0,4,4,4,NONE
70561018-3604-40ec-9177-c5f5833134ca,Disciplined 1,82,12,afternoon,COMPLETED,2025-11-22 12:42:43.848315,2025-11-22 13:12:43.848315,25,30,0,3,74.83,2,4,3,3,READING,QUIET,,1,1,2,3,4,3,NONE
70561018-3604-40ec-9177-c5f5833134ca,Disciplined 1,85,16,afternoon,COMPLETED,2025-11-23 16:02:43.848315,2025-11-23 17:02:43.848315,60,60,0,1,90.83,3,4,4,2,TEST,MUSIC,CLASSICAL,2,2,0,4,4,4,NONE
70561018-3604-40ec-9177-c5f5833134ca,Disciplined 1,87,12,afternoon,COMPLETED,2025-11-24 12:42:43.848315,2025-11-24 13:09:43.848315,25,27,0,4,76.73,3,3,3,2,TEST,MUSIC,LOFI,1,1,2,3,4,3,NONE
70561018-3604-40ec-9177-c5f5833134ca,Disciplined 1,88,15,afternoon,COMPLETED,2025-11-25 15:08:43.848315,2025-11-25 15:30:43.848315,25,22,2,6,72.6,2,3,5,4,READING,QUIET,,1,4,4,4,4,3,FEW
70561018-3604-40ec-9177-c5f5833134ca,Disciplined 1,90,12,afternoon,COMPLETED,2025-11-28 12:02:43.848315,2025-11-28 12:47:43.848315,45,45,0,1,79.83,3,2,5,1,TEST,MUSIC,LOFI,0,2,2,3,4,3,NONE
70561018-3604-40ec-9177-c5f5833134ca,Disciplined 1,91,11,morning,COMPLETED,2025-11-29 11:55:43.848315,2025-11-29 12:19:43.848315,25,24,0,10,77.87,3,4,4,4,TEST,QUIET,,3,2,3,4,4,3,NONE
70561018-3604-40ec-9177-c5f5833134ca,Disciplined 1,92,16,afternoon,COMPLETED,2025-11-30 16:50:43.848315,2025-11-30 17:58:43.848315,60,68,2,6,69.67,3,2,4,2,READING,NOISY,,2,1,1,3,4,3,NONE
70561018-3604-40ec-9177-c5f5833134ca,Disciplined 1,93,13,afternoon,COMPLETED,2025-11-30 13:27:43.848315,2025-11-30 15:15:43.848315,120,108,1,8,56.83,4,2,3,2,WRITING,MUSIC,CLASSICAL,4,4,2,2,4,2,FEW
70561018-3604-40ec-9177-c5f5833134ca,Disciplined 1,94,12,afternoon,COMPLETED,2025-12-01 12:20:43.848315,2025-12-01 13:14:43.848315,60,54,3,5,69.67,3,2,5,2,WRITING,MUSIC,LOFI,1,1,0,3,4,3,NONE
70561018-3604-40ec-9177-c5f5833134ca,Disciplined 1,95,14,afternoon,COMPLETED,2025-12-02 14:38:43.848315,2025-12-02 16:06:43.848315,90,88,1,4,76.72,3,3,3,3,WRITING,MUSIC,OTHER,1,0,1,3,4,3,NONE
70561018-3604-40ec-9177-c5f5833134ca,Disciplined 1,96,22,night,COMPLETED,2025-12-02 22:21:43.848315,2025-12-02 23:07:43.848315,45,46,1,10,58.72,3,1,4,3,READING,MUSIC,AMBIENT,4,4,0,2,4,2,NONE
70561018-3604-40ec-9177-c5f5833134ca,Disciplined 1,97,16,afternoon,COMPLETED,2025-12-02 16:27:43.848315,2025-12-02 16:52:43.848315,25,25,1,3,76.33,3,2,5,3,OTHER,QUIET,,4,0,0,3,4,3,NONE
70561018-3604-40ec-9177-c5f5833134ca,Disciplined 1,98,5,morning,COMPLETED,2025-12-02 05:58:43.848315,2025-12-02 06:41:43.848315,45,43,1,10,69.94,4,3,4,2,TEST,MUSIC,AMBIENT,3,4,0,3,4,3,NONE
70561018-3604-40ec-9177-c5f5833134ca,Disciplined 1,99,12,afternoon,COMPLETED,2025-12-02 12:45:43.848315,2025-12-02 14:22:43.848315,90,97,2,2,61.11,4,1,3,3,TEST,MUSIC,LOFI,2,2,1,2,4,2,NONE
70561018-3604-40ec-9177-c5f5833134ca,Disciplined 1,100,14,afternoon,COMPLETED,2025-12-02 14:31:43.848315,2025-12-02 15:16:43.848315,45,45,1,2,88.5,3,4,5,3,TEST,MUSIC,OTHER,1,1,1,4,4,4,NONE
f999d24c-f4f9-46ca-bbfb-4bc37041cb17,Disciplined 2,1,12,afternoon,COMPLETED,2025-10-07 12:39:43.858103,2025-10-07 13:29:43.858103,45,50,2,3,70.94,4,3,4,1,WRITING,QUIET,,3,2,0,3,4,3,NONE
f999d24c-f4f9-46ca-bbfb-4bc37041cb17,Disciplined 2,3,12,afternoon,COMPLETED,2025-10-10 12:50:43.858103,2025-10-10 14:44:43.858103,120,114,2,2,66.33,3,3,3,3,TEST,MUSIC,AMBIENT,3,4,0,3,3,3,NONE
f999d24c-f4f9-46ca-bbfb-4bc37041cb17,Disciplined 2,6,23,night,COMPLETED,2025-10-14 23:29:43.858103,2025-10-15 01:34:43.858103,120,125,2,1,78.0,2,4,4,4,TEST,NOISY,,3,2,2,4,4,3,NONE
f999d24c-f4f9-46ca-bbfb-4bc37041cb17,Disciplined 2,7,10,morning,COMPLETED,2025-10-15 10:15:43.858103,2025-10-15 11:14:43.858103,60,59,1,3,80.0,4,5,4,4,READING,QUIET,,2,3,2,4,4,3,NONE
f999d24c-f4f9-46ca-bbfb-4bc37041cb17,Disciplined 2,8,17,evening,COMPLETED,2025-10-16 17:45:43.858103,2025-10-16 18:10:43.858103,25,25,1,4,67.5,1,2,3,1,TEST,NOISY,,0,0,0,2,4,2,NONE
f999d24c-f4f9-46ca-bbfb-4bc37041cb17,Disciplined 2,9,5,morning,COMPLETED,2025-10-17 05:34:43.858103,2025-10-17 06:12:43.858103,45,38,2,7,61.72,4,4,3,3,READING,NOISY,,2,3,2,3,3,3,NONE
f999d24c-f4f9-46ca-bbfb-4bc37041cb17,Disciplined 2,10,11,morning,COMPLETED,2025-10-18 11:06:43.858103,2025-10-18 12:37:43.858103,90,91,2,0,82.78,4,4,5,1,OTHER,QUIET,,6,1,2,4,4,4,FEW
f999d24c-f4f9-46ca-bbfb-4bc37041cb17,Disciplined 2,13,15,afternoon,COMPLETED,2025-10-21 15:00:43.858103,2025-10-21 16:36:43.858103,90,96,0,2,71.67,2,3,4,4,TEST,QUIET,,2,1,3,3,4,2,NONE
f999d24c-f4f9-46ca-bbfb-4bc37041cb17,Disciplined 2,14,9,morning,COMPLETED,2025-10-21 09:17:43.858103,2025-10-21 09:58:43.858103,45,41,0,6,86.56,4,3,5,1,READING,MUSIC,CLASSICAL,3,1,0,4,4,4,NONE
f999d24c-f4f9-46ca-bbfb-4bc37041cb17,Disciplined 2,16,11,morning,COMPLETED,2025-10-24 11:23:43.858103,2025-10-24 12:04:43.858103,45,41,1,2,72.39,3,3,4,1,WRITING,MUSIC,LOFI,4,2,2,3,4,3,NONE
f999d24c-f4f9-46ca-bbfb-4bc37041cb17,Disciplined 2,17,5,morning,COMPLETED,2025-10-24 05:35:43.858103,2025-10-24 06:01:43.858103,25,26,0,5,81.7,3,5,3,3,READING,MUSIC,OTHER,1,2,3,4,3,4,NONE
f999d24c-f4f9-46ca-bbfb-4bc37041cb17,Disciplined 2,18,8,morning,COMPLETED,2025-10-25 08:45:43.858103,2025-10-25 10:57:43.858103,120,132,0,2,98.67,3,5,5,1,WRITING,NOISY,,1,3,1,5,4,5,NONE
f999d24c-f4f9-46ca-bbfb-4bc37041cb17,Disciplined 2,20,17,evening,COMPLETED,2025-10-26 17:54:43.858103,2025-10-26 18:42:43.858103,45,48,2,7,71.17,4,2,4,1,WRITING,MUSIC,AMBIENT,0,3,0,3,4,3,NONE
f999d24c-f4f9-46ca-bbfb-4bc37041cb17,Disciplined 2,21,5,morning,COMPLETED,2025-10-27 05:14:43.858103,2025-10-27 05:54:43.858103,45,40,1,6,82.94,4,4,5,3,TEST,QUIET,,2,3,0,4,4,4,NONE
f999d24c-f4f9-46ca-bbfb-4bc37041cb17,Disciplined 2,22,5,morning,COMPLETED,2025-10-27 05:14:43.858103,2025-10-27 06:00:43.858103,45,46,1,1,85.22,2,3,5,3,WRITING,MUSIC,CLASSICAL,4,2,2,4,4,4,NONE
f999d24c-f4f9-46ca-bbfb-4bc37041cb17,Disciplined 2,23,16,afternoon,COMPLETED,2025-10-28 16:16:43.858103,2025-10-28 18:10:43.858103,120,114,0,3,88.17,2,3,5,2,WRITING,NOISY,,1,4,0,4,4,4,NONE
f999d24c-f4f9-46ca-bbfb-4bc37041cb17,Disciplined 2,24,9,morning,COMPLETED,2025-10-29 09:37:43.858103,2025-10-29 11:02:43.858103,90,85,2,6,80.89,3,4,4,2,TEST,QUIET,,4,2,0,4,4,4,NONE
f999d24c-f4f9-46ca-bbfb-4bc37041cb17,Disciplined 2,25,17,evening,COMPLETED,2025-10-29 17:10:43.858103,2025-10-29 17:53:43.858103,45,43,1,7,73.44,4,3,4,2,TEST,MUSIC,CLASSICAL,2,2,0,3,4,3,NONE
f999d24c-f4f9-46ca-bbfb-4bc37041cb17,Disciplined 2,26,8,morning,COMPLETED,2025-10-29 08:39:43.858103,2025-10-29 09:25:43.858103,45,46,0,6,78.22,1,2,5,3,READING,MUSIC,AMBIENT,0,1,1,3,4,3,NONE
f999d24c-f4f9-46ca-bbfb-4bc37041cb17,Disciplined 2,27,14,afternoon,COMPLETED,2025-10-29 14:23:43.858103,2025-10-29 16:24:43.858103,120,121,1,2,76.67,3,2,4,1,TEST,MUSIC,AMBIENT,0,3,1,3,4,3,NONE
f999d24c-f4f9-46ca-bbfb-4bc37041cb17,Disciplined 2,29,14,afternoon,COMPLETED,2025-11-01 14:52:43.858103,2025-11-01 15:16:43.858103,25,24,4,8,65.53,4,2,4,2,TEST,QUIET,,1,2,1,3,4,3,NONE
f999d24c-f4f9-46ca-bbfb-4bc37041cb17,Disciplined 2,30,21,night,COMPLETED,2025-11-02 21:04:43.858103,2025-11-02 21:27:43.858103,25,23,0,2,72.73,3,3,4,5,WRITING,MUSIC,AMBIENT,2,1,1,3,4,2,NONE
f999d24c-f4f9-46ca-bbfb-4bc37041cb17,Disciplined 2,32,13,afternoon,COMPLETED,2025-11-03 13:17:43.858103,2025-11-03 14:56:43.858103,90,99,1,3,72.33,3,3,4,2,READING,MUSIC,AMBIENT,1,6,0,3,4,3,NONE
f999d24c-f4f9-46ca-bbfb-4bc37041cb17,Disciplined 2,33,8,morning,COMPLETED,2025-11-03 08:23:43.858103,2025-11-03 09:02:43.858103,45,39,0,9,82.17,3,5,4,1,OTHER,QUIET,,4,2,1,4,4,4,NONE
f999d24c-f4f9-46ca-bbfb-4bc37041cb17,Disciplined 2,34,15,afternoon,COMPLETED,2025-11-03 15:29:43.858103,2025-11-03 16:33:43.858103,60,64,2,7,80.17,4,3,5,2,READING,MUSIC,LOFI,5,1,0,4,4,4,NONE
f999d24c-f4f9-46ca-bbfb-4bc37041cb17,Disciplined 2,35,12,afternoon,COMPLETED,2025-11-03 12:21:43.858103,2025-11-03 12:40:43.858103,25,19,1,6,80.37,2,4,4,3,READING,QUIET,,3,0,2,4,4,4,NONE
f999d24c-f4f9-46ca-bbfb-4bc37041cb17,Disciplined 2,36,6,morning,COMPLETED,2025-11-03 06:25:43.858103,2025-11-03 06:52:43.858103,25,27,1,5,82.07,3,4,5,1,READING,QUIET,,5,2,1,4,4,4,NONE
f999d24c-f4f9-46ca-bbfb-4bc37041cb17,Disciplined 2,38,16,afternoon,COMPLETED,2025-11-06 16:33:43.858103,2025-11-06 18:38:43.858103,120,125,1,4,59.67,1,1,4,4,TEST,NOISY,,1,2,0,2,4,1,NONE
f999d24c-f4f9-46ca-bbfb-4bc37041cb17,Disciplined 2,39,10,morning,COMPLETED,2025-11-06 10:58:43.858103,2025-11-06 13:10:43.858103,120,132,2,0,94.67,3,5,5,2,TEST,QUIET,,3,1,1,5,4,5,NONE
f999d24c-f4f9-46ca-bbfb-4bc37041cb17,Disciplined 2,40,6,morning,COMPLETED,2025-11-07 06:41:43.858103,2025-11-07 07:40:43.858103,60,59,1,4,76.17,5,2,4,3,READING,QUIET,,1,1,1,3,4,3,NONE
f999d24c-f4f9-46ca-bbfb-4bc37041cb17,Disciplined 2,41,21,night,COMPLETED,2025-11-07 21:55:43.858103,2025-11-08 00:10:43.858103,120,135,0,7,73.0,3,3,4,3,READING,QUIET,,3,1,2,3,4,3,NONE
f999d24c-f4f9-46ca-bbfb-4bc37041cb17,Disciplined 2,44,7,morning,COMPLETED,2025-11-11 07:20:43.858103,2025-11-11 09:15:43.858103,120,115,0,4,97.5,4,5,5,3,TEST,NOISY,,2,1,4,5,4,5,NONE
f999d24c-f4f9-46ca-bbfb-4bc37041cb17,Disciplined 2,45,10,morning,COMPLETED,2025-11-12 10:51:43.858103,2025-11-12 11:58:43.858103,60,67,0,0,87.67,2,3,5,3,TEST,MUSIC,LOFI,5,1,0,4,4,4,NONE
f999d24c-f4f9-46ca-bbfb-4bc37041cb17,Disciplined 2,46,6,morning,COMPLETED,2025-11-12 06:21:43.858103,2025-11-12 07:53:43.858103,90,92,1,6,84.72,4,5,4,2,WRITING,QUIET,,1,3,1,4,4,4,NONE
f999d24c-f4f9-46ca-bbfb-4bc37041cb17,Disciplined 2,48,16,afternoon,COMPLETED,2025-11-15 16:07:43.858103,2025-11-15 17:02:43.858103,60,55,1,5,66.0,1,3,3,2,TEST,MUSIC,OTHER,5,1,2,3,3,3,NONE
f999d24c-f4f9-46ca-bbfb-4bc37041cb17,Disciplined 2,49,8,morning,COMPLETED,2025-11-15 08:49:43.858103,2025-11-15 10:28:43.858103,90,99,0,4,87.33,3,4,5,3,WRITING,QUIET,,2,0,2,4,4,4,NONE
f999d24c-f4f9-46ca-bbfb-4bc37041cb17,Disciplined 2,50,15,afternoon,COMPLETED,2025-11-16 15:31:43.858103,2025-11-16 16:27:43.858103,60,56,1,7,82.67,3,4,5,3,READING,NOISY,,3,2,1,4,4,4,NONE
f999d24c-f4f9-46ca-bbfb-4bc37041cb17,Disciplined 2,51,7,morning,COMPLETED,2025-11-17 07:02:43.858103,2025-11-17 07:50:43.858103,45,48,1,4,86.83,3,4,4,3,WRITING,QUIET,,1,1,0,4,4,4,NONE
f999d24c-f4f9-46ca-bbfb-4bc37041cb17,Disciplined 2,52,14,afternoon,COMPLETED,2025-11-18 14:27:43.858103,2025-11-18 15:42:43.858103,90,75,1,4,84.83,2,4,4,2,TEST,MUSIC,AMBIENT,0,1,1,4,4,4,NONE
f999d24c-f4f9-46ca-bbfb-4bc37041cb17,Disciplined 2,54,5,morning,COMPLETED,2025-11-19 05:20:43.858103,2025-11-19 05:41:43.858103,25,21,0,2,87.13,5,4,5,1,WRITING,MUSIC,OTHER,3,0,1,4,4,4,NONE
f999d24c-f4f9-46ca-bbfb-4bc37041cb17,Disciplined 2,55,16,afternoon,COMPLETED,2025-11-19 16:52:43.858103,2025-11-19 18:26:43.858103,90,94,1,6,86.94,3,3,5,2,TEST,MUSIC,LOFI,0,1,0,4,4,4,NONE
f999d24c-f4f9-46ca-bbfb-4bc37041cb17,Disciplined 2,56,12,afternoon,COMPLETED,2025-11-20 12:34:43.858103,2025-11-20 12:50:43.858103,25,16,1,7,60.8,3,3,3,2,TEST,MUSIC,AMBIENT,2,3,1,3,3,3,NONE
f999d24c-f4f9-46ca-bbfb-4bc37041cb17,Disciplined 2,58,12,afternoon,COMPLETED,2025-11-22 12:14:43.858103,2025-11-22 12:59:43.858103,45,45,0,2,69.33,3,3,3,4,READING,QUIET,,0,4,0,3,3,2,NONE
f999d24c-f4f9-46ca-bbfb-4bc37041cb17,Disciplined 2,59,17,evening,COMPLETED,2025-11-23 17:13:43.858103,2025-11-23 18:15:43.858103,60,62,2,6,69.0,2,2,4,2,READING,QUIET,,3,5,0,3,4,3,NONE
f999d24c-f4f9-46ca-bbfb-4bc37041cb17,Disciplined 2,60,12,afternoon,COMPLETED,2025-11-23 12:22:43.858103,2025-11-23 13:57:43.858103,90,95,2,6,81.56,3,3,5,1,READING,QUIET,,1,1,3,4,4,4,NONE
f999d24c-f4f9-46ca-bbfb-4bc37041cb17,Disciplined 2,61,18,evening,COMPLETED,2025-11-23 18:00:43.858103,2025-11-23 19:34:43.858103,90,94,2,5,50.94,3,1,3,4,TEST,MUSIC,AMBIENT,1,2,1,2,3,1,NONE
f999d24c-f4f9-46ca-bbfb-4bc37041cb17,Disciplined 2,62,11,morning,COMPLETED,2025-11-24 11:44:43.858103,2025-11-24 13:32:43.858103,120,108,1,9,82.33,5,4,5,2,TEST,MUSIC,AMBIENT,2,2,0,4,4,4,NONE
f999d24c-f4f9-46ca-bbfb-4bc37041cb17,Disciplined 2,63,12,afternoon,COMPLETED,2025-11-25 12:03:43.858103,2025-11-25 12:48:43.858103,45,45,2,4,72.67,3,3,4,2,WRITING,MUSIC,AMBIENT,3,2,0,3,4,3,NONE
f999d24c-f4f9-46ca-bbfb-4bc37041cb17,Disciplined 2,64,23,night,COMPLETED,2025-11-26 23:18:43.858103,2025-11-27 00:02:43.858103,45,44,0,4,77.89,4,3,4,1,WRITING,MUSIC,LOFI,1,2,1,3,4,3,NONE
f999d24c-f4f9-46ca-bbfb-4bc37041cb17,Disciplined 2,68,8,morning,COMPLETED,2025-12-01 08:57:43.858103,2025-12-01 09:45:43.858103,45,48,1,0,86.17,4,4,4,3,WRITING,MUSIC,OTHER,2,2,2,4,4,4,NONE
f999d24c-f4f9-46ca-bbfb-4bc37041cb17,Disciplined 2,69,11,morning,COMPLETED,2025-12-02 11:20:43.858103,2025-12-02 12:28:43.858103,60,68,2,4,81.0,4,4,5,1,READING,MUSIC,AMBIENT,2,2,1,4,4,4,NONE
f999d24c-f4f9-46ca-bbfb-4bc37041cb17,Disciplined 2,70,13,afternoon,COMPLETED,2025-12-02 13:47:43.858103,2025-12-02 14:50:43.858103,60,63,3,10,67.5,3,3,4,3,WRITING,MUSIC,CLASSICAL,3,0,0,3,4,3,NONE
f999d24c-f4f9-46ca-bbfb-4bc37041cb17,Disciplined 2,72,13,afternoon,COMPLETED,2025-12-05 13:12:43.858103,2025-12-05 14:12:43.858103,60,60,1,4,57.17,4,2,3,3,TEST,QUIET,,1,6,1,2,3,2,NONE
f999d24c-f4f9-46ca-bbfb-4bc37041cb17,Disciplined 2,74,9,morning,COMPLETED,2025-12-07 09:48:43.858103,2025-12-07 10:40:43.858103,45,52,2,2,82.22,1,4,5,2,WRITING,NOISY,,2,2,0,4,4,4,NONE
f999d24c-f4f9-46ca-bbfb-4bc37041cb17,Disciplined 2,75,17,evening,COMPLETED,2025-12-08 17:55:43.858103,2025-12-08 18:57:43.858103,60,62,2,5,60.5,2,1,4,1,TEST,NOISY,,2,3,0,2,4,2,NONE
f999d24c-f4f9-46ca-bbfb-4bc37041cb17,Disciplined 2,76,19,evening,COMPLETED,2025-12-09 19:23:43.858103,2025-12-09 20:23:43.858103,60,60,0,4,61.0,4,2,3,3,OTHER,MUSIC,LOFI,1,4,1,2,3,2,NONE
f999d24c-f4f9-46ca-bbfb-4bc37041cb17,Disciplined 2,78,5,morning,COMPLETED,2025-12-11 05:25:43.858103,2025-12-11 06:20:43.858103,60,55,1,7,79.33,2,4,5,4,OTHER,MUSIC,LOFI,0,2,1,4,4,3,NONE
f999d24c-f4f9-46ca-bbfb-4bc37041cb17,Disciplined 2,79,11,morning,COMPLETED,2025-12-12 11:08:43.858103,2025-12-12 11:50:43.858103,45,42,1,6,81.17,3,4,5,1,WRITING,QUIET,,1,7,1,4,4,4,FEW
f999d24c-f4f9-46ca-bbfb-4bc37041cb17,Disciplined 2,81,16,afternoon,COMPLETED,2025-12-15 16:40:43.858103,2025-12-15 18:26:43.858103,120,106,1,3,67.0,3,4,3,2,READING,QUIET,,3,3,1,3,3,3,NONE
f999d24c-f4f9-46ca-bbfb-4bc37041cb17,Disciplined 2,82,5,morning,COMPLETED,2025-12-15 05:35:43.858103,2025-12-15 06:33:43.858103,60,58,1,9,72.67,5,3,4,3,TEST,MUSIC,OTHER,2,2,0,3,4,3,NONE
f999d24c-f4f9-46ca-bbfb-4bc37041cb17,Disciplined 2,83,13,afternoon,COMPLETED,2025-12-16 13:24:43.858103,2025-12-16 14:02:43.858103,45,38,1,5,84.56,2,4,4,3,OTHER,QUIET,,0,0,2,4,4,4,NONE
f999d24c-f4f9-46ca-bbfb-4bc37041cb17,Disciplined 2,84,17,evening,COMPLETED,2025-12-16 17:40:43.858103,2025-12-16 19:47:43.858103,120,127,0,7,73.67,3,2,4,2,TEST,NOISY,,3,4,0,3,4,3,NONE
f999d24c-f4f9-46ca-bbfb-4bc37041cb17,Disciplined 2,85,22,night,COMPLETED,2025-12-16 22:22:43.858103,2025-12-16 23:06:43.858103,45,44,2,1,48.06,2,1,2,4,TEST,QUIET,,1,2,0,1,3,1,NONE
f999d24c-f4f9-46ca-bbfb-4bc37041cb17,Disciplined 2,86,14,afternoon,COMPLETED,2025-12-16 14:17:43.858103,2025-12-16 15:13:43.858103,60,56,1,3,71.0,3,2,4,2,WRITING,NOISY,,4,3,3,3,4,3,FEW
f999d24c-f4f9-46ca-bbfb-4bc37041cb17,Disciplined 2,87,6,morning,COMPLETED,2025-12-16 06:16:43.858103,2025-12-16 07:14:43.858103,60,58,0,8,77.0,2,3,4,3,TEST,NOISY,,2,0,0,3,4,3,NONE
f999d24c-f4f9-46ca-bbfb-4bc37041cb17,Disciplined 2,88,9,morning,COMPLETED,2025-12-16 09:19:43.858103,2025-12-16 09:46:43.858103,25,27,0,5,85.23,1,4,5,3,WRITING,QUIET,,4,2,1,4,4,4,NONE
f999d24c-f4f9-46ca-bbfb-4bc37041cb17,Disciplined 2,89,17,evening,COMPLETED,2025-12-16 17:51:43.858103,2025-12-16 19:38:43.858103,120,107,2,3,68.0,3,3,4,4,READING,MUSIC,OTHER,1,1,0,3,4,2,NONE
f999d24c-f4f9-46ca-bbfb-4bc37041cb17,Disciplined 2,90,6,morning,COMPLETED,2025-12-17 06:36:43.858103,2025-12-17 07:34:43.858103,60,58,2,7,75.83,3,4,5,5,READING,NOISY,,5,0,1,4,4,3,NONE
f999d24c-f4f9-46ca-bbfb-4bc37041cb17,Disciplined 2,91,16,afternoon,COMPLETED,2025-12-18 16:00:43.858103,2025-12-18 17:02:43.858103,60,62,1,3,69.33,4,3,4,5,WRITING,MUSIC,OTHER,3,0,3,3,4,2,NONE
f999d24c-f4f9-46ca-bbfb-4bc37041cb17,Disciplined 2,92,15,afternoon,COMPLETED,2025-12-18 15:35:43.858103,2025-12-18 17:00:43.858103,90,85,2,4,56.89,3,3,2,1,TEST,QUIET,,3,0,0,2,3,2,NONE
f999d24c-f4f9-46ca-bbfb-4bc37041cb17,Disciplined 2,93,21,night,COMPLETED,2025-12-19 21:25:43.858103,2025-12-19 22:18:43.858103,45,53,2,0,56.44,3,2,3,3,OTHER,MUSIC,LOFI,0,3,0,2,3,2,NONE
f999d24c-f4f9-46ca-bbfb-4bc37041cb17,Disciplined 2,94,10,morning,COMPLETED,2025-12-19 10:28:43.858103,2025-12-19 11:20:43.858103,45,52,1,7,70.56,2,3,4,3,READING,NOISY,,1,4,0,3,4,3,NONE
f999d24c-f4f9-46ca-bbfb-4bc37041cb17,Disciplined 2,95,14,afternoon,COMPLETED,2025-12-20 14:32:43.858103,2025-12-20 15:28:43.858103,60,56,1,1,87.0,3,4,5,3,TEST,MUSIC,LOFI,2,2,0,4,4,4,NONE
f999d24c-f4f9-46ca-bbfb-4bc37041cb17,Disciplined 2,96,13,afternoon,COMPLETED,2025-12-21 13:21:43.858103,2025-12-21 13:45:43.858103,25,24,0,5,59.7,2,2,3,3,OTHER,QUIET,,2,2,2,2,3,2,NONE
f999d24c-f4f9-46ca-bbfb-4bc37041cb17,Disciplined 2,98,10,morning,COMPLETED,2025-12-23 10:49:43.858103,2025-12-23 11:37:43.858103,45,48,0,7,84.5,2,4,5,2,TEST,MUSIC,CLASSICAL,1,5,1,4,4,4,NONE
f999d24c-f4f9-46ca-bbfb-4bc37041cb17,Disciplined 2,100,10,morning,COMPLETED,2025-12-25 10:59:43.858103,2025-12-25 11:28:43.858103,25,29,3,4,77.97,3,5,4,3,TEST,MUSIC,AMBIENT,1,2,2,4,4,4,NONE
af0f6f7f-c760-4cac-bc0a-40faffe62964,Disciplined 3,1,7,morning,COMPLETED,2025-10-07 07:02:43.863628,2025-10-07 08:44:43.863628,90,102,1,8,82.17,2,4,5,4,READING,MUSIC,CLASSICAL,2,2,0,4,5,3,NONE
af0f6f7f-c760-4cac-bc0a-40faffe62964,Disciplined 3,2,11,morning,COMPLETED,2025-10-07 11:52:43.863628,2025-10-07 13:48:43.863628,120,116,1,2,79.83,2,2,5,1,TEST,MUSIC,CLASSICAL,3,2,1,3,5,3,NONE
af0f6f7f-c760-4cac-bc0a-40faffe62964,Disciplined 3,4,11,morning,COMPLETED,2025-10-08 11:40:43.863628,2025-10-08 12:46:43.863628,60,66,2,2,78.0,5,3,4,3,READING,MUSIC,OTHER,0,3,0,3,5,3,NONE
af0f6f7f-c760-4cac-bc0a-40faffe62964,Disciplined 3,5,14,afternoon,COMPLETED,2025-10-09 14:41:43.863628,2025-10-09 15:26:43.863628,45,45,1,7,62.67,3,1,4,2,TEST,NOISY,,2,3,0,2,4,2,NONE
af0f6f7f-c760-4cac-bc0a-40faffe62964,Disciplined 3,6,22,night,COMPLETED,2025-10-09 22:08:43.863628,2025-10-09 23:11:43.863628,60,63,1,5,80.0,2,3,4,2,OTHER,MUSIC,AMBIENT,2,0,1,3,5,3,NONE
af0f6f7f-c760-4cac-bc0a-40faffe62964,Disciplined 3,7,10,morning,COMPLETED,2025-10-10 10:43:43.863628,2025-10-10 13:01:43.863628,120,138,2,6,81.0,2,3,5,5,READING,MUSIC,OTHER,2,1,0,4,5,3,NONE
af0f6f7f-c760-4cac-bc0a-40faffe62964,Disciplined 3,8,9,morning,COMPLETED,2025-10-10 09:07:43.863628,2025-10-10 09:54:43.863628,45,47,0,2,87.44,4,4,5,4,TEST,MUSIC,LOFI,2,5,0,4,5,3,NONE
af0f6f7f-c760-4cac-bc0a-40faffe62964,Disciplined 3,9,13,afternoon,COMPLETED,2025-10-11 13:50:43.863628,2025-10-11 14:34:43.863628,45,44,2,0,90.22,4,3,5,2,TEST,MUSIC,AMBIENT,1,2,2,4,5,4,NONE
af0f6f7f-c760-4cac-bc0a-40faffe62964,Disciplined 3,10,7,morning,COMPLETED,2025-10-11 07:15:43.863628,2025-10-11 08:28:43.863628,60,73,1,1,86.0,3,4,4,4,READING,QUIET,,0,1,0,4,5,3,NONE
af0f6f7f-c760-4cac-bc0a-40faffe62964,Disciplined 3,11,11,morning,COMPLETED,2025-10-12 11:44:43.863628,2025-10-12 13:49:43.863628,120,125,1,8,91.0,4,4,5,3,READING,QUIET,,1,0,0,4,5,4,NONE
af0f6f7f-c760-4cac-bc0a-40faffe62964,Disciplined 3,12,14,afternoon,COMPLETED,2025-10-13 14:24:43.863628,2025-10-13 14:50:43.863628,25,26,0,3,92.7,3,3,5,2,READING,MUSIC,CLASSICAL,1,2,3,4,5,4,NONE
af0f6f7f-c760-4cac-bc0a-40faffe62964,Disciplined 3,13,12,afternoon,COMPLETED,2025-10-13 12:17:43.863628,2025-10-13 13:13:43.863628,60,56,0,8,86.67,4,4,5,4,READING,QUIET,,0,2,1,4,5,3,NONE
af0f6f7f-c760-4cac-bc0a-40faffe62964,Disciplined 3,14,9,morning,COMPLETED,2025-10-13 09:59:43.863628,2025-10-13 10:43:43.863628,45,44,0,4,92.56,2,4,5,2,WRITING,QUIET,,3,3,0,4,5,4,NONE
af0f6f7f-c760-4cac-bc0a-40faffe62964,Disciplined 3,15,15,afternoon,COMPLETED,2025-10-14 15:26:43.863628,2025-10-14 16:54:43.863628,90,88,2,5,71.72,4,3,4,2,WRITING,NOISY,,2,1,2,3,4,3,NONE
af0f6f7f-c760-4cac-bc0a-40faffe62964,Disciplined 3,16,8,morning,COMPLETED,2025-10-14 08:17:43.863628,2025-10-14 09:05:43.863628,45,48,1,6,88.17,3,3,5,1,WRITING,QUIET,,3,2,1,4,5,4,NONE
af0f6f7f-c760-4cac-bc0a-40faffe62964,Disciplined 3,17,16,afternoon,COMPLETED,2025-10-14 16:13:43.863628,2025-10-14 16:41:43.863628,25,28,1,6,88.43,3,3,5,3,READING,QUIET,,1,3,0,4,5,4,NONE
af0f6f7f-c760-4cac-bc0a-40faffe62964,Disciplined 3,18,11,morning,COMPLETED,2025-10-14 11:50:43.863628,2025-10-14 12:39:43.863628,45,49,2,1,90.39,4,4,5,1,TEST,QUIET,,0,2,0,4,5,4,NONE
af0f6f7f-c760-4cac-bc0a-40faffe62964,Disciplined 3,19,12,afternoon,COMPLETED,2025-10-15 12:57:43.863628,2025-10-15 14:21:43.863628,90,84,1,8,79.5,4,3,4,3,WRITING,QUIET,,0,1,0,3,5,3,NONE
af0f6f7f-c760-4cac-bc0a-40faffe62964,Disciplined 3,20,15,afternoon,COMPLETED,2025-10-15 15:47:43.863628,2025-10-15 16:29:43.863628,45,42,3,6,78.83,2,4,5,5,TEST,QUIET,,2,1,2,4,5,3,NONE
af0f6f7f-c760-4cac-bc0a-40faffe62964,Disciplined 3,21,7,morning,COMPLETED,2025-10-16 07:38:43.863628,2025-10-16 08:06:43.863628,25,28,1,2,90.43,4,3,5,1,WRITING,QUIET,,4,0,0,4,5,4,NONE
af0f6f7f-c760-4cac-bc0a-40faffe62964,Disciplined 3,22,12,afternoon,COMPLETED,2025-10-17 12:48:43.863628,2025-10-17 14:52:43.863628,120,124,1,0,93.83,2,4,5,2,READING,QUIET,,0,2,1,4,5,4,NONE
af0f6f7f-c760-4cac-bc0a-40faffe62964,Disciplined 3,24,17,evening,COMPLETED,2025-10-20 17:10:43.863628,2025-10-20 19:05:43.863628,120,115,1,6,77.67,4,2,5,3,READING,NOISY,,3,2,1,3,5,3,NONE
af0f6f7f-c760-4cac-bc0a-40faffe62964,Disciplined 3,25,17,evening,COMPLETED,2025-10-20 17:17:43.863628,2025-10-20 19:17:43.863628,120,120,2,3,77.5,4,1,5,1,READING,QUIET,,1,2,3,3,5,3,NONE
af0f6f7f-c760-4cac-bc0a-40faffe62964,Disciplined 3,26,11,morning,COMPLETED,2025-10-20 11:07:43.863628,2025-10-20 13:17:43.863628,120,130,0,8,84.33,4,5,4,2,WRITING,QUIET,,3,2,1,4,4,4,NONE
af0f6f7f-c760-4cac-bc0a-40faffe62964,Disciplined 3,27,6,morning,COMPLETED,2025-10-21 06:12:43.863628,2025-10-21 06:33:43.863628,25,21,2,6,78.8,4,4,5,4,TEST,MUSIC,OTHER,2,4,0,4,5,3,NONE
af0f6f7f-c760-4cac-bc0a-40faffe62964,Disciplined 3,28,20,evening,COMPLETED,2025-10-22 20:13:43.863628,2025-10-22 20:58:43.863628,45,45,0,7,79.83,3,2,5,3,OTHER,MUSIC,LOFI,4,2,1,3,5,3,NONE
af0f6f7f-c760-4cac-bc0a-40faffe62964,Disciplined 3,29,5,morning,COMPLETED,2025-10-22 05:23:43.863628,2025-10-22 06:31:43.863628,60,68,2,1,86.83,3,4,5,3,TEST,MUSIC,LOFI,4,1,1,4,5,4,NONE
af0f6f7f-c760-4cac-bc0a-40faffe62964,Disciplined 3,31,11,morning,COMPLETED,2025-10-24 11:34:43.863628,2025-10-24 12:25:43.863628,60,51,2,6,82.67,3,4,5,2,WRITING,NOISY,,4,3,1,4,5,4,NONE
af0f6f7f-c760-4cac-bc0a-40faffe62964,Disciplined 3,32,9,morning,COMPLETED,2025-10-24 09:34:43.863628,2025-10-24 11:03:43.863628,90,89,2,5,87.28,3,3,5,2,WRITING,MUSIC,OTHER,3,2,1,4,5,4,NONE
af0f6f7f-c760-4cac-bc0a-40faffe62964,Disciplined 3,33,8,morning,COMPLETED,2025-10-24 08:29:43.863628,2025-10-24 10:09:43.863628,90,100,2,8,84.44,3,4,5,1,READING,MUSIC,AMBIENT,5,0,0,4,5,4,NONE
af0f6f7f-c760-4cac-bc0a-40faffe62964,Disciplined 3,34,14,afternoon,COMPLETED,2025-10-24 14:59:43.863628,2025-10-24 15:59:43.863628,60,60,1,3,75.67,3,3,3,2,WRITING,QUIET,,2,3,0,3,4,3,NONE
af0f6f7f-c760-4cac-bc0a-40faffe62964,Disciplined 3,35,10,morning,COMPLETED,2025-10-25 10:12:43.863628,2025-10-25 10:53:43.863628,45,41,1,0,90.72,3,4,5,3,TEST,QUIET,,1,2,3,4,5,4,NONE
af0f6f7f-c760-4cac-bc0a-40faffe62964,Disciplined 3,36,5,morning,COMPLETED,2025-10-25 05:21:43.863628,2025-10-25 06:03:43.863628,45,42,1,5,89.33,4,3,5,2,TEST,NOISY,,3,1,1,4,5,4,NONE
af0f6f7f-c760-4cac-bc0a-40faffe62964,Disciplined 3,37,8,morning,COMPLETED,2025-10-26 08:35:43.863628,2025-10-26 09:37:43.863628,60,62,3,4,87.5,2,3,5,3,WRITING,QUIET,,1,1,0,4,5,4,NONE
af0f6f7f-c760-4cac-bc0a-40faffe62964,Disciplined 3,39,15,afternoon,COMPLETED,2025-10-28 15:26:43.863628,2025-10-28 15:49:43.863628,25,23,0,0,81.73,3,2,5,2,WRITING,QUIET,,4,0,3,3,5,3,NONE
af0f6f7f-c760-4cac-bc0a-40faffe62964,Disciplined 3,40,20,evening,COMPLETED,2025-10-29 20:06:43.863628,2025-10-29 20:30:43.863628,25,24,2,7,71.03,4,3,4,3,TEST,MUSIC,CLASSICAL,3,1,0,3,4,3,NONE
af0f6f7f-c760-4cac-bc0a-40faffe62964,Disciplined 3,47,15,afternoon,COMPLETED,2025-11-05 15:41:43.863628,2025-11-05 16:29:43.863628,45,48,0,4,79.33,2,2,5,1,READING,NOISY,,3,3,2,3,5,3,NONE
af0f6f7f-c760-4cac-bc0a-40faffe62964,Disciplined 3,48,16,afternoon,COMPLETED,2025-11-05 16:53:43.863628,2025-11-05 18:21:43.863628,90,88,2,5,67.39,4,3,4,4,TEST,MUSIC,AMBIENT,1,3,0,3,4,2,NONE
af0f6f7f-c760-4cac-bc0a-40faffe62964,Disciplined 3,49,10,morning,COMPLETED,2025-11-06 10:24:43.863628,2025-11-06 11:08:43.863628,45,44,1,4,92.72,3,3,5,2,TEST,MUSIC,OTHER,1,1,0,4,5,4,NONE
af0f6f7f-c760-4cac-bc0a-40faffe62964,Disciplined 3,50,22,night,COMPLETED,2025-11-06 22:17:43.863628,2025-11-06 23:56:43.863628,90,99,1,9,65.67,4,3,4,4,READING,NOISY,,1,3,1,3,4,2,NONE
af0f6f7f-c760-4cac-bc0a-40faffe62964,Disciplined 3,51,13,afternoon,COMPLETED,2025-11-07 13:14:43.863628,2025-11-07 14:21:43.863628,60,67,0,6,63.33,4,2,3,1,READING,QUIET,,2,1,2,2,4,2,NONE
af0f6f7f-c760-4cac-bc0a-40faffe62964,Disciplined 3,52,11,morning,COMPLETED,2025-11-08 11:34:43.863628,2025-11-08 12:01:43.863628,25,27,1,2,85.57,2,4,5,4,TEST,MUSIC,OTHER,3,1,1,4,5,3,NONE
af0f6f7f-c760-4cac-bc0a-40faffe62964,Disciplined 3,54,20,evening,COMPLETED,2025-11-09 20:55:43.863628,2025-11-09 21:38:43.863628,45,43,1,4,62.61,2,2,3,2,READING,NOISY,,1,4,1,2,4,2,NONE
af0f6f7f-c760-4cac-bc0a-40faffe62964,Disciplined 3,55,11,morning,COMPLETED,2025-11-09 11:47:43.863628,2025-11-09 12:44:43.863628,60,57,0,0,78.67,3,4,3,3,WRITING,NOISY,,3,1,1,3,4,3,NONE
af0f6f7f-c760-4cac-bc0a-40faffe62964,Disciplined 3,56,12,afternoon,COMPLETED,2025-11-10 12:20:43.863628,2025-11-10 13:03:43.863628,45,43,0,7,74.61,2,2,4,2,TEST,QUIET,,3,2,1,3,4,3,NONE
af0f6f7f-c760-4cac-bc0a-40faffe62964,Disciplined 3,58,22,night,COMPLETED,2025-11-11 22:37:43.863628,2025-11-11 23:03:43.863628,25,26,1,8,79.37,3,2,4,1,TEST,QUIET,,0,2,0,3,5,3,NONE
af0f6f7f-c760-4cac-bc0a-40faffe62964,Disciplined 3,59,16,afternoon,COMPLETED,2025-11-12 16:37:43.863628,2025-11-12 18:05:43.863628,90,88,0,3,77.06,3,3,4,3,WRITING,MUSIC,OTHER,3,3,0,3,4,3,NONE
af0f6f7f-c760-4cac-bc0a-40faffe62964,Disciplined 3,60,8,morning,COMPLETED,2025-11-12 08:04:43.863628,2025-11-12 08:53:43.863628,60,49,0,6,89.67,3,4,5,3,OTHER,NOISY,,1,3,0,4,5,4,NONE
af0f6f7f-c760-4cac-bc0a-40faffe62964,Disciplined 3,62,15,afternoon,COMPLETED,2025-11-13 15:32:43.863628,2025-11-13 16:18:43.863628,45,46,2,4,79.89,2,3,4,3,READING,NOISY,,0,1,0,3,5,3,NONE
af0f6f7f-c760-4cac-bc0a-40faffe62964,Disciplined 3,63,14,afternoon,COMPLETED,2025-11-14 14:30:43.863628,2025-11-14 15:24:43.863628,60,54,1,8,98.17,3,5,5,3,WRITING,QUIET,,3,1,1,5,5,5,NONE
af0f6f7f-c760-4cac-bc0a-40faffe62964,Disciplined 3,64,19,evening,COMPLETED,2025-11-14 19:51:43.863628,2025-11-14 20:18:43.863628,25,27,3,5,64.07,3,2,4,2,TEST,MUSIC,CLASSICAL,5,2,4,3,4,3,FEW
af0f6f7f-c760-4cac-bc0a-40faffe62964,Disciplined 3,65,8,morning,COMPLETED,2025-11-15 08:33:43.863628,2025-11-15 09:25:43.863628,45,52,1,5,82.56,3,5,4,2,TEST,NOISY,,2,3,0,4,4,4,NONE
af0f6f7f-c760-4cac-bc0a-40faffe62964,Disciplined 3,66,6,morning,COMPLETED,2025-11-16 06:18:43.863628,2025-11-16 06:41:43.863628,25,23,0,7,90.57,1,4,5,2,TEST,MUSIC,OTHER,2,2,1,4,5,4,NONE
af0f6f7f-c760-4cac-bc0a-40faffe62964,Disciplined 3,67,21,night,COMPLETED,2025-11-17 21:04:43.863628,2025-11-17 21:46:43.863628,45,42,2,7,80.83,2,3,5,5,TEST,MUSIC,LOFI,0,5,0,4,5,3,NONE
af0f6f7f-c760-4cac-bc0a-40faffe62964,Disciplined 3,68,9,morning,COMPLETED,2025-11-18 09:37:43.863628,2025-11-18 10:17:43.863628,45,40,1,0,85.28,2,4,4,3,READING,MUSIC,CLASSICAL,2,4,0,4,4,4,NONE
af0f6f7f-c760-4cac-bc0a-40faffe62964,Disciplined 3,69,5,morning,COMPLETED,2025-11-19 05:41:43.863628,2025-11-19 06:23:43.863628,45,42,2,12,83.33,4,4,5,2,WRITING,MUSIC,LOFI,2,1,2,4,5,4,NONE
af0f6f7f-c760-4cac-bc0a-40faffe62964,Disciplined 3,71,16,afternoon,COMPLETED,2025-11-20 16:31:43.863628,2025-11-20 16:55:43.863628,25,24,1,4,74.37,3,1,5,4,READING,MUSIC,CLASSICAL,4,1,0,3,5,2,NONE
af0f6f7f-c760-4cac-bc0a-40faffe62964,Disciplined 3,72,13,afternoon,COMPLETED,2025-11-20 13:21:43.863628,2025-11-20 14:02:43.863628,45,41,2,3,83.06,3,3,5,4,WRITING,QUIET,,1,2,1,4,5,3,NONE
af0f6f7f-c760-4cac-bc0a-40faffe62964,Disciplined 3,73,15,afternoon,COMPLETED,2025-11-20 15:43:43.863628,2025-11-20 16:10:43.863628,25,27,0,1,89.23,2,3,5,5,WRITING,MUSIC,AMBIENT,1,1,2,4,5,3,NONE
af0f6f7f-c760-4cac-bc0a-40faffe62964,Disciplined 3,74,8,morning,COMPLETED,2025-11-21 08:07:43.863628,2025-11-21 09:50:43.863628,120,103,1,5,82.83,2,3,5,4,WRITING,QUIET,,2,2,1,4,5,3,NONE
af0f6f7f-c760-4cac-bc0a-40faffe62964,Disciplined 3,77,15,afternoon,COMPLETED,2025-11-22 15:50:43.863628,2025-11-22 16:16:43.863628,25,26,0,10,89.87,3,4,5,1,READING,NOISY,,1,4,0,4,5,4,NONE
af0f6f7f-c760-4cac-bc0a-40faffe62964,Disciplined 3,78,15,afternoon,COMPLETED,2025-11-23 15:19:43.863628,2025-11-23 16:28:43.863628,60,69,1,3,79.0,3,3,4,3,OTHER,MUSIC,OTHER,1,1,1,3,5,3,NONE
af0f6f7f-c760-4cac-bc0a-40faffe62964,Disciplined 3,79,22,night,COMPLETED,2025-11-23 22:13:43.863628,2025-11-23 22:54:43.863628,45,41,1,7,73.22,3,2,4,5,READING,QUIET,,1,2,0,3,5,2,NONE
af0f6f7f-c760-4cac-bc0a-40faffe62964,Disciplined 3,81,10,morning,COMPLETED,2025-11-23 10:38:43.863628,2025-11-23 11:16:43.863628,45,38,3,10,75.06,3,4,4,2,READING,MUSIC,AMBIENT,2,2,1,4,4,4,NONE
af0f6f7f-c760-4cac-bc0a-40faffe62964,Disciplined 3,83,6,morning,COMPLETED,2025-11-23 06:31:43.863628,2025-11-23 08:31:43.863628,120,120,0,9,85.5,2,4,5,5,TEST,QUIET,,3,2,1,4,5,3,NONE
af0f6f7f-c760-4cac-bc0a-40faffe62964,Disciplined 3,84,11,morning,COMPLETED,2025-11-23 11:28:43.863628,2025-11-23 12:12:43.863628,45,44,1,7,89.22,4,3,5,2,READING,MUSIC,AMBIENT,2,2,1,4,5,4,NONE
af0f6f7f-c760-4cac-bc0a-40faffe62964,Disciplined 3,85,23,night,COMPLETED,2025-11-23 23:44:43.863628,2025-11-24 01:24:43.863628,90,100,1,3,64.44,2,1,3,2,TEST,MUSIC,AMBIENT,2,0,0,2,4,2,NONE
af0f6f7f-c760-4cac-bc0a-40faffe62964,Disciplined 3,88,10,morning,COMPLETED,2025-11-25 10:24:43.863628,2025-11-25 11:07:43.863628,45,43,2,0,88.44,4,3,5,2,READING,QUIET,,4,2,1,4,5,4,NONE
af0f6f7f-c760-4cac-bc0a-40faffe62964,Disciplined 3,89,11,morning,COMPLETED,2025-11-25 11:20:43.863628,2025-11-25 11:56:43.863628,45,36,3,3,74.33,1,4,4,1,OTHER,MUSIC,OTHER,5,4,1,4,4,4,FEW
af0f6f7f-c760-4cac-bc0a-40faffe62964,Disciplined 3,90,13,afternoon,COMPLETED,2025-11-25 13:52:43.863628,2025-11-25 14:16:43.863628,25,24,1,6,85.03,3,4,5,4,WRITING,NOISY,,1,2,1,4,5,3,NONE
af0f6f7f-c760-4cac-bc0a-40faffe62964,Disciplined 3,92,17,evening,COMPLETED,2025-11-26 17:33:43.863628,2025-11-26 19:14:43.863628,120,101,0,7,57.33,3,1,4,3,TEST,MUSIC,LOFI,5,4,3,2,4,2,FEW
af0f6f7f-c760-4cac-bc0a-40faffe62964,Disciplined 3,94,5,morning,COMPLETED,2025-11-27 05:28:43.863628,2025-11-27 06:12:43.863628,45,44,1,1,90.89,3,4,5,2,WRITING,QUIET,,4,3,0,4,5,4,NONE
af0f6f7f-c760-4cac-bc0a-40faffe62964,Disciplined 3,95,5,morning,COMPLETED,2025-11-27 05:03:43.863628,2025-11-27 05:51:43.863628,45,48,3,10,83.83,3,4,5,2,READING,MUSIC,AMBIENT,0,0,2,4,5,4,NONE
af0f6f7f-c760-4cac-bc0a-40faffe62964,Disciplined 3,96,12,afternoon,COMPLETED,2025-11-28 12:40:43.863628,2025-11-28 15:01:43.863628,120,141,0,7,91.33,4,4,5,1,TEST,MUSIC,CLASSICAL,1,0,0,4,5,4,NONE
af0f6f7f-c760-4cac-bc0a-40faffe62964,Disciplined 3,97,16,afternoon,COMPLETED,2025-11-28 16:24:43.863628,2025-11-28 18:12:43.863628,120,108,1,4,78.83,4,2,5,3,TEST,NOISY,,3,1,0,3,5,3,NONE
af0f6f7f-c760-4cac-bc0a-40faffe62964,Disciplined 3,98,12,afternoon,COMPLETED,2025-11-29 12:12:43.863628,2025-11-29 13:11:43.863628,60,59,1,0,79.5,1,3,3,1,TEST,MUSIC,CLASSICAL,0,1,0,3,4,3,NONE
af0f6f7f-c760-4cac-bc0a-40faffe62964,Disciplined 3,100,6,morning,COMPLETED,2025-12-01 06:10:43.863628,2025-12-01 06:49:43.863628,45,39,0,6,87.33,4,3,5,2,READING,QUIET,,3,3,3,4,5,4,FEW
9f407622-c01d-41e8-bccc-08c36d7fe7e1,Early Bird 1,1,15,afternoon,COMPLETED,2025-10-07 15:59:43.868630,2025-10-07 16:28:43.868630,25,29,1,5,67.13,1,3,3,5,OTHER,QUIET,,0,3,1,3,4,2,NONE
9f407622-c01d-41e8-bccc-08c36d7fe7e1,Early Bird 1,2,10,morning,COMPLETED,2025-10-08 10:34:43.868630,2025-10-08 12:25:43.868630,90,111,0,7,81.83,1,4,4,1,WRITING,MUSIC,OTHER,3,2,1,4,4,4,NONE
9f407622-c01d-41e8-bccc-08c36d7fe7e1,Early Bird 1,5,19,evening,COMPLETED,2025-10-12 19:21:43.868630,2025-10-12 20:41:43.868630,90,80,1,8,72.94,3,3,4,1,OTHER,QUIET,,1,1,0,3,4,3,NONE
9f407622-c01d-41e8-bccc-08c36d7fe7e1,Early Bird 1,6,14,afternoon,COMPLETED,2025-10-13 14:56:43.868630,2025-10-13 16:08:43.868630,60,72,0,0,86.0,1,3,5,1,OTHER,NOISY,,2,2,2,4,4,4,NONE
9f407622-c01d-41e8-bccc-08c36d7fe7e1,Early Bird 1,7,17,evening,COMPLETED,2025-10-14 17:05:43.868630,2025-10-14 17:31:43.868630,25,26,1,3,63.87,1,2,3,2,READING,MUSIC,AMBIENT,2,0,3,2,4,2,NONE
9f407622-c01d-41e8-bccc-08c36d7fe7e1,Early Bird 1,8,15,afternoon,COMPLETED,2025-10-15 15:19:43.868630,2025-10-15 15:49:43.868630,45,30,0,3,69.17,3,3,4,4,READING,QUIET,,0,0,1,3,4,2,NONE
9f407622-c01d-41e8-bccc-08c36d7fe7e1,Early Bird 1,9,5,morning,COMPLETED,2025-10-15 05:27:43.868630,2025-10-15 06:02:43.868630,45,35,0,6,73.56,3,4,3,2,TEST,MUSIC,AMBIENT,1,1,1,3,4,3,NONE
9f407622-c01d-41e8-bccc-08c36d7fe7e1,Early Bird 1,10,7,morning,COMPLETED,2025-10-15 07:37:43.868630,2025-10-15 08:18:43.868630,45,41,0,2,87.22,3,4,4,3,OTHER,MUSIC,LOFI,3,2,1,4,4,4,NONE
9f407622-c01d-41e8-bccc-08c36d7fe7e1,Early Bird 1,11,15,afternoon,COMPLETED,2025-10-15 15:16:43.868630,2025-10-15 16:31:43.868630,60,75,0,5,91.5,3,3,5,1,WRITING,QUIET,,0,0,0,4,5,4,NONE
9f407622-c01d-41e8-bccc-08c36d7fe7e1,Early Bird 1,12,13,afternoon,COMPLETED,2025-10-16 13:18:43.868630,2025-10-16 13:33:43.868630,25,15,0,0,74.33,2,3,4,1,READING,QUIET,,0,1,0,3,4,3,NONE
9f407622-c01d-41e8-bccc-08c36d7fe7e1,Early Bird 1,13,12,afternoon,COMPLETED,2025-10-16 12:47:43.868630,2025-10-16 14:54:43.868630,120,127,0,1,78.0,3,2,4,3,READING,MUSIC,CLASSICAL,2,2,1,3,4,3,NONE
9f407622-c01d-41e8-bccc-08c36d7fe7e1,Early Bird 1,14,22,night,COMPLETED,2025-10-17 22:02:43.868630,2025-10-17 22:30:43.868630,25,28,0,9,61.1,4,2,3,2,OTHER,MUSIC,LOFI,3,2,1,2,4,2,NONE
9f407622-c01d-41e8-bccc-08c36d7fe7e1,Early Bird 1,15,12,afternoon,COMPLETED,2025-10-17 12:33:43.868630,2025-10-17 13:46:43.868630,90,73,2,4,81.89,2,5,4,1,OTHER,QUIET,,0,2,0,4,4,4,NONE
9f407622-c01d-41e8-bccc-08c36d7fe7e1,Early Bird 1,17,9,morning,COMPLETED,2025-10-20 09:10:43.868630,2025-10-20 10:19:43.868630,60,69,1,7,80.33,4,4,5,2,TEST,MUSIC,LOFI,3,2,2,4,4,4,NONE
9f407622-c01d-41e8-bccc-08c36d7fe7e1,Early Bird 1,18,9,morning,COMPLETED,2025-10-21 09:36:43.868630,2025-10-21 11:03:43.868630,120,87,0,8,71.5,1,2,4,1,OTHER,MUSIC,OTHER,0,3,0,3,4,3,NONE
9f407622-c01d-41e8-bccc-08c36d7fe7e1,Early Bird 1,19,5,morning,COMPLETED,2025-10-21 05:44:43.868630,2025-10-21 07:25:43.868630,90,101,1,9,83.22,3,4,4,2,TEST,QUIET,,1,1,0,4,4,4,NONE
9f407622-c01d-41e8-bccc-08c36d7fe7e1,Early Bird 1,21,16,afternoon,COMPLETED,2025-10-23 16:15:43.868630,2025-10-23 16:45:43.868630,25,30,2,6,68.33,1,3,3,2,READING,MUSIC,AMBIENT,0,3,1,3,4,3,NONE
9f407622-c01d-41e8-bccc-08c36d7fe7e1,Early Bird 1,23,9,morning,COMPLETED,2025-10-23 09:53:43.868630,2025-10-23 11:23:43.868630,60,90,1,4,66.5,2,4,3,3,READING,QUIET,,1,1,1,3,4,3,NONE
9f407622-c01d-41e8-bccc-08c36d7fe7e1,Early Bird 1,26,12,afternoon,COMPLETED,2025-10-26 12:22:43.868630,2025-10-26 14:38:43.868630,120,136,0,0,76.33,4,3,4,3,READING,QUIET,,2,3,1,3,4,3,NONE
9f407622-c01d-41e8-bccc-08c36d7fe7e1,Early Bird 1,30,21,night,COMPLETED,2025-10-31 21:41:43.868630,2025-10-31 23:05:43.868630,60,84,2,1,66.83,3,2,4,2,OTHER,NOISY,,2,2,0,3,4,3,NONE
9f407622-c01d-41e8-bccc-08c36d7fe7e1,Early Bird 1,31,9,morning,COMPLETED,2025-11-01 09:00:43.868630,2025-11-01 09:48:43.868630,45,48,0,5,74.5,3,3,3,2,READING,MUSIC,OTHER,4,2,1,3,4,3,NONE
9f407622-c01d-41e8-bccc-08c36d7fe7e1,Early Bird 1,32,17,evening,COMPLETED,2025-11-01 17:50:43.868630,2025-11-01 18:12:43.868630,25,22,0,7,71.1,4,2,5,3,TEST,MUSIC,OTHER,3,4,2,3,4,3,FEW
9f407622-c01d-41e8-bccc-08c36d7fe7e1,Early Bird 1,33,17,evening,COMPLETED,2025-11-02 17:40:43.868630,2025-11-02 19:09:43.868630,90,89,0,5,80.28,2,3,5,4,TEST,QUIET,,2,4,3,4,4,3,FEW
9f407622-c01d-41e8-bccc-08c36d7fe7e1,Early Bird 1,34,6,morning,COMPLETED,2025-11-02 06:05:43.868630,2025-11-02 06:33:43.868630,25,28,3,5,65.93,3,3,3,3,WRITING,MUSIC,OTHER,4,2,1,3,4,3,NONE
9f407622-c01d-41e8-bccc-08c36d7fe7e1,Early Bird 1,36,10,morning,COMPLETED,2025-11-04 10:30:43.868630,2025-11-04 11:40:43.868630,60,70,0,2,81.33,2,4,4,4,TEST,NOISY,,2,3,0,4,4,3,NONE
9f407622-c01d-41e8-bccc-08c36d7fe7e1,Early Bird 1,37,19,evening,COMPLETED,2025-11-05 19:05:43.868630,2025-11-05 20:20:43.868630,90,75,2,5,65.17,4,2,4,4,READING,MUSIC,CLASSICAL,1,2,0,3,4,2,NONE
9f407622-c01d-41e8-bccc-08c36d7fe7e1,Early Bird 1,38,9,morning,COMPLETED,2025-11-06 09:02:43.868630,2025-11-06 10:30:43.868630,90,88,0,2,78.89,1,3,4,2,TEST,MUSIC,OTHER,2,2,0,3,4,3,NONE
9f407622-c01d-41e8-bccc-08c36d7fe7e1,Early Bird 1,39,9,morning,COMPLETED,2025-11-06 09:11:43.868630,2025-11-06 10:35:43.868630,120,84,0,3,90.17,4,4,5,1,WRITING,NOISY,,1,1,0,4,5,4,NONE
9f407622-c01d-41e8-bccc-08c36d7fe7e1,Early Bird 1,40,14,afternoon,COMPLETED,2025-11-07 14:15:43.868630,2025-11-07 14:52:43.868630,45,37,2,4,68.44,1,2,5,3,READING,MUSIC,LOFI,2,3,1,3,4,3,NONE
9f407622-c01d-41e8-bccc-08c36d7fe7e1,Early Bird 1,41,17,evening,COMPLETED,2025-11-08 17:08:43.868630,2025-11-08 17:27:43.868630,25,19,0,5,73.03,1,2,4,1,TEST,QUIET,,3,0,1,3,4,3,NONE
9f407622-c01d-41e8-bccc-08c36d7fe7e1,Early Bird 1,42,10,morning,COMPLETED,2025-11-08 10:24:43.868630,2025-11-08 11:02:43.868630,45,38,4,1,77.72,2,4,4,3,READING,NOISY,,3,1,0,4,4,4,NONE
9f407622-c01d-41e8-bccc-08c36d7fe7e1,Early Bird 1,44,9,morning,COMPLETED,2025-11-10 09:40:43.868630,2025-11-10 10:43:43.868630,60,63,1,2,85.5,2,3,5,3,TEST,MUSIC,AMBIENT,2,3,1,4,4,4,NONE
9f407622-c01d-41e8-bccc-08c36d7fe7e1,Early Bird 1,45,6,morning,COMPLETED,2025-11-11 06:34:43.868630,2025-11-11 08:39:43.868630,120,125,1,2,92.67,3,4,5,2,READING,MUSIC,CLASSICAL,1,0,2,4,5,4,NONE
9f407622-c01d-41e8-bccc-08c36d7fe7e1,Early Bird 1,47,10,morning,COMPLETED,2025-11-12 10:58:43.868630,2025-11-12 11:19:43.868630,25,21,1,8,80.3,3,4,4,2,TEST,MUSIC,OTHER,2,4,0,4,4,4,NONE
9f407622-c01d-41e8-bccc-08c36d7fe7e1,Early Bird 1,48,5,morning,COMPLETED,2025-11-13 05:53:43.868630,2025-11-13 06:37:43.868630,45,44,1,6,84.06,2,4,4,3,TEST,MUSIC,CLASSICAL,3,2,1,4,4,4,NONE
9f407622-c01d-41e8-bccc-08c36d7fe7e1,Early Bird 1,49,18,evening,COMPLETED,2025-11-13 18:45:43.868630,2025-11-13 19:11:43.868630,25,26,2,0,75.2,2,3,4,1,TEST,QUIET,,1,1,1,3,4,3,NONE
9f407622-c01d-41e8-bccc-08c36d7fe7e1,Early Bird 1,50,14,afternoon,COMPLETED,2025-11-13 14:04:43.868630,2025-11-13 14:57:43.868630,45,53,1,5,67.44,3,3,4,4,READING,MUSIC,AMBIENT,1,1,1,3,4,2,NONE
9f407622-c01d-41e8-bccc-08c36d7fe7e1,Early Bird 1,51,16,afternoon,COMPLETED,2025-11-13 16:11:43.868630,2025-11-13 17:20:43.868630,60,69,1,6,71.83,2,3,4,2,TEST,MUSIC,LOFI,2,1,1,3,4,3,NONE
9f407622-c01d-41e8-bccc-08c36d7fe7e1,Early Bird 1,53,5,morning,COMPLETED,2025-11-15 05:41:43.868630,2025-11-15 06:25:43.868630,45,44,0,3,97.72,3,5,5,3,TEST,NOISY,,2,4,2,5,4,5,NONE
9f407622-c01d-41e8-bccc-08c36d7fe7e1,Early Bird 1,54,14,afternoon,COMPLETED,2025-11-16 14:56:43.868630,2025-11-16 17:22:43.868630,120,146,1,8,75.83,2,4,5,2,READING,MUSIC,LOFI,4,5,2,4,4,4,FEW
9f407622-c01d-41e8-bccc-08c36d7fe7e1,Early Bird 1,55,9,morning,COMPLETED,2025-11-16 09:31:43.868630,2025-11-16 10:10:43.868630,45,39,2,8,66.67,1,3,4,1,TEST,MUSIC,OTHER,2,4,1,3,4,3,NONE
9f407622-c01d-41e8-bccc-08c36d7fe7e1,Early Bird 1,56,9,morning,COMPLETED,2025-11-17 09:50:43.868630,2025-11-17 10:29:43.868630,45,39,0,5,75.83,4,3,4,2,WRITING,QUIET,,1,1,1,3,4,3,NONE
9f407622-c01d-41e8-bccc-08c36d7fe7e1,Early Bird 1,57,18,evening,COMPLETED,2025-11-17 18:41:43.868630,2025-11-17 19:09:43.868630,25,28,0,0,79.27,2,2,4,1,WRITING,MUSIC,CLASSICAL,0,2,0,3,4,3,NONE
9f407622-c01d-41e8-bccc-08c36d7fe7e1,Early Bird 1,58,18,evening,COMPLETED,2025-11-17 18:39:43.868630,2025-11-17 19:32:43.868630,60,53,2,0,74.33,5,3,3,1,WRITING,QUIET,,1,1,0,3,4,3,NONE
9f407622-c01d-41e8-bccc-08c36d7fe7e1,Early Bird 1,61,13,afternoon,COMPLETED,2025-11-20 13:03:43.868630,2025-11-20 14:13:43.868630,60,70,1,3,80.33,1,4,4,4,READING,MUSIC,AMBIENT,0,2,0,4,4,3,NONE
9f407622-c01d-41e8-bccc-08c36d7fe7e1,Early Bird 1,64,12,afternoon,COMPLETED,2025-11-21 12:07:43.868630,2025-11-21 12:56:43.868630,45,49,1,6,75.06,1,3,4,1,OTHER,QUIET,,0,1,0,3,4,3,NONE
9f407622-c01d-41e8-bccc-08c36d7fe7e1,Early Bird 1,65,12,afternoon,COMPLETED,2025-11-21 12:48:43.868630,2025-11-21 13:44:43.868630,60,56,1,5,85.0,2,4,4,3,TEST,QUIET,,2,2,0,4,4,4,NONE
9f407622-c01d-41e8-bccc-08c36d7fe7e1,Early Bird 1,67,8,morning,COMPLETED,2025-11-22 08:40:43.868630,2025-11-22 09:04:43.868630,25,24,2,3,84.03,3,4,5,2,READING,QUIET,,2,1,1,4,4,4,NONE
9f407622-c01d-41e8-bccc-08c36d7fe7e1,Early Bird 1,68,17,evening,COMPLETED,2025-11-22 17:37:43.868630,2025-11-22 19:34:43.868630,90,117,3,8,61.5,3,1,5,3,READING,NOISY,,3,0,3,3,4,3,NONE
9f407622-c01d-41e8-bccc-08c36d7fe7e1,Early Bird 1,69,15,afternoon,COMPLETED,2025-11-22 15:01:43.868630,2025-11-22 16:02:43.868630,45,61,1,4,67.39,4,2,4,3,TEST,QUIET,,1,4,1,3,4,3,NONE
9f407622-c01d-41e8-bccc-08c36d7fe7e1,Early Bird 1,71,11,morning,COMPLETED,2025-11-25 11:10:43.868630,2025-11-25 11:52:43.868630,60,42,2,6,64.33,4,3,3,3,OTHER,MUSIC,AMBIENT,3,2,2,3,4,3,NONE
9f407622-c01d-41e8-bccc-08c36d7fe7e1,Early Bird 1,72,9,morning,COMPLETED,2025-11-26 09:23:43.868630,2025-11-26 10:37:43.868630,90,74,0,3,84.94,2,4,5,2,READING,MUSIC,LOFI,1,2,3,4,4,4,NONE
9f407622-c01d-41e8-bccc-08c36d7fe7e1,Early Bird 1,73,19,evening,COMPLETED,2025-11-26 19:24:43.868630,2025-11-26 19:58:43.868630,45,34,0,7,82.94,2,3,5,1,TEST,MUSIC,CLASSICAL,3,0,1,4,4,4,NONE
9f407622-c01d-41e8-bccc-08c36d7fe7e1,Early Bird 1,75,6,morning,COMPLETED,2025-11-27 06:46:43.868630,2025-11-27 07:35:43.868630,60,49,0,7,68.17,3,3,4,4,WRITING,NOISY,,1,2,1,3,4,2,NONE
9f407622-c01d-41e8-bccc-08c36d7fe7e1,Early Bird 1,77,9,morning,COMPLETED,2025-11-30 09:59:43.868630,2025-11-30 10:45:43.868630,60,46,2,6,85.0,3,4,5,2,WRITING,NOISY,,1,0,1,4,5,4,NONE
9f407622-c01d-41e8-bccc-08c36d7fe7e1,Early Bird 1,80,7,morning,COMPLETED,2025-12-05 07:59:43.868630,2025-12-05 09:59:43.868630,120,120,1,1,88.33,1,3,5,3,READING,NOISY,,1,3,0,4,4,4,NONE
9f407622-c01d-41e8-bccc-08c36d7fe7e1,Early Bird 1,82,10,morning,COMPLETED,2025-12-07 10:49:43.868630,2025-12-07 12:28:43.868630,120,99,1,7,83.83,3,4,4,2,READING,NOISY,,0,0,1,4,4,4,NONE
9f407622-c01d-41e8-bccc-08c36d7fe7e1,Early Bird 1,83,14,afternoon,COMPLETED,2025-12-07 14:46:43.868630,2025-12-07 15:54:43.868630,60,68,1,4,71.83,2,3,4,1,WRITING,NOISY,,2,3,1,3,4,3,NONE
9f407622-c01d-41e8-bccc-08c36d7fe7e1,Early Bird 1,84,7,morning,COMPLETED,2025-12-07 07:24:43.868630,2025-12-07 07:41:43.868630,25,17,0,1,72.77,2,4,3,2,OTHER,NOISY,,2,3,0,3,4,3,NONE
9f407622-c01d-41e8-bccc-08c36d7fe7e1,Early Bird 1,85,17,evening,COMPLETED,2025-12-07 17:31:43.868630,2025-12-07 18:39:43.868630,60,68,0,1,64.83,3,1,4,2,TEST,MUSIC,LOFI,4,1,1,2,4,2,NONE
9f407622-c01d-41e8-bccc-08c36d7fe7e1,Early Bird 1,86,7,morning,COMPLETED,2025-12-08 07:25:43.868630,2025-12-08 08:15:43.868630,45,50,0,5,85.94,3,5,4,3,OTHER,QUIET,,2,1,2,4,4,4,NONE
9f407622-c01d-41e8-bccc-08c36d7fe7e1,Early Bird 1,87,11,morning,COMPLETED,2025-12-09 11:24:43.868630,2025-12-09 12:37:43.868630,90,73,2,3,76.72,4,4,4,4,TEST,NOISY,,0,1,2,4,4,3,NONE
9f407622-c01d-41e8-bccc-08c36d7fe7e1,Early Bird 1,88,16,afternoon,COMPLETED,2025-12-10 16:54:43.868630,2025-12-10 17:36:43.868630,45,42,1,4,71.17,4,3,4,2,TEST,QUIET,,2,6,1,3,4,3,FEW
9f407622-c01d-41e8-bccc-08c36d7fe7e1,Early Bird 1,89,10,morning,COMPLETED,2025-12-10 10:11:43.868630,2025-12-10 12:31:43.868630,120,140,1,4,73.83,3,3,4,1,WRITING,QUIET,,0,0,2,3,4,3,NONE
9f407622-c01d-41e8-bccc-08c36d7fe7e1,Early Bird 1,90,15,afternoon,COMPLETED,2025-12-11 15:55:43.868630,2025-12-11 16:54:43.868630,60,59,0,9,75.5,4,4,3,3,OTHER,QUIET,,1,3,0,3,4,3,NONE
9f407622-c01d-41e8-bccc-08c36d7fe7e1,Early Bird 1,91,5,morning,COMPLETED,2025-12-12 05:28:43.868630,2025-12-12 06:41:43.868630,60,73,0,1,92.17,3,4,5,1,TEST,QUIET,,2,0,1,4,5,4,NONE
9f407622-c01d-41e8-bccc-08c36d7fe7e1,Early Bird 1,92,11,morning,COMPLETED,2025-12-12 11:31:43.868630,2025-12-12 12:03:43.868630,45,32,0,5,83.06,2,4,4,1,WRITING,QUIET,,1,1,2,4,4,4,NONE
9f407622-c01d-41e8-bccc-08c36d7fe7e1,Early Bird 1,94,10,morning,COMPLETED,2025-12-14 10:31:43.868630,2025-12-14 10:57:43.868630,25,26,2,4,73.2,4,3,3,1,READING,MUSIC,OTHER,1,1,1,3,4,3,NONE
9f407622-c01d-41e8-bccc-08c36d7fe7e1,Early Bird 1,95,8,morning,COMPLETED,2025-12-15 08:39:43.868630,2025-12-15 09:27:43.868630,45,48,1,4,72.5,1,3,4,2,WRITING,MUSIC,OTHER,3,4,0,3,4,3,NONE
9f407622-c01d-41e8-bccc-08c36d7fe7e1,Early Bird 1,96,11,morning,COMPLETED,2025-12-16 11:14:43.868630,2025-12-16 11:58:43.868630,45,44,1,8,72.06,2,4,3,2,TEST,NOISY,,1,4,1,3,4,3,NONE
9f407622-c01d-41e8-bccc-08c36d7fe7e1,Early Bird 1,97,7,morning,COMPLETED,2025-12-16 07:48:43.868630,2025-12-16 09:30:43.868630,120,102,1,4,83.17,4,3,5,3,TEST,QUIET,,3,0,2,4,4,4,NONE
9f407622-c01d-41e8-bccc-08c36d7fe7e1,Early Bird 1,99,9,morning,COMPLETED,2025-12-19 09:08:43.868630,2025-12-19 10:20:43.868630,90,72,1,6,70.17,4,3,4,2,READING,NOISY,,3,0,2,3,4,3,NONE
9f407622-c01d-41e8-bccc-08c36d7fe7e1,Early Bird 1,100,9,morning,COMPLETED,2025-12-19 09:06:43.868630,2025-12-19 09:35:43.868630,25,29,2,0,81.8,3,4,4,2,READING,NOISY,,4,2,0,4,4,4,NONE
2018e57c-a422-4f31-81e3-a2f79383ac94,Early Bird 2,1,13,afternoon,COMPLETED,2025-10-07 13:05:43.874670,2025-10-07 14:21:43.874670,60,76,1,2,64.5,1,4,2,3,WRITING,QUIET,,5,1,1,3,3,3,NONE
2018e57c-a422-4f31-81e3-a2f79383ac94,Early Bird 2,2,10,morning,COMPLETED,2025-10-07 10:01:43.874670,2025-10-07 11:59:43.874670,90,118,1,7,77.78,2,4,4,3,OTHER,QUIET,,2,2,2,4,4,4,NONE
2018e57c-a422-4f31-81e3-a2f79383ac94,Early Bird 2,3,13,afternoon,COMPLETED,2025-10-07 13:50:43.874670,2025-10-07 14:58:43.874670,60,68,1,0,61.5,2,1,3,1,TEST,MUSIC,AMBIENT,0,5,3,2,4,2,NONE
2018e57c-a422-4f31-81e3-a2f79383ac94,Early Bird 2,4,7,morning,COMPLETED,2025-10-07 07:41:43.874670,2025-10-07 08:44:43.874670,60,63,0,7,75.17,4,3,3,2,OTHER,MUSIC,AMBIENT,1,4,0,3,4,3,NONE
2018e57c-a422-4f31-81e3-a2f79383ac94,Early Bird 2,5,10,morning,COMPLETED,2025-10-07 10:53:43.874670,2025-10-07 12:44:43.874670,90,111,2,9,68.17,2,5,3,3,READING,QUIET,,3,3,4,4,3,4,FEW
2018e57c-a422-4f31-81e3-a2f79383ac94,Early Bird 2,6,10,morning,COMPLETED,2025-10-08 10:11:43.874670,2025-10-08 11:31:43.874670,90,80,1,0,65.94,1,3,3,2,WRITING,MUSIC,AMBIENT,4,3,4,3,3,3,FEW
2018e57c-a422-4f31-81e3-a2f79383ac94,Early Bird 2,7,14,afternoon,COMPLETED,2025-10-08 14:45:43.874670,2025-10-08 15:41:43.874670,60,56,0,6,74.67,2,4,3,1,WRITING,QUIET,,1,2,3,3,4,3,NONE
2018e57c-a422-4f31-81e3-a2f79383ac94,Early Bird 2,8,8,morning,COMPLETED,2025-10-09 08:53:43.874670,2025-10-09 09:51:43.874670,60,58,0,7,85.83,2,4,4,3,READING,QUIET,,2,3,1,4,4,4,NONE
2018e57c-a422-4f31-81e3-a2f79383ac94,Early Bird 2,10,20,evening,COMPLETED,2025-10-12 20:00:43.874670,2025-10-12 20:29:43.874670,45,29,0,3,58.72,5,1,3,1,OTHER,QUIET,,3,1,3,2,4,2,NONE
2018e57c-a422-4f31-81e3-a2f79383ac94,Early Bird 2,12,6,morning,COMPLETED,2025-10-14 06:48:43.874670,2025-10-14 07:14:43.874670,25,26,0,3,73.03,3,3,3,4,WRITING,QUIET,,2,2,0,3,4,2,NONE
2018e57c-a422-4f31-81e3-a2f79383ac94,Early Bird 2,13,12,afternoon,COMPLETED,2025-10-14 12:17:43.874670,2025-10-14 12:58:43.874670,45,41,0,3,66.06,3,1,3,2,WRITING,QUIET,,0,4,0,2,4,2,NONE
2018e57c-a422-4f31-81e3-a2f79383ac94,Early Bird 2,14,9,morning,COMPLETED,2025-10-15 09:09:43.874670,2025-10-15 10:51:43.874670,120,102,0,3,73.83,2,3,4,1,WRITING,QUIET,,2,5,0,3,4,3,NONE
2018e57c-a422-4f31-81e3-a2f79383ac94,Early Bird 2,15,21,night,COMPLETED,2025-10-16 21:53:43.874670,2025-10-16 22:55:43.874670,60,62,2,2,48.0,4,1,2,3,TEST,NOISY,,0,2,0,1,3,1,NONE
2018e57c-a422-4f31-81e3-a2f79383ac94,Early Bird 2,16,13,afternoon,COMPLETED,2025-10-16 13:36:43.874670,2025-10-16 14:55:43.874670,60,79,1,8,76.5,3,4,4,2,TEST,NOISY,,1,4,2,4,4,4,NONE
2018e57c-a422-4f31-81e3-a2f79383ac94,Early Bird 2,17,5,morning,COMPLETED,2025-10-16 05:38:43.874670,2025-10-16 06:37:43.874670,45,59,1,9,69.11,1,4,3,1,WRITING,NOISY,,1,0,0,3,4,3,NONE
2018e57c-a422-4f31-81e3-a2f79383ac94,Early Bird 2,20,12,afternoon,COMPLETED,2025-10-20 12:30:43.874670,2025-10-20 12:56:43.874670,25,26,0,4,76.2,4,3,4,2,WRITING,MUSIC,AMBIENT,2,4,0,3,4,3,NONE
2018e57c-a422-4f31-81e3-a2f79383ac94,Early Bird 2,21,21,night,COMPLETED,2025-10-20 21:02:43.874670,2025-10-20 22:27:43.874670,90,85,1,5,57.56,3,3,2,2,READING,QUIET,,2,3,0,2,3,2,NONE
2018e57c-a422-4f31-81e3-a2f79383ac94,Early Bird 2,22,6,morning,COMPLETED,2025-10-21 06:43:43.874670,2025-10-21 07:12:43.874670,25,29,2,2,78.47,5,4,4,5,READING,MUSIC,CLASSICAL,0,0,2,4,4,3,NONE
2018e57c-a422-4f31-81e3-a2f79383ac94,Early Bird 2,23,7,morning,COMPLETED,2025-10-22 07:41:43.874670,2025-10-22 08:39:43.874670,60,58,1,3,77.67,4,3,3,3,READING,QUIET,,0,1,0,3,4,3,NONE
2018e57c-a422-4f31-81e3-a2f79383ac94,Early Bird 2,26,5,morning,COMPLETED,2025-10-26 05:56:43.874670,2025-10-26 06:44:43.874670,60,48,1,7,68.33,3,4,3,2,TEST,QUIET,,2,3,2,3,4,3,NONE
2018e57c-a422-4f31-81e3-a2f79383ac94,Early Bird 2,27,16,afternoon,COMPLETED,2025-10-27 16:40:43.874670,2025-10-27 17:33:43.874670,45,53,1,7,50.78,2,2,3,3,TEST,NOISY,,4,3,3,2,3,2,FEW
2018e57c-a422-4f31-81e3-a2f79383ac94,Early Bird 2,29,11,morning,COMPLETED,2025-10-29 11:14:43.874670,2025-10-29 13:44:43.874670,120,150,2,5,67.17,3,2,4,2,TEST,NOISY,,1,2,2,3,4,3,NONE
2018e57c-a422-4f31-81e3-a2f79383ac94,Early Bird 2,30,6,morning,COMPLETED,2025-10-29 06:40:43.874670,2025-10-29 07:29:43.874670,45,49,0,7,75.06,2,4,3,2,TEST,NOISY,,4,0,0,3,4,3,NONE
2018e57c-a422-4f31-81e3-a2f79383ac94,Early Bird 2,31,11,morning,COMPLETED,2025-10-30 11:49:43.874670,2025-10-30 12:31:43.874670,60,42,2,7,59.5,4,4,2,2,READING,QUIET,,2,2,2,3,3,3,NONE
2018e57c-a422-4f31-81e3-a2f79383ac94,Early Bird 2,33,12,afternoon,COMPLETED,2025-11-02 12:35:43.874670,2025-11-02 14:13:43.874670,120,98,1,7,59.67,3,2,3,2,READING,NOISY,,0,3,1,2,4,2,NONE
2018e57c-a422-4f31-81e3-a2f79383ac94,Early Bird 2,34,11,morning,COMPLETED,2025-11-03 11:59:43.874670,2025-11-03 12:28:43.874670,25,29,1,7,72.47,3,3,3,2,WRITING,QUIET,,0,1,1,3,4,3,NONE
2018e57c-a422-4f31-81e3-a2f79383ac94,Early Bird 2,35,14,afternoon,COMPLETED,2025-11-03 14:37:43.874670,2025-11-03 15:22:43.874670,45,45,0,4,63.0,3,2,2,1,WRITING,MUSIC,AMBIENT,1,2,0,2,3,2,NONE
2018e57c-a422-4f31-81e3-a2f79383ac94,Early Bird 2,36,14,afternoon,COMPLETED,2025-11-03 14:14:43.874670,2025-11-03 15:14:43.874670,90,60,0,4,71.0,2,3,3,3,WRITING,MUSIC,OTHER,2,2,1,3,4,3,NONE
2018e57c-a422-4f31-81e3-a2f79383ac94,Early Bird 2,37,8,morning,COMPLETED,2025-11-04 08:09:43.874670,2025-11-04 09:44:43.874670,90,95,1,8,68.06,3,3,4,2,WRITING,MUSIC,AMBIENT,4,4,3,3,4,3,FEW
2018e57c-a422-4f31-81e3-a2f79383ac94,Early Bird 2,38,18,evening,COMPLETED,2025-11-04 18:08:43.874670,2025-11-04 18:46:43.874670,60,38,2,12,51.67,1,1,3,3,OTHER,MUSIC,CLASSICAL,2,1,0,2,4,2,NONE
2018e57c-a422-4f31-81e3-a2f79383ac94,Early Bird 2,41,18,evening,COMPLETED,2025-11-08 18:36:43.874670,2025-11-08 19:01:43.874670,25,25,0,7,73.17,3,2,4,5,READING,MUSIC,LOFI,0,1,1,3,4,2,NONE
2018e57c-a422-4f31-81e3-a2f79383ac94,Early Bird 2,42,16,afternoon,COMPLETED,2025-11-08 16:18:43.874670,2025-11-08 16:55:43.874670,25,37,1,5,78.07,3,5,3,2,READING,MUSIC,OTHER,1,0,1,4,4,4,NONE
2018e57c-a422-4f31-81e3-a2f79383ac94,Early Bird 2,44,8,morning,COMPLETED,2025-11-10 08:05:43.874670,2025-11-10 10:26:43.874670,120,141,2,5,64.33,2,3,4,4,TEST,QUIET,,1,2,1,3,4,2,NONE
2018e57c-a422-4f31-81e3-a2f79383ac94,Early Bird 2,46,6,morning,COMPLETED,2025-11-10 06:37:43.874670,2025-11-10 07:37:43.874670,120,60,0,6,63.67,3,3,4,5,READING,NOISY,,1,1,0,3,4,2,NONE
2018e57c-a422-4f31-81e3-a2f79383ac94,Early Bird 2,47,13,afternoon,COMPLETED,2025-11-10 13:51:43.874670,2025-11-10 14:55:43.874670,60,64,2,0,56.67,2,3,2,2,WRITING,QUIET,,2,3,1,2,3,2,NONE
2018e57c-a422-4f31-81e3-a2f79383ac94,Early Bird 2,48,11,morning,COMPLETED,2025-11-10 11:03:43.874670,2025-11-10 11:24:43.874670,25,21,0,8,79.13,1,4,5,4,WRITING,QUIET,,1,2,1,4,4,3,NONE
2018e57c-a422-4f31-81e3-a2f79383ac94,Early Bird 2,49,11,morning,COMPLETED,2025-11-11 11:02:43.874670,2025-11-11 11:20:43.874670,25,18,2,8,77.4,2,4,4,1,TEST,QUIET,,1,1,1,4,4,4,NONE
2018e57c-a422-4f31-81e3-a2f79383ac94,Early Bird 2,50,15,afternoon,COMPLETED,2025-11-12 15:09:43.874670,2025-11-12 16:03:43.874670,60,54,2,6,64.67,3,3,4,5,READING,MUSIC,CLASSICAL,3,2,0,3,4,2,NONE
2018e57c-a422-4f31-81e3-a2f79383ac94,Early Bird 2,52,14,afternoon,COMPLETED,2025-11-14 14:11:43.874670,2025-11-14 14:45:43.874670,45,34,1,5,65.44,2,3,3,4,READING,MUSIC,CLASSICAL,3,1,0,3,4,2,NONE
2018e57c-a422-4f31-81e3-a2f79383ac94,Early Bird 2,54,17,evening,COMPLETED,2025-11-16 17:12:43.874670,2025-11-16 18:24:43.874670,60,72,0,6,73.33,5,3,4,1,READING,QUIET,,2,1,1,3,4,3,NONE
2018e57c-a422-4f31-81e3-a2f79383ac94,Early Bird 2,55,15,afternoon,COMPLETED,2025-11-17 15:30:43.874670,2025-11-17 16:03:43.874670,45,33,1,7,56.67,3,2,3,2,READING,QUIET,,2,3,1,2,4,2,NONE
2018e57c-a422-4f31-81e3-a2f79383ac94,Early Bird 2,56,16,afternoon,COMPLETED,2025-11-17 16:51:43.874670,2025-11-17 17:58:43.874670,90,67,1,5,69.56,4,3,3,1,TEST,MUSIC,AMBIENT,2,3,0,3,4,3,NONE
2018e57c-a422-4f31-81e3-a2f79383ac94,Early Bird 2,57,11,morning,COMPLETED,2025-11-18 11:09:43.874670,2025-11-18 11:57:43.874670,60,48,0,1,72.5,4,3,3,3,TEST,QUIET,,5,3,1,3,4,3,FEW
2018e57c-a422-4f31-81e3-a2f79383ac94,Early Bird 2,58,12,afternoon,COMPLETED,2025-11-19 12:37:43.874670,2025-11-19 13:12:43.874670,45,35,0,8,60.22,4,2,3,1,READING,MUSIC,OTHER,1,3,1,2,4,2,NONE
2018e57c-a422-4f31-81e3-a2f79383ac94,Early Bird 2,59,12,afternoon,COMPLETED,2025-11-19 12:46:43.874670,2025-11-19 13:37:43.874670,45,51,1,9,57.33,3,2,2,3,TEST,MUSIC,CLASSICAL,0,0,0,2,3,2,NONE
2018e57c-a422-4f31-81e3-a2f79383ac94,Early Bird 2,60,9,morning,COMPLETED,2025-11-19 09:05:43.874670,2025-11-19 10:09:43.874670,60,64,1,4,74.5,1,4,3,3,TEST,NOISY,,1,2,1,3,4,3,NONE
2018e57c-a422-4f31-81e3-a2f79383ac94,Early Bird 2,61,16,afternoon,COMPLETED,2025-11-19 16:06:43.874670,2025-11-19 16:56:43.874670,45,50,2,1,71.94,3,3,4,1,WRITING,QUIET,,1,2,2,3,4,3,NONE
2018e57c-a422-4f31-81e3-a2f79383ac94,Early Bird 2,65,14,afternoon,COMPLETED,2025-11-21 14:57:43.874670,2025-11-21 15:45:43.874670,45,48,2,0,56.67,2,2,2,3,TEST,MUSIC,OTHER,2,3,1,2,3,2,NONE
2018e57c-a422-4f31-81e3-a2f79383ac94,Early Bird 2,66,13,afternoon,COMPLETED,2025-11-22 13:34:43.874670,2025-11-22 14:32:43.874670,45,58,1,4,59.06,1,2,3,3,TEST,MUSIC,OTHER,2,1,1,2,4,2,NONE
2018e57c-a422-4f31-81e3-a2f79383ac94,Early Bird 2,67,23,night,COMPLETED,2025-11-23 23:29:43.874670,2025-11-24 00:40:43.874670,60,71,0,0,63.67,3,2,3,3,WRITING,QUIET,,4,3,0,2,4,2,NONE
2018e57c-a422-4f31-81e3-a2f79383ac94,Early Bird 2,68,7,morning,COMPLETED,2025-11-24 07:02:43.874670,2025-11-24 08:02:43.874670,60,60,0,5,68.83,3,3,3,1,TEST,NOISY,,3,5,2,3,3,3,FEW
2018e57c-a422-4f31-81e3-a2f79383ac94,Early Bird 2,69,6,morning,COMPLETED,2025-11-25 06:44:43.874670,2025-11-25 07:23:43.874670,45,39,1,6,70.17,3,2,4,2,WRITING,QUIET,,3,2,2,3,4,3,NONE
2018e57c-a422-4f31-81e3-a2f79383ac94,Early Bird 2,70,16,afternoon,COMPLETED,2025-11-25 16:19:43.874670,2025-11-25 17:19:43.874670,60,60,1,2,63.83,4,2,3,2,TEST,MUSIC,LOFI,2,3,2,2,4,2,NONE
2018e57c-a422-4f31-81e3-a2f79383ac94,Early Bird 2,72,20,evening,COMPLETED,2025-11-26 20:12:43.874670,2025-11-26 21:17:43.874670,45,65,2,5,37.61,2,1,2,3,WRITING,QUIET,,2,0,1,1,3,1,NONE
2018e57c-a422-4f31-81e3-a2f79383ac94,Early Bird 2,73,12,afternoon,COMPLETED,2025-11-27 12:17:43.874670,2025-11-27 13:11:43.874670,60,54,0,3,58.17,2,3,2,3,WRITING,MUSIC,OTHER,3,3,2,2,3,2,NONE
2018e57c-a422-4f31-81e3-a2f79383ac94,Early Bird 2,75,12,afternoon,COMPLETED,2025-11-30 12:40:43.874670,2025-11-30 13:36:43.874670,60,56,2,3,50.83,2,3,2,4,WRITING,MUSIC,LOFI,2,2,1,2,3,1,NONE
2018e57c-a422-4f31-81e3-a2f79383ac94,Early Bird 2,76,5,morning,COMPLETED,2025-12-01 05:46:43.874670,2025-12-01 06:02:43.874670,25,16,2,5,76.63,3,4,4,1,WRITING,QUIET,,0,2,2,4,4,4,NONE
2018e57c-a422-4f31-81e3-a2f79383ac94,Early Bird 2,77,6,morning,COMPLETED,2025-12-01 06:06:43.874670,2025-12-01 07:02:43.874670,60,56,3,4,80.5,1,4,5,2,WRITING,MUSIC,OTHER,1,2,1,4,4,4,NONE
2018e57c-a422-4f31-81e3-a2f79383ac94,Early Bird 2,78,15,afternoon,COMPLETED,2025-12-02 15:24:43.874670,2025-12-02 15:59:43.874670,60,35,2,6,65.33,3,3,3,3,READING,MUSIC,CLASSICAL,0,2,0,3,4,3,NONE
2018e57c-a422-4f31-81e3-a2f79383ac94,Early Bird 2,79,5,morning,COMPLETED,2025-12-02 05:00:43.874670,2025-12-02 06:26:43.874670,90,86,4,8,64.11,1,3,3,1,OTHER,MUSIC,LOFI,2,2,2,3,4,3,NONE
2018e57c-a422-4f31-81e3-a2f79383ac94,Early Bird 2,80,13,afternoon,COMPLETED,2025-12-03 13:48:43.874670,2025-12-03 16:07:43.874670,120,139,1,1,73.5,2,3,3,2,TEST,QUIET,,3,2,0,3,4,3,NONE
2018e57c-a422-4f31-81e3-a2f79383ac94,Early Bird 2,82,14,afternoon,COMPLETED,2025-12-06 14:48:43.874670,2025-12-06 15:41:43.874670,45,53,1,0,72.28,5,3,3,3,WRITING,QUIET,,1,4,2,3,4,3,NONE
2018e57c-a422-4f31-81e3-a2f79383ac94,Early Bird 2,83,5,morning,COMPLETED,2025-12-07 05:23:43.874670,2025-12-07 06:11:43.874670,45,48,1,6,71.5,4,4,3,3,READING,QUIET,,1,4,2,3,4,3,NONE
2018e57c-a422-4f31-81e3-a2f79383ac94,Early Bird 2,84,5,morning,COMPLETED,2025-12-08 05:34:43.874670,2025-12-08 06:27:43.874670,45,53,3,5,72.78,4,3,5,4,TEST,MUSIC,OTHER,1,0,3,4,4,3,NONE
2018e57c-a422-4f31-81e3-a2f79383ac94,Early Bird 2,86,12,afternoon,COMPLETED,2025-12-08 12:32:43.874670,2025-12-08 12:52:43.874670,25,20,1,0,55.83,3,2,2,1,READING,NOISY,,4,1,2,2,3,2,NONE
2018e57c-a422-4f31-81e3-a2f79383ac94,Early Bird 2,87,7,morning,COMPLETED,2025-12-08 07:00:43.874670,2025-12-08 07:40:43.874670,45,40,1,6,73.28,3,3,4,2,READING,MUSIC,OTHER,1,2,0,3,4,3,NONE
2018e57c-a422-4f31-81e3-a2f79383ac94,Early Bird 2,88,7,morning,COMPLETED,2025-12-09 07:47:43.874670,2025-12-09 08:20:43.874670,45,33,1,10,83.83,2,5,5,4,WRITING,QUIET,,3,2,0,5,4,4,NONE
2018e57c-a422-4f31-81e3-a2f79383ac94,Early Bird 2,89,12,afternoon,COMPLETED,2025-12-09 12:03:43.874670,2025-12-09 12:28:43.874670,25,25,2,8,65.67,3,3,4,4,READING,MUSIC,AMBIENT,1,3,1,3,4,2,NONE
2018e57c-a422-4f31-81e3-a2f79383ac94,Early Bird 2,90,12,afternoon,COMPLETED,2025-12-09 12:00:43.874670,2025-12-09 12:15:43.874670,25,15,2,0,50.0,2,3,1,1,TEST,NOISY,,0,3,3,2,3,2,NONE
2018e57c-a422-4f31-81e3-a2f79383ac94,Early Bird 2,91,18,evening,COMPLETED,2025-12-10 18:10:43.874670,2025-12-10 20:45:43.874670,120,155,2,5,49.0,4,2,3,4,TEST,QUIET,,3,3,1,2,4,1,NONE
2018e57c-a422-4f31-81e3-a2f79383ac94,Early Bird 2,92,17,evening,COMPLETED,2025-12-11 17:36:43.874670,2025-12-11 18:40:43.874670,90,64,2,8,48.22,3,1,3,5,TEST,MUSIC,LOFI,2,3,1,2,4,1,NONE
2018e57c-a422-4f31-81e3-a2f79383ac94,Early Bird 2,93,5,morning,COMPLETED,2025-12-11 05:41:43.874670,2025-12-11 06:57:43.874670,90,76,2,5,81.39,2,4,4,2,OTHER,QUIET,,0,2,1,4,4,4,NONE
2018e57c-a422-4f31-81e3-a2f79383ac94,Early Bird 2,94,7,morning,COMPLETED,2025-12-12 07:32:43.874670,2025-12-12 08:43:43.874670,60,71,1,4,60.83,3,4,2,5,WRITING,MUSIC,OTHER,3,2,1,3,3,2,NONE
2018e57c-a422-4f31-81e3-a2f79383ac94,Early Bird 2,95,7,morning,COMPLETED,2025-12-12 07:41:43.874670,2025-12-12 08:52:43.874670,60,71,0,1,75.5,2,4,3,2,OTHER,QUIET,,2,2,1,3,4,3,NONE
2018e57c-a422-4f31-81e3-a2f79383ac94,Early Bird 2,96,17,evening,COMPLETED,2025-12-13 17:18:43.874670,2025-12-13 19:18:43.874670,90,120,2,6,54.0,1,2,3,1,READING,QUIET,,3,2,0,2,4,2,NONE
2018e57c-a422-4f31-81e3-a2f79383ac94,Early Bird 2,97,20,evening,COMPLETED,2025-12-14 20:30:43.874670,2025-12-14 20:55:43.874670,25,25,1,5,59.33,1,1,3,4,TEST,MUSIC,AMBIENT,2,1,1,2,4,1,NONE
2018e57c-a422-4f31-81e3-a2f79383ac94,Early Bird 2,98,19,evening,COMPLETED,2025-12-15 19:36:43.874670,2025-12-15 19:57:43.874670,25,21,1,6,41.97,1,1,2,4,TEST,QUIET,,3,3,2,1,3,1,NONE
2018e57c-a422-4f31-81e3-a2f79383ac94,Early Bird 2,100,12,afternoon,COMPLETED,2025-12-16 12:05:43.874670,2025-12-16 13:58:43.874670,120,113,2,2,83.5,3,3,5,1,TEST,NOISY,,3,1,1,4,4,4,NONE
84cc47cc-9a43-4bea-99e6-6576e2120aa9,Early Bird 3,1,7,morning,COMPLETED,2025-10-07 07:10:43.879999,2025-10-07 07:36:43.879999,25,26,1,5,85.53,4,4,4,2,WRITING,QUIET,,2,2,0,4,4,4,NONE
84cc47cc-9a43-4bea-99e6-6576e2120aa9,Early Bird 3,4,10,morning,COMPLETED,2025-10-11 10:31:43.879999,2025-10-11 10:53:43.879999,25,22,2,1,73.77,2,3,4,3,WRITING,NOISY,,1,0,1,3,4,3,NONE
84cc47cc-9a43-4bea-99e6-6576e2120aa9,Early Bird 3,5,8,morning,COMPLETED,2025-10-11 08:18:43.879999,2025-10-11 09:23:43.879999,60,65,1,8,82.5,2,4,4,2,OTHER,QUIET,,2,3,0,4,4,4,NONE
84cc47cc-9a43-4bea-99e6-6576e2120aa9,Early Bird 3,6,7,morning,COMPLETED,2025-10-11 07:05:43.879999,2025-10-11 08:23:43.879999,120,78,2,8,63.67,1,3,3,2,WRITING,NOISY,,1,3,1,3,4,3,NONE
84cc47cc-9a43-4bea-99e6-6576e2120aa9,Early Bird 3,7,12,afternoon,COMPLETED,2025-10-12 12:30:43.879999,2025-10-12 13:01:43.879999,25,31,2,8,67.2,3,4,3,3,TEST,MUSIC,OTHER,1,1,1,3,4,3,NONE
84cc47cc-9a43-4bea-99e6-6576e2120aa9,Early Bird 3,8,7,morning,COMPLETED,2025-10-13 07:24:43.879999,2025-10-13 07:56:43.879999,45,32,0,5,76.06,4,4,5,5,TEST,NOISY,,1,5,1,4,4,3,NONE
84cc47cc-9a43-4bea-99e6-6576e2120aa9,Early Bird 3,9,9,morning,COMPLETED,2025-10-14 09:31:43.879999,2025-10-14 09:58:43.879999,25,27,2,6,66.73,2,3,4,2,TEST,NOISY,,5,2,3,3,4,3,FEW
84cc47cc-9a43-4bea-99e6-6576e2120aa9,Early Bird 3,10,9,morning,COMPLETED,2025-10-15 09:57:43.879999,2025-10-15 10:53:43.879999,45,56,2,7,64.94,4,3,4,3,READING,MUSIC,CLASSICAL,6,1,0,3,4,3,NONE
84cc47cc-9a43-4bea-99e6-6576e2120aa9,Early Bird 3,11,13,afternoon,COMPLETED,2025-10-16 13:08:43.879999,2025-10-16 15:13:43.879999,120,125,2,10,43.83,2,1,1,3,READING,NOISY,,1,1,0,1,3,1,NONE
84cc47cc-9a43-4bea-99e6-6576e2120aa9,Early Bird 3,12,8,morning,COMPLETED,2025-10-16 08:34:43.879999,2025-10-16 08:48:43.879999,25,14,1,4,61.37,3,3,4,5,READING,QUIET,,2,3,0,3,4,2,NONE
84cc47cc-9a43-4bea-99e6-6576e2120aa9,Early Bird 3,13,14,afternoon,COMPLETED,2025-10-17 14:07:43.879999,2025-10-17 15:03:43.879999,45,56,1,7,81.78,3,3,5,2,TEST,QUIET,,0,0,2,4,4,4,NONE
84cc47cc-9a43-4bea-99e6-6576e2120aa9,Early Bird 3,15,19,evening,COMPLETED,2025-10-19 19:49:43.879999,2025-10-19 22:07:43.879999,120,138,0,5,85.83,2,4,4,1,TEST,QUIET,,2,2,0,4,4,4,NONE
84cc47cc-9a43-4bea-99e6-6576e2120aa9,Early Bird 3,16,11,morning,COMPLETED,2025-10-19 11:42:43.879999,2025-10-19 12:31:43.879999,45,49,3,5,79.56,2,4,5,3,READING,NOISY,,2,2,0,4,4,4,NONE
84cc47cc-9a43-4bea-99e6-6576e2120aa9,Early Bird 3,17,9,morning,COMPLETED,2025-10-20 09:36:43.879999,2025-10-20 10:21:43.879999,45,45,0,4,75.0,3,4,3,1,WRITING,MUSIC,OTHER,5,3,1,3,4,3,FEW
84cc47cc-9a43-4bea-99e6-6576e2120aa9,Early Bird 3,18,8,morning,COMPLETED,2025-10-20 08:27:43.879999,2025-10-20 09:02:43.879999,45,35,1,6,69.72,4,3,3,3,READING,QUIET,,3,1,1,3,4,3,NONE
84cc47cc-9a43-4bea-99e6-6576e2120aa9,Early Bird 3,19,17,evening,COMPLETED,2025-10-21 17:49:43.879999,2025-10-21 19:15:43.879999,60,86,2,5,62.83,2,3,4,2,WRITING,MUSIC,OTHER,1,4,1,3,4,3,NONE
84cc47cc-9a43-4bea-99e6-6576e2120aa9,Early Bird 3,20,19,evening,COMPLETED,2025-10-21 19:50:43.879999,2025-10-21 20:18:43.879999,25,28,0,5,58.77,2,2,2,2,OTHER,NOISY,,0,4,1,2,3,2,NONE
84cc47cc-9a43-4bea-99e6-6576e2120aa9,Early Bird 3,21,19,evening,COMPLETED,2025-10-21 19:29:43.879999,2025-10-21 20:13:43.879999,60,44,1,3,77.0,2,4,4,4,TEST,QUIET,,2,2,0,4,4,3,NONE
84cc47cc-9a43-4bea-99e6-6576e2120aa9,Early Bird 3,22,12,afternoon,COMPLETED,2025-10-21 12:18:43.879999,2025-10-21 14:11:43.879999,120,113,1,0,65.0,2,2,3,3,OTHER,QUIET,,3,0,2,2,4,2,NONE
84cc47cc-9a43-4bea-99e6-6576e2120aa9,Early Bird 3,23,10,morning,COMPLETED,2025-10-22 10:33:43.879999,2025-10-22 11:13:43.879999,45,40,0,6,73.11,4,4,3,2,TEST,QUIET,,1,4,2,3,4,3,NONE
84cc47cc-9a43-4bea-99e6-6576e2120aa9,Early Bird 3,24,9,morning,COMPLETED,2025-10-23 09:21:43.879999,2025-10-23 09:59:43.879999,60,38,0,11,63.83,2,3,4,4,READING,QUIET,,1,0,1,3,4,2,NONE
84cc47cc-9a43-4bea-99e6-6576e2120aa9,Early Bird 3,26,22,night,COMPLETED,2025-10-25 22:45:43.879999,2025-10-25 23:25:43.879999,45,40,1,4,56.94,3,2,3,4,WRITING,MUSIC,OTHER,2,3,0,2,4,1,NONE
84cc47cc-9a43-4bea-99e6-6576e2120aa9,Early Bird 3,27,6,morning,COMPLETED,2025-10-26 06:39:43.879999,2025-10-26 07:09:43.879999,45,30,2,5,76.5,3,5,4,2,READING,NOISY,,1,4,0,4,4,4,NONE
84cc47cc-9a43-4bea-99e6-6576e2120aa9,Early Bird 3,29,17,evening,COMPLETED,2025-10-29 17:07:43.879999,2025-10-29 19:23:43.879999,120,136,0,4,75.0,2,2,5,2,TEST,NOISY,,1,3,1,3,4,3,NONE
84cc47cc-9a43-4bea-99e6-6576e2120aa9,Early Bird 3,31,22,night,COMPLETED,2025-10-31 22:32:43.879999,2025-10-31 22:54:43.879999,25,22,2,2,57.27,3,2,2,4,WRITING,MUSIC,OTHER,0,2,0,2,4,1,NONE
84cc47cc-9a43-4bea-99e6-6576e2120aa9,Early Bird 3,32,5,morning,COMPLETED,2025-10-31 05:51:43.879999,2025-10-31 06:42:43.879999,60,51,3,1,70.67,1,3,3,2,WRITING,QUIET,,1,0,1,3,4,3,NONE
84cc47cc-9a43-4bea-99e6-6576e2120aa9,Early Bird 3,34,8,morning,COMPLETED,2025-11-02 08:45:43.879999,2025-11-02 09:02:43.879999,25,17,3,7,57.93,2,3,4,4,WRITING,NOISY,,2,0,2,3,4,2,NONE
84cc47cc-9a43-4bea-99e6-6576e2120aa9,Early Bird 3,35,16,afternoon,COMPLETED,2025-11-02 16:22:43.879999,2025-11-02 17:06:43.879999,45,44,2,2,58.56,1,4,1,1,READING,QUIET,,1,2,0,2,3,2,NONE
84cc47cc-9a43-4bea-99e6-6576e2120aa9,Early Bird 3,36,21,night,COMPLETED,2025-11-02 21:42:43.879999,2025-11-02 22:41:43.879999,60,59,1,1,67.33,1,2,3,2,WRITING,MUSIC,LOFI,1,1,0,2,4,2,NONE
84cc47cc-9a43-4bea-99e6-6576e2120aa9,Early Bird 3,37,12,afternoon,COMPLETED,2025-11-02 12:18:43.879999,2025-11-02 12:35:43.879999,25,17,2,4,62.93,4,3,3,2,TEST,QUIET,,2,5,3,3,4,3,FEW
84cc47cc-9a43-4bea-99e6-6576e2120aa9,Early Bird 3,38,11,morning,COMPLETED,2025-11-03 11:29:43.879999,2025-11-03 13:07:43.879999,120,98,2,1,68.5,4,3,4,2,WRITING,MUSIC,LOFI,3,4,1,3,4,3,NONE
84cc47cc-9a43-4bea-99e6-6576e2120aa9,Early Bird 3,39,11,morning,COMPLETED,2025-11-03 11:20:43.879999,2025-11-03 13:25:43.879999,120,125,1,9,78.5,2,3,5,4,READING,MUSIC,CLASSICAL,2,1,1,4,4,3,NONE
84cc47cc-9a43-4bea-99e6-6576e2120aa9,Early Bird 3,40,17,evening,COMPLETED,2025-11-03 17:17:43.879999,2025-11-03 17:30:43.879999,25,13,2,4,52.73,4,2,2,3,READING,MUSIC,AMBIENT,3,0,1,2,4,2,NONE
84cc47cc-9a43-4bea-99e6-6576e2120aa9,Early Bird 3,42,14,afternoon,COMPLETED,2025-11-05 14:30:43.879999,2025-11-05 16:04:43.879999,90,94,2,7,57.28,4,2,3,3,WRITING,QUIET,,3,2,3,2,4,2,NONE
84cc47cc-9a43-4bea-99e6-6576e2120aa9,Early Bird 3,43,11,morning,COMPLETED,2025-11-05 11:38:43.879999,2025-11-05 12:20:43.879999,45,42,1,0,81.17,3,4,5,4,READING,QUIET,,1,3,2,4,4,3,NONE
84cc47cc-9a43-4bea-99e6-6576e2120aa9,Early Bird 3,44,13,afternoon,COMPLETED,2025-11-05 13:12:43.879999,2025-11-05 14:41:43.879999,90,89,0,1,78.94,2,3,4,2,READING,MUSIC,CLASSICAL,2,2,1,3,4,3,NONE
84cc47cc-9a43-4bea-99e6-6576e2120aa9,Early Bird 3,46,8,morning,COMPLETED,2025-11-08 08:55:43.879999,2025-11-08 09:37:43.879999,45,42,1,3,75.0,3,3,3,2,READING,MUSIC,LOFI,2,1,1,3,4,3,NONE
84cc47cc-9a43-4bea-99e6-6576e2120aa9,Early Bird 3,47,7,morning,COMPLETED,2025-11-09 07:46:43.879999,2025-11-09 08:41:43.879999,60,55,2,7,74.17,2,4,4,4,READING,QUIET,,4,2,1,4,4,3,NONE
84cc47cc-9a43-4bea-99e6-6576e2120aa9,Early Bird 3,48,14,afternoon,COMPLETED,2025-11-10 14:46:43.879999,2025-11-10 15:33:43.879999,45,47,0,2,75.78,2,3,3,3,OTHER,QUIET,,3,4,1,3,4,3,NONE
84cc47cc-9a43-4bea-99e6-6576e2120aa9,Early Bird 3,49,12,afternoon,COMPLETED,2025-11-11 12:54:43.879999,2025-11-11 14:03:43.879999,90,69,2,0,42.33,3,1,2,2,OTHER,QUIET,,6,0,0,1,3,1,NONE
84cc47cc-9a43-4bea-99e6-6576e2120aa9,Early Bird 3,50,18,evening,COMPLETED,2025-11-11 18:29:43.879999,2025-11-11 20:42:43.879999,120,133,1,4,57.0,1,2,3,5,READING,MUSIC,AMBIENT,2,3,0,2,4,1,NONE
84cc47cc-9a43-4bea-99e6-6576e2120aa9,Early Bird 3,51,16,afternoon,COMPLETED,2025-11-11 16:28:43.879999,2025-11-11 17:48:43.879999,90,80,1,1,84.11,2,5,3,2,WRITING,NOISY,,3,3,1,4,4,4,NONE
84cc47cc-9a43-4bea-99e6-6576e2120aa9,Early Bird 3,52,8,morning,COMPLETED,2025-11-11 08:52:43.879999,2025-11-11 09:50:43.879999,45,58,0,1,84.39,4,4,5,2,READING,MUSIC,LOFI,2,2,1,4,4,4,NONE
84cc47cc-9a43-4bea-99e6-6576e2120aa9,Early Bird 3,53,15,afternoon,COMPLETED,2025-11-11 15:13:43.879999,2025-11-11 15:55:43.879999,45,42,2,3,69.83,3,3,4,3,READING,QUIET,,2,5,1,3,4,3,NONE
84cc47cc-9a43-4bea-99e6-6576e2120aa9,Early Bird 3,54,6,morning,COMPLETED,2025-11-11 06:37:43.879999,2025-11-11 07:15:43.879999,45,38,0,1,89.06,4,4,4,3,WRITING,MUSIC,OTHER,1,1,0,4,4,4,NONE
84cc47cc-9a43-4bea-99e6-6576e2120aa9,Early Bird 3,56,14,afternoon,COMPLETED,2025-11-12 14:07:43.879999,2025-11-12 15:42:43.879999,90,95,2,4,70.89,3,3,3,1,WRITING,QUIET,,3,1,2,3,4,3,NONE
84cc47cc-9a43-4bea-99e6-6576e2120aa9,Early Bird 3,58,10,morning,COMPLETED,2025-11-14 10:40:43.879999,2025-11-14 12:11:43.879999,90,91,1,7,84.44,1,5,4,2,WRITING,MUSIC,LOFI,2,3,0,4,4,4,NONE
84cc47cc-9a43-4bea-99e6-6576e2120aa9,Early Bird 3,59,6,morning,COMPLETED,2025-11-14 06:05:43.879999,2025-11-14 07:16:43.879999,60,71,0,6,62.67,3,3,2,2,OTHER,MUSIC,LOFI,2,2,0,2,4,2,NONE
84cc47cc-9a43-4bea-99e6-6576e2120aa9,Early Bird 3,60,10,morning,COMPLETED,2025-11-14 10:22:43.879999,2025-11-14 10:56:43.879999,45,34,1,0,73.61,3,3,4,2,OTHER,MUSIC,AMBIENT,2,1,0,3,4,3,NONE
84cc47cc-9a43-4bea-99e6-6576e2120aa9,Early Bird 3,61,9,morning,COMPLETED,2025-11-15 09:13:43.879999,2025-11-15 10:12:43.879999,60,59,1,4,82.17,4,4,4,5,WRITING,NOISY,,1,2,0,4,4,3,NONE
84cc47cc-9a43-4bea-99e6-6576e2120aa9,Early Bird 3,63,14,afternoon,COMPLETED,2025-11-16 14:56:43.879999,2025-11-16 16:35:43.879999,90,99,1,3,75.0,3,3,4,3,TEST,MUSIC,LOFI,1,1,1,3,4,3,NONE
84cc47cc-9a43-4bea-99e6-6576e2120aa9,Early Bird 3,64,19,evening,COMPLETED,2025-11-17 19:01:43.879999,2025-11-17 19:55:43.879999,45,54,1,4,71.17,2,2,4,2,TEST,MUSIC,CLASSICAL,4,0,1,3,4,3,NONE
84cc47cc-9a43-4bea-99e6-6576e2120aa9,Early Bird 3,66,7,morning,COMPLETED,2025-11-18 07:39:43.879999,2025-11-18 09:34:43.879999,90,115,0,10,64.11,4,4,3,4,READING,MUSIC,AMBIENT,2,2,1,3,4,2,NONE
84cc47cc-9a43-4bea-99e6-6576e2120aa9,Early Bird 3,67,16,afternoon,COMPLETED,2025-11-18 16:24:43.879999,2025-11-18 16:54:43.879999,25,30,0,1,73.83,2,2,4,2,TEST,MUSIC,AMBIENT,1,4,2,3,4,3,NONE
84cc47cc-9a43-4bea-99e6-6576e2120aa9,Early Bird 3,68,7,morning,COMPLETED,2025-11-19 07:43:43.879999,2025-11-19 08:06:43.879999,25,23,1,1,86.73,1,4,5,2,READING,QUIET,,2,1,1,4,4,4,NONE
84cc47cc-9a43-4bea-99e6-6576e2120aa9,Early Bird 3,69,11,morning,COMPLETED,2025-11-19 11:27:43.879999,2025-11-19 11:48:43.879999,25,21,2,7,72.97,3,4,4,2,TEST,MUSIC,OTHER,6,5,3,4,4,4,FEW
84cc47cc-9a43-4bea-99e6-6576e2120aa9,Early Bird 3,70,11,morning,COMPLETED,2025-11-19 11:50:43.879999,2025-11-19 12:28:43.879999,45,38,2,1,71.72,1,4,3,3,READING,QUIET,,2,1,1,3,4,3,NONE
84cc47cc-9a43-4bea-99e6-6576e2120aa9,Early Bird 3,71,5,morning,COMPLETED,2025-11-19 05:52:43.879999,2025-11-19 06:32:43.879999,45,40,0,1,76.28,3,3,4,2,OTHER,MUSIC,AMBIENT,2,2,2,3,4,3,NONE
84cc47cc-9a43-4bea-99e6-6576e2120aa9,Early Bird 3,72,11,morning,COMPLETED,2025-11-19 11:27:43.879999,2025-11-19 11:51:43.879999,25,24,0,6,86.87,3,3,5,2,WRITING,QUIET,,2,2,1,4,4,4,NONE
84cc47cc-9a43-4bea-99e6-6576e2120aa9,Early Bird 3,73,8,morning,COMPLETED,2025-11-20 08:13:43.879999,2025-11-20 08:35:43.879999,25,22,3,6,76.43,4,3,5,3,TEST,QUIET,,3,2,2,4,4,4,NONE
84cc47cc-9a43-4bea-99e6-6576e2120aa9,Early Bird 3,74,9,morning,COMPLETED,2025-11-21 09:52:43.879999,2025-11-21 11:12:43.879999,90,80,2,2,84.44,2,3,5,2,WRITING,MUSIC,LOFI,0,2,0,4,4,4,NONE
84cc47cc-9a43-4bea-99e6-6576e2120aa9,Early Bird 3,75,7,morning,COMPLETED,2025-11-22 07:04:43.879999,2025-11-22 07:30:43.879999,25,26,2,7,82.03,1,4,5,2,TEST,QUIET,,3,1,0,4,4,4,NONE
84cc47cc-9a43-4bea-99e6-6576e2120aa9,Early Bird 3,76,15,afternoon,COMPLETED,2025-11-23 15:55:43.879999,2025-11-23 16:27:43.879999,45,32,1,2,59.39,3,2,3,3,READING,QUIET,,2,3,0,2,4,2,NONE
84cc47cc-9a43-4bea-99e6-6576e2120aa9,Early Bird 3,77,13,afternoon,COMPLETED,2025-11-23 13:07:43.879999,2025-11-23 14:14:43.879999,60,67,0,5,74.83,3,4,3,2,READING,NOISY,,2,2,1,3,4,3,NONE
84cc47cc-9a43-4bea-99e6-6576e2120aa9,Early Bird 3,82,17,evening,COMPLETED,2025-11-23 17:36:43.879999,2025-11-23 18:18:43.879999,45,42,1,1,76.0,3,3,4,2,TEST,QUIET,,2,2,0,3,4,3,NONE
84cc47cc-9a43-4bea-99e6-6576e2120aa9,Early Bird 3,83,6,morning,COMPLETED,2025-11-24 06:18:43.879999,2025-11-24 06:44:43.879999,25,26,0,4,73.87,2,4,3,4,READING,MUSIC,OTHER,1,1,0,3,4,2,NONE
84cc47cc-9a43-4bea-99e6-6576e2120aa9,Early Bird 3,84,20,evening,COMPLETED,2025-11-24 20:53:43.879999,2025-11-24 21:22:43.879999,25,29,3,3,66.13,4,2,4,2,READING,MUSIC,CLASSICAL,1,3,3,3,4,3,NONE
84cc47cc-9a43-4bea-99e6-6576e2120aa9,Early Bird 3,85,11,morning,COMPLETED,2025-11-24 11:21:43.879999,2025-11-24 12:04:43.879999,45,43,0,4,66.44,3,2,3,3,TEST,MUSIC,CLASSICAL,3,1,0,2,4,2,NONE
84cc47cc-9a43-4bea-99e6-6576e2120aa9,Early Bird 3,86,19,evening,COMPLETED,2025-11-25 19:34:43.879999,2025-11-25 19:58:43.879999,25,24,3,6,56.7,2,1,3,2,TEST,QUIET,,1,5,0,2,4,2,NONE
84cc47cc-9a43-4bea-99e6-6576e2120aa9,Early Bird 3,87,18,evening,COMPLETED,2025-11-25 18:09:43.879999,2025-11-25 18:47:43.879999,45,38,0,3,66.06,2,2,3,1,WRITING,NOISY,,1,1,0,2,4,2,NONE
84cc47cc-9a43-4bea-99e6-6576e2120aa9,Early Bird 3,88,17,evening,COMPLETED,2025-11-25 17:22:43.879999,2025-11-25 18:57:43.879999,90,95,1,5,60.56,2,2,3,1,TEST,QUIET,,4,3,1,2,4,2,NONE
84cc47cc-9a43-4bea-99e6-6576e2120aa9,Early Bird 3,89,7,morning,COMPLETED,2025-11-26 07:37:43.879999,2025-11-26 08:25:43.879999,60,48,0,2,78.67,4,4,5,4,READING,QUIET,,2,4,2,4,4,3,NONE
84cc47cc-9a43-4bea-99e6-6576e2120aa9,Early Bird 3,90,15,afternoon,COMPLETED,2025-11-27 15:11:43.879999,2025-11-27 15:37:43.879999,25,26,1,3,61.87,3,2,3,2,READING,QUIET,,2,3,3,2,4,2,NONE
84cc47cc-9a43-4bea-99e6-6576e2120aa9,Early Bird 3,91,11,morning,COMPLETED,2025-11-27 11:58:43.879999,2025-11-27 12:23:43.879999,25,25,0,0,92.0,3,5,5,4,TEST,QUIET,,2,6,4,5,4,4,FEW
84cc47cc-9a43-4bea-99e6-6576e2120aa9,Early Bird 3,93,13,afternoon,COMPLETED,2025-11-27 13:46:43.879999,2025-11-27 14:28:43.879999,45,42,1,0,77.83,1,3,4,1,WRITING,MUSIC,OTHER,1,1,0,3,4,3,NONE
84cc47cc-9a43-4bea-99e6-6576e2120aa9,Early Bird 3,94,11,morning,COMPLETED,2025-11-27 11:23:43.879999,2025-11-27 11:57:43.879999,45,34,1,8,68.28,3,3,4,2,READING,QUIET,,1,2,2,3,4,3,NONE
84cc47cc-9a43-4bea-99e6-6576e2120aa9,Early Bird 3,95,22,night,COMPLETED,2025-11-28 22:51:43.879999,2025-11-28 23:59:43.879999,60,68,1,3,46.0,2,2,1,5,TEST,QUIET,,4,1,0,1,3,1,NONE
84cc47cc-9a43-4bea-99e6-6576e2120aa9,Early Bird 3,97,7,morning,COMPLETED,2025-11-30 07:46:43.879999,2025-11-30 08:55:43.879999,60,69,1,3,70.67,4,3,3,1,TEST,MUSIC,OTHER,3,5,0,3,4,3,NONE
84cc47cc-9a43-4bea-99e6-6576e2120aa9,Early Bird 3,98,12,afternoon,COMPLETED,2025-11-30 12:02:43.879999,2025-11-30 13:20:43.879999,60,78,3,7,63.33,2,3,4,2,OTHER,QUIET,,0,3,1,3,4,3,NONE
84cc47cc-9a43-4bea-99e6-6576e2120aa9,Early Bird 3,100,6,morning,COMPLETED,2025-12-02 06:56:43.879999,2025-12-02 09:08:43.879999,120,132,1,4,84.17,3,4,5,3,TEST,QUIET,,3,1,1,4,4,4,NONE
e500d026-56a6-4bc7-a63a-b9df28c4399e,Social Butterfly 1,1,6,morning,COMPLETED,2025-10-07 06:43:43.885501,2025-10-07 07:31:43.885501,60,48,7,9,30.83,2,4,2,2,OTHER,QUIET,,6,8,5,2,2,2,FEW
e500d026-56a6-4bc7-a63a-b9df28c4399e,Social Butterfly 1,2,7,morning,COMPLETED,2025-10-07 07:06:43.885501,2025-10-07 07:28:43.885501,25,22,2,12,29.6,2,3,3,4,TEST,MUSIC,LOFI,9,10,2,2,2,1,FEW
e500d026-56a6-4bc7-a63a-b9df28c4399e,Social Butterfly 1,3,10,morning,COMPLETED,2025-10-07 10:20:43.885501,2025-10-07 11:27:43.885501,45,67,4,17,21.06,3,5,2,3,OTHER,MUSIC,OTHER,7,15,6,3,1,3,MANY
e500d026-56a6-4bc7-a63a-b9df28c4399e,Social Butterfly 1,11,11,morning,COMPLETED,2025-10-15 11:47:43.885501,2025-10-15 13:01:43.885501,60,74,8,20,14.33,4,4,2,2,WRITING,QUIET,,12,9,6,2,1,2,MANY
e500d026-56a6-4bc7-a63a-b9df28c4399e,Social Butterfly 1,12,14,afternoon,COMPLETED,2025-10-15 14:10:43.885501,2025-10-15 14:59:43.885501,60,49,5,12,13.67,2,3,1,4,READING,QUIET,,6,8,5,1,1,1,FEW
e500d026-56a6-4bc7-a63a-b9df28c4399e,Social Butterfly 1,15,6,morning,COMPLETED,2025-10-18 06:37:43.885501,2025-10-18 07:03:43.885501,25,26,3,18,38.03,2,3,4,4,OTHER,QUIET,,4,9,6,3,2,2,FEW
e500d026-56a6-4bc7-a63a-b9df28c4399e,Social Butterfly 1,16,12,afternoon,COMPLETED,2025-10-19 12:00:43.885501,2025-10-19 12:19:43.885501,25,19,0,13,24.37,5,2,2,2,WRITING,QUIET,,8,9,6,1,2,1,FEW
e500d026-56a6-4bc7-a63a-b9df28c4399e,Social Butterfly 1,17,11,morning,COMPLETED,2025-10-19 11:31:43.885501,2025-10-19 12:08:43.885501,25,37,4,7,17.57,1,3,3,2,TEST,QUIET,,11,15,6,2,2,2,MANY
e500d026-56a6-4bc7-a63a-b9df28c4399e,Social Butterfly 1,19,21,night,COMPLETED,2025-10-19 21:51:43.885501,2025-10-19 22:13:43.885501,45,22,3,14,4.83,3,2,2,3,READING,QUIET,,9,12,4,1,1,1,MANY
e500d026-56a6-4bc7-a63a-b9df28c4399e,Social Butterfly 1,21,20,evening,COMPLETED,2025-10-21 20:01:43.885501,2025-10-21 21:43:43.885501,120,102,4,18,19.67,4,3,3,4,TEST,QUIET,,9,8,6,2,2,1,FEW
e500d026-56a6-4bc7-a63a-b9df28c4399e,Social Butterfly 1,22,6,morning,COMPLETED,2025-10-22 06:07:43.885501,2025-10-22 06:48:43.885501,45,41,4,12,32.89,2,3,3,2,READING,QUIET,,6,6,5,2,2,2,FEW
e500d026-56a6-4bc7-a63a-b9df28c4399e,Social Butterfly 1,24,21,night,COMPLETED,2025-10-24 21:57:43.885501,2025-10-25 00:57:43.885501,120,180,6,20,1.33,4,3,1,3,TEST,QUIET,,5,10,7,1,1,1,FEW
e500d026-56a6-4bc7-a63a-b9df28c4399e,Social Butterfly 1,25,16,afternoon,COMPLETED,2025-10-25 16:33:43.885501,2025-10-25 17:03:43.885501,25,30,5,19,9.17,3,3,1,2,WRITING,MUSIC,LOFI,6,11,3,1,1,1,FEW
e500d026-56a6-4bc7-a63a-b9df28c4399e,Social Butterfly 1,27,13,afternoon,COMPLETED,2025-10-26 13:10:43.885501,2025-10-26 14:18:43.885501,90,68,5,11,25.94,1,2,3,5,WRITING,QUIET,,6,7,3,2,2,1,FEW
e500d026-56a6-4bc7-a63a-b9df28c4399e,Social Butterfly 1,29,19,evening,COMPLETED,2025-10-28 19:52:43.885501,2025-10-28 21:30:43.885501,90,98,0,22,24.22,4,2,2,3,READING,QUIET,,4,11,6,1,2,1,FEW
e500d026-56a6-4bc7-a63a-b9df28c4399e,Social Butterfly 1,30,11,morning,COMPLETED,2025-10-29 11:46:43.885501,2025-10-29 12:26:43.885501,45,40,2,16,47.78,3,5,3,3,READING,QUIET,,8,6,1,3,2,3,FEW
e500d026-56a6-4bc7-a63a-b9df28c4399e,Social Butterfly 1,31,15,afternoon,COMPLETED,2025-10-29 15:38:43.885501,2025-10-29 16:27:43.885501,45,49,5,18,17.56,4,4,1,2,TEST,MUSIC,OTHER,7,12,9,2,1,2,MANY
e500d026-56a6-4bc7-a63a-b9df28c4399e,Social Butterfly 1,34,9,morning,COMPLETED,2025-10-31 09:50:43.885501,2025-10-31 10:14:43.885501,45,24,6,18,23.67,3,5,2,4,TEST,NOISY,,13,8,3,3,2,2,MANY
e500d026-56a6-4bc7-a63a-b9df28c4399e,Social Butterfly 1,35,15,afternoon,COMPLETED,2025-11-01 15:33:43.885501,2025-11-01 16:49:43.885501,60,76,4,17,22.17,2,4,2,3,OTHER,MUSIC,AMBIENT,13,8,3,2,2,2,MANY
e500d026-56a6-4bc7-a63a-b9df28c4399e,Social Butterfly 1,38,12,afternoon,COMPLETED,2025-11-02 12:44:43.885501,2025-11-02 15:37:43.885501,120,173,3,25,21.83,2,3,3,2,READING,QUIET,,3,11,3,2,2,2,FEW
e500d026-56a6-4bc7-a63a-b9df28c4399e,Social Butterfly 1,39,13,afternoon,COMPLETED,2025-11-02 13:34:43.885501,2025-11-02 14:05:43.885501,45,31,5,20,2.44,4,2,2,2,READING,MUSIC,CLASSICAL,14,6,6,1,1,1,MANY
e500d026-56a6-4bc7-a63a-b9df28c4399e,Social Butterfly 1,42,18,evening,COMPLETED,2025-11-07 18:35:43.885501,2025-11-07 20:14:43.885501,90,99,4,18,15.33,3,3,2,3,READING,QUIET,,10,17,4,2,1,2,MANY
e500d026-56a6-4bc7-a63a-b9df28c4399e,Social Butterfly 1,43,10,morning,COMPLETED,2025-11-08 10:53:43.885501,2025-11-08 12:07:43.885501,120,74,4,14,2.33,3,3,2,2,READING,QUIET,,14,21,10,2,1,2,MANY
e500d026-56a6-4bc7-a63a-b9df28c4399e,Social Butterfly 1,46,7,morning,COMPLETED,2025-11-09 07:34:43.885501,2025-11-09 08:41:43.885501,45,67,2,6,37.89,2,4,3,3,TEST,QUIET,,9,9,8,3,2,3,MANY
e500d026-56a6-4bc7-a63a-b9df28c4399e,Social Butterfly 1,47,11,morning,COMPLETED,2025-11-10 11:26:43.885501,2025-11-10 13:19:43.885501,120,113,6,14,15.83,2,4,2,4,WRITING,QUIET,,7,13,7,2,1,1,MANY
e500d026-56a6-4bc7-a63a-b9df28c4399e,Social Butterfly 1,48,6,morning,COMPLETED,2025-11-10 06:38:43.885501,2025-11-10 07:11:43.885501,45,33,4,14,25.67,3,4,2,3,WRITING,QUIET,,5,10,6,2,2,2,FEW
e500d026-56a6-4bc7-a63a-b9df28c4399e,Social Butterfly 1,50,13,afternoon,COMPLETED,2025-11-12 13:49:43.885501,2025-11-12 14:52:43.885501,60,63,6,12,18.67,3,4,2,3,TEST,QUIET,,7,16,9,2,1,2,MANY
e500d026-56a6-4bc7-a63a-b9df28c4399e,Social Butterfly 1,52,17,evening,COMPLETED,2025-11-14 17:41:43.885501,2025-11-14 18:44:43.885501,60,63,5,9,23.5,2,2,2,3,READING,QUIET,,4,10,4,1,2,1,FEW
e500d026-56a6-4bc7-a63a-b9df28c4399e,Social Butterfly 1,53,9,morning,COMPLETED,2025-11-14 09:37:43.885501,2025-11-14 12:37:43.885501,120,180,2,16,16.67,2,4,1,2,TEST,QUIET,,7,12,7,2,1,2,MANY
e500d026-56a6-4bc7-a63a-b9df28c4399e,Social Butterfly 1,54,18,evening,COMPLETED,2025-11-14 18:07:43.885501,2025-11-14 18:41:43.885501,60,34,2,13,24.5,2,3,3,1,OTHER,QUIET,,9,14,3,2,2,2,MANY
e500d026-56a6-4bc7-a63a-b9df28c4399e,Social Butterfly 1,60,19,evening,COMPLETED,2025-11-21 19:39:43.885501,2025-11-21 20:44:43.885501,45,65,4,17,19.28,2,3,2,3,READING,MUSIC,CLASSICAL,7,13,3,2,2,2,FEW
e500d026-56a6-4bc7-a63a-b9df28c4399e,Social Butterfly 1,61,7,morning,COMPLETED,2025-11-21 07:03:43.885501,2025-11-21 07:28:43.885501,45,25,5,7,29.94,2,4,3,1,WRITING,NOISY,,7,14,10,3,2,3,MANY
e500d026-56a6-4bc7-a63a-b9df28c4399e,Social Butterfly 1,65,13,afternoon,COMPLETED,2025-11-23 13:15:43.885501,2025-11-23 14:15:43.885501,120,60,1,13,22.67,2,3,2,4,OTHER,QUIET,,10,6,7,2,2,1,FEW
e500d026-56a6-4bc7-a63a-b9df28c4399e,Social Butterfly 1,66,6,morning,COMPLETED,2025-11-24 06:13:43.885501,2025-11-24 07:20:43.885501,45,67,5,8,21.56,2,3,3,1,TEST,QUIET,,7,14,4,2,2,2,MANY
e500d026-56a6-4bc7-a63a-b9df28c4399e,Social Butterfly 1,67,16,afternoon,COMPLETED,2025-11-25 16:38:43.885501,2025-11-25 17:45:43.885501,45,67,0,10,32.89,3,4,2,4,READING,NOISY,,3,8,3,2,2,1,FEW
e500d026-56a6-4bc7-a63a-b9df28c4399e,Social Butterfly 1,68,15,afternoon,COMPLETED,2025-11-25 15:58:43.885501,2025-11-25 17:25:43.885501,60,87,2,11,39.5,2,4,3,3,READING,NOISY,,7,10,4,3,2,3,FEW
e500d026-56a6-4bc7-a63a-b9df28c4399e,Social Butterfly 1,69,6,morning,COMPLETED,2025-11-25 06:17:43.885501,2025-11-25 06:47:43.885501,25,30,6,13,13.5,3,3,2,4,TEST,MUSIC,LOFI,9,13,5,2,1,1,MANY
e500d026-56a6-4bc7-a63a-b9df28c4399e,Social Butterfly 1,70,20,evening,COMPLETED,2025-11-26 20:48:43.885501,2025-11-26 21:13:43.885501,45,25,5,13,3.28,1,2,1,2,READING,QUIET,,9,15,2,1,1,1,MANY
e500d026-56a6-4bc7-a63a-b9df28c4399e,Social Butterfly 1,72,17,evening,COMPLETED,2025-11-28 17:11:43.885501,2025-11-28 17:42:43.885501,25,31,2,7,27.03,1,2,2,3,WRITING,QUIET,,3,10,3,1,2,1,FEW
e500d026-56a6-4bc7-a63a-b9df28c4399e,Social Butterfly 1,73,17,evening,COMPLETED,2025-11-28 17:55:43.885501,2025-11-28 18:29:43.885501,25,34,2,13,17.3,2,2,1,2,OTHER,QUIET,,5,6,4,1,1,1,FEW
e500d026-56a6-4bc7-a63a-b9df28c4399e,Social Butterfly 1,74,8,morning,COMPLETED,2025-11-28 08:23:43.885501,2025-11-28 11:07:43.885501,120,164,5,10,24.33,2,4,2,3,OTHER,MUSIC,CLASSICAL,6,10,7,2,2,2,FEW
e500d026-56a6-4bc7-a63a-b9df28c4399e,Social Butterfly 1,77,17,evening,COMPLETED,2025-11-28 17:04:43.885501,2025-11-28 18:11:43.885501,45,67,5,11,14.39,4,2,2,1,READING,MUSIC,CLASSICAL,7,7,3,1,2,1,FEW
e500d026-56a6-4bc7-a63a-b9df28c4399e,Social Butterfly 1,78,17,evening,COMPLETED,2025-11-28 17:40:43.885501,2025-11-28 19:39:43.885501,120,119,5,9,28.33,3,2,3,4,OTHER,QUIET,,5,14,2,2,2,1,FEW
e500d026-56a6-4bc7-a63a-b9df28c4399e,Social Butterfly 1,79,17,evening,COMPLETED,2025-11-29 17:53:43.885501,2025-11-29 18:57:43.885501,45,64,2,9,19.06,3,1,2,2,TEST,QUIET,,6,9,6,1,2,1,FEW
e500d026-56a6-4bc7-a63a-b9df28c4399e,Social Butterfly 1,80,15,afternoon,COMPLETED,2025-11-30 15:07:43.885501,2025-11-30 15:48:43.885501,45,41,6,18,16.89,3,4,2,1,READING,QUIET,,8,17,4,2,1,2,MANY
e500d026-56a6-4bc7-a63a-b9df28c4399e,Social Butterfly 1,81,14,afternoon,COMPLETED,2025-11-30 14:15:43.885501,2025-11-30 15:48:43.885501,120,93,7,9,29.0,4,3,3,3,READING,QUIET,,6,9,6,2,2,2,FEW
e500d026-56a6-4bc7-a63a-b9df28c4399e,Social Butterfly 1,83,18,evening,COMPLETED,2025-12-02 18:53:43.885501,2025-12-02 20:25:43.885501,90,92,3,21,17.89,3,1,2,2,TEST,MUSIC,OTHER,5,11,6,1,2,1,FEW
e500d026-56a6-4bc7-a63a-b9df28c4399e,Social Butterfly 1,84,23,night,COMPLETED,2025-12-03 23:50:43.885501,2025-12-04 00:04:43.885501,25,14,1,8,12.03,2,2,1,4,WRITING,MUSIC,AMBIENT,11,12,5,1,1,1,MANY
e500d026-56a6-4bc7-a63a-b9df28c4399e,Social Butterfly 1,85,16,afternoon,COMPLETED,2025-12-04 16:59:43.885501,2025-12-04 19:59:43.885501,120,180,0,17,37.17,2,4,3,2,TEST,QUIET,,7,15,4,3,2,3,MANY
e500d026-56a6-4bc7-a63a-b9df28c4399e,Social Butterfly 1,86,20,evening,COMPLETED,2025-12-05 20:25:43.885501,2025-12-05 21:25:43.885501,45,60,1,25,7.0,1,2,2,3,TEST,QUIET,,11,8,7,1,1,1,MANY
e500d026-56a6-4bc7-a63a-b9df28c4399e,Social Butterfly 1,87,7,morning,COMPLETED,2025-12-06 07:40:43.885501,2025-12-06 08:32:43.885501,45,52,3,11,25.22,2,3,3,1,READING,QUIET,,7,20,4,2,2,2,MANY
e500d026-56a6-4bc7-a63a-b9df28c4399e,Social Butterfly 1,88,10,morning,COMPLETED,2025-12-06 10:39:43.885501,2025-12-06 11:19:43.885501,45,40,4,2,38.11,3,4,2,2,OTHER,MUSIC,AMBIENT,4,8,4,2,2,2,FEW
e500d026-56a6-4bc7-a63a-b9df28c4399e,Social Butterfly 1,92,23,night,COMPLETED,2025-12-08 23:32:43.885501,2025-12-08 23:56:43.885501,45,24,6,12,2.0,5,3,1,1,WRITING,MUSIC,LOFI,9,13,6,1,1,1,MANY
e500d026-56a6-4bc7-a63a-b9df28c4399e,Social Butterfly 1,93,11,morning,COMPLETED,2025-12-08 11:12:43.885501,2025-12-08 11:45:43.885501,25,33,6,17,22.43,3,3,3,3,TEST,QUIET,,4,12,6,2,2,2,FEW
e500d026-56a6-4bc7-a63a-b9df28c4399e,Social Butterfly 1,94,13,afternoon,COMPLETED,2025-12-09 13:10:43.885501,2025-12-09 13:54:43.885501,45,44,5,14,26.56,3,3,3,2,WRITING,QUIET,,9,18,0,2,2,2,MANY
e500d026-56a6-4bc7-a63a-b9df28c4399e,Social Butterfly 1,95,12,afternoon,COMPLETED,2025-12-10 12:04:43.885501,2025-12-10 13:11:43.885501,90,67,6,12,26.89,2,4,2,3,OTHER,QUIET,,5,12,4,2,2,2,FEW
e500d026-56a6-4bc7-a63a-b9df28c4399e,Social Butterfly 1,97,9,morning,COMPLETED,2025-12-13 09:31:43.885501,2025-12-13 10:01:43.885501,60,30,6,15,5.17,3,3,1,3,READING,MUSIC,AMBIENT,7,6,7,1,1,1,FEW
e500d026-56a6-4bc7-a63a-b9df28c4399e,Social Butterfly 1,99,7,morning,COMPLETED,2025-12-15 07:09:43.885501,2025-12-15 09:51:43.885501,120,162,6,16,14.67,4,4,2,1,WRITING,QUIET,,6,15,5,2,1,2,MANY
e500d026-56a6-4bc7-a63a-b9df28c4399e,Social Butterfly 1,100,13,afternoon,COMPLETED,2025-12-15 13:28:43.885501,2025-12-15 13:50:43.885501,45,22,0,15,16.5,2,3,2,5,READING,QUIET,,10,11,6,2,1,1,MANY
47f669be-33b6-409e-914f-8d665feb4e37,Social Butterfly 2,2,5,morning,COMPLETED,2025-10-09 05:10:43.890005,2025-10-09 05:42:43.890005,60,32,3,15,15.33,2,4,2,3,TEST,QUIET,,6,12,8,2,1,2,MANY
47f669be-33b6-409e-914f-8d665feb4e37,Social Butterfly 2,3,17,evening,COMPLETED,2025-10-10 17:48:43.890005,2025-10-10 19:17:43.890005,60,89,1,24,13.83,3,3,2,4,TEST,NOISY,,4,9,8,2,1,1,FEW
47f669be-33b6-409e-914f-8d665feb4e37,Social Butterfly 2,4,8,morning,COMPLETED,2025-10-10 08:05:43.890005,2025-10-10 10:07:43.890005,90,122,7,18,10.89,3,3,3,3,TEST,MUSIC,LOFI,10,13,7,2,1,2,MANY
47f669be-33b6-409e-914f-8d665feb4e37,Social Butterfly 2,5,14,afternoon,COMPLETED,2025-10-11 14:42:43.890005,2025-10-11 16:43:43.890005,90,121,0,9,35.28,3,3,3,2,TEST,QUIET,,7,12,4,2,2,2,FEW
47f669be-33b6-409e-914f-8d665feb4e37,Social Butterfly 2,7,18,evening,COMPLETED,2025-10-12 18:34:43.890005,2025-10-12 18:46:43.890005,25,12,3,15,20.33,4,2,3,3,READING,NOISY,,6,15,4,2,2,2,MANY
47f669be-33b6-409e-914f-8d665feb4e37,Social Butterfly 2,8,7,morning,COMPLETED,2025-10-13 07:39:43.890005,2025-10-13 08:17:43.890005,45,38,6,14,42.89,2,4,3,1,OTHER,MUSIC,CLASSICAL,3,9,3,3,2,3,FEW
47f669be-33b6-409e-914f-8d665feb4e37,Social Butterfly 2,9,11,morning,COMPLETED,2025-10-14 11:41:43.890005,2025-10-14 12:05:43.890005,45,24,4,13,15.17,4,3,2,2,READING,NOISY,,11,9,4,2,1,2,MANY
47f669be-33b6-409e-914f-8d665feb4e37,Social Butterfly 2,11,17,evening,COMPLETED,2025-10-16 17:50:43.890005,2025-10-16 18:20:43.890005,60,30,4,24,11.33,4,1,4,2,TEST,QUIET,,10,15,3,2,2,2,MANY
47f669be-33b6-409e-914f-8d665feb4e37,Social Butterfly 2,12,9,morning,COMPLETED,2025-10-17 09:52:43.890005,2025-10-17 10:04:43.890005,25,12,3,13,42.67,5,5,4,2,READING,MUSIC,AMBIENT,6,13,7,4,2,4,MANY
47f669be-33b6-409e-914f-8d665feb4e37,Social Butterfly 2,13,19,evening,COMPLETED,2025-10-18 19:14:43.890005,2025-10-18 19:36:43.890005,45,22,4,10,12.67,2,3,3,2,READING,MUSIC,CLASSICAL,15,14,0,2,1,2,MANY
47f669be-33b6-409e-914f-8d665feb4e37,Social Butterfly 2,14,10,morning,COMPLETED,2025-10-19 10:05:43.890005,2025-10-19 11:12:43.890005,45,67,4,13,15.39,3,4,2,3,WRITING,QUIET,,10,9,4,2,1,2,FEW
47f669be-33b6-409e-914f-8d665feb4e37,Social Butterfly 2,15,13,afternoon,COMPLETED,2025-10-19 13:44:43.890005,2025-10-19 15:59:43.890005,90,135,6,25,12.83,2,3,3,2,TEST,QUIET,,5,13,7,2,2,2,MANY
47f669be-33b6-409e-914f-8d665feb4e37,Social Butterfly 2,17,9,morning,COMPLETED,2025-10-21 09:08:43.890005,2025-10-21 09:30:43.890005,45,22,5,15,26.83,3,3,4,3,OTHER,QUIET,,7,13,8,3,2,3,MANY
47f669be-33b6-409e-914f-8d665feb4e37,Social Butterfly 2,18,7,morning,COMPLETED,2025-10-21 07:57:43.890005,2025-10-21 08:19:43.890005,45,22,1,7,30.0,4,3,3,2,TEST,QUIET,,8,12,4,2,2,2,MANY
47f669be-33b6-409e-914f-8d665feb4e37,Social Butterfly 2,19,10,morning,COMPLETED,2025-10-21 10:43:43.890005,2025-10-21 11:25:43.890005,60,42,4,17,9.83,2,3,3,3,TEST,QUIET,,13,15,6,2,1,2,MANY
47f669be-33b6-409e-914f-8d665feb4e37,Social Butterfly 2,21,17,evening,COMPLETED,2025-10-24 17:37:43.890005,2025-10-24 18:22:43.890005,90,45,4,14,3.0,4,2,1,1,READING,QUIET,,6,12,6,1,1,1,MANY
47f669be-33b6-409e-914f-8d665feb4e37,Social Butterfly 2,22,7,morning,COMPLETED,2025-10-24 07:53:43.890005,2025-10-24 08:12:43.890005,25,19,1,7,47.53,3,4,4,3,WRITING,QUIET,,10,8,4,3,2,3,FEW
47f669be-33b6-409e-914f-8d665feb4e37,Social Butterfly 2,23,16,afternoon,COMPLETED,2025-10-25 16:22:43.890005,2025-10-25 17:03:43.890005,45,41,3,22,13.06,2,3,3,4,READING,QUIET,,13,12,3,2,1,1,MANY
47f669be-33b6-409e-914f-8d665feb4e37,Social Butterfly 2,24,8,morning,COMPLETED,2025-10-25 08:06:43.890005,2025-10-25 08:50:43.890005,45,44,2,11,44.06,3,4,3,3,READING,QUIET,,10,15,2,3,2,3,MANY
47f669be-33b6-409e-914f-8d665feb4e37,Social Butterfly 2,27,13,afternoon,COMPLETED,2025-10-30 13:26:43.890005,2025-10-30 14:56:43.890005,90,90,4,7,24.17,3,3,3,3,WRITING,MUSIC,LOFI,10,14,5,2,1,2,MANY
47f669be-33b6-409e-914f-8d665feb4e37,Social Butterfly 2,28,15,afternoon,COMPLETED,2025-10-31 15:55:43.890005,2025-10-31 16:23:43.890005,45,28,0,13,28.28,2,3,3,4,READING,NOISY,,5,11,6,2,2,1,FEW
47f669be-33b6-409e-914f-8d665feb4e37,Social Butterfly 2,29,7,morning,COMPLETED,2025-11-01 07:42:43.890005,2025-11-01 08:49:43.890005,45,67,2,16,36.22,3,3,4,3,TEST,MUSIC,OTHER,6,9,6,3,2,3,FEW
47f669be-33b6-409e-914f-8d665feb4e37,Social Butterfly 2,30,12,afternoon,COMPLETED,2025-11-02 12:51:43.890005,2025-11-02 14:38:43.890005,120,107,2,19,18.67,2,3,2,4,READING,QUIET,,7,12,6,2,1,1,MANY
47f669be-33b6-409e-914f-8d665feb4e37,Social Butterfly 2,32,8,morning,COMPLETED,2025-11-04 08:29:43.890005,2025-11-04 09:51:43.890005,90,82,3,24,41.06,3,5,4,4,READING,QUIET,,9,14,2,4,2,3,MANY
47f669be-33b6-409e-914f-8d665feb4e37,Social Butterfly 2,33,16,afternoon,COMPLETED,2025-11-05 16:36:43.890005,2025-11-05 18:37:43.890005,90,121,0,20,20.11,3,4,2,2,WRITING,QUIET,,5,19,6,2,1,2,MANY
47f669be-33b6-409e-914f-8d665feb4e37,Social Butterfly 2,34,6,morning,COMPLETED,2025-11-05 06:27:43.890005,2025-11-05 06:52:43.890005,45,25,1,24,42.61,1,4,5,3,READING,QUIET,,10,15,2,4,2,4,MANY
47f669be-33b6-409e-914f-8d665feb4e37,Social Butterfly 2,35,7,morning,COMPLETED,2025-11-06 07:56:43.890005,2025-11-06 08:27:43.890005,25,31,3,13,51.87,2,4,5,2,TEST,MUSIC,AMBIENT,9,6,5,4,2,4,FEW
47f669be-33b6-409e-914f-8d665feb4e37,Social Butterfly 2,36,5,morning,COMPLETED,2025-11-07 05:43:43.890005,2025-11-07 06:16:43.890005,45,33,3,18,37.17,1,4,4,1,TEST,NOISY,,7,9,5,3,2,3,FEW
47f669be-33b6-409e-914f-8d665feb4e37,Social Butterfly 2,37,5,morning,COMPLETED,2025-11-08 05:59:43.890005,2025-11-08 07:26:43.890005,90,87,12,21,18.5,3,3,3,4,OTHER,MUSIC,CLASSICAL,7,16,3,2,2,1,MANY
47f669be-33b6-409e-914f-8d665feb4e37,Social Butterfly 2,39,9,morning,COMPLETED,2025-11-08 09:15:43.890005,2025-11-08 12:15:43.890005,120,180,0,10,44.0,4,4,3,3,WRITING,QUIET,,10,7,4,3,2,3,FEW
47f669be-33b6-409e-914f-8d665feb4e37,Social Butterfly 2,41,10,morning,COMPLETED,2025-11-10 10:07:43.890005,2025-11-10 10:19:43.890005,25,12,3,8,6.5,3,3,3,4,READING,QUIET,,16,12,8,2,1,1,MANY
47f669be-33b6-409e-914f-8d665feb4e37,Social Butterfly 2,44,9,morning,COMPLETED,2025-11-12 09:24:43.890005,2025-11-12 10:02:43.890005,45,38,6,17,35.39,3,3,4,3,READING,QUIET,,5,15,4,3,2,3,MANY
47f669be-33b6-409e-914f-8d665feb4e37,Social Butterfly 2,47,8,morning,COMPLETED,2025-11-13 08:42:43.890005,2025-11-13 10:53:43.890005,90,131,5,14,17.89,1,3,3,3,READING,NOISY,,9,14,4,2,2,2,MANY
47f669be-33b6-409e-914f-8d665feb4e37,Social Butterfly 2,48,13,afternoon,COMPLETED,2025-11-14 13:53:43.890005,2025-11-14 14:11:43.890005,25,18,7,16,15.4,2,4,1,2,WRITING,QUIET,,8,15,4,2,1,2,MANY
47f669be-33b6-409e-914f-8d665feb4e37,Social Butterfly 2,49,9,morning,COMPLETED,2025-11-15 09:54:43.890005,2025-11-15 10:42:43.890005,45,48,6,8,52.67,1,5,5,3,TEST,QUIET,,7,13,4,4,2,4,MANY
47f669be-33b6-409e-914f-8d665feb4e37,Social Butterfly 2,50,20,evening,COMPLETED,2025-11-16 20:45:43.890005,2025-11-16 22:50:43.890005,120,125,6,29,2.0,3,1,2,3,OTHER,QUIET,,6,14,8,1,1,1,MANY
47f669be-33b6-409e-914f-8d665feb4e37,Social Butterfly 2,51,13,afternoon,COMPLETED,2025-11-16 13:55:43.890005,2025-11-16 15:17:43.890005,60,82,4,20,9.0,3,3,3,2,WRITING,QUIET,,9,17,5,2,1,2,MANY
47f669be-33b6-409e-914f-8d665feb4e37,Social Butterfly 2,53,8,morning,COMPLETED,2025-11-19 08:18:43.890005,2025-11-19 09:16:43.890005,45,58,0,21,42.06,2,4,4,1,TEST,QUIET,,9,9,4,3,2,3,FEW
47f669be-33b6-409e-914f-8d665feb4e37,Social Butterfly 2,54,10,morning,COMPLETED,2025-11-19 10:36:43.890005,2025-11-19 11:36:43.890005,120,60,2,21,26.5,4,4,4,4,TEST,QUIET,,9,10,5,3,2,2,MANY
47f669be-33b6-409e-914f-8d665feb4e37,Social Butterfly 2,55,8,morning,COMPLETED,2025-11-19 08:09:43.890005,2025-11-19 08:59:43.890005,60,50,2,19,19.83,2,4,2,2,TEST,QUIET,,10,14,5,2,1,2,MANY
47f669be-33b6-409e-914f-8d665feb4e37,Social Butterfly 2,56,6,morning,COMPLETED,2025-11-19 06:49:43.890005,2025-11-19 07:29:43.890005,45,40,1,11,56.44,4,5,4,2,READING,QUIET,,9,11,6,4,2,4,MANY
47f669be-33b6-409e-914f-8d665feb4e37,Social Butterfly 2,57,12,afternoon,COMPLETED,2025-11-19 12:19:43.890005,2025-11-19 13:15:43.890005,45,56,2,11,25.94,2,4,2,4,TEST,QUIET,,5,9,2,2,1,1,FEW
47f669be-33b6-409e-914f-8d665feb4e37,Social Butterfly 2,58,7,morning,COMPLETED,2025-11-20 07:09:43.890005,2025-11-20 09:10:43.890005,120,121,5,16,25.17,4,4,2,5,READING,MUSIC,OTHER,3,6,4,2,1,1,FEW
47f669be-33b6-409e-914f-8d665feb4e37,Social Butterfly 2,59,6,morning,COMPLETED,2025-11-21 06:21:43.890005,2025-11-21 07:04:43.890005,45,43,2,12,40.78,3,4,3,5,TEST,QUIET,,8,11,4,3,2,2,FEW
47f669be-33b6-409e-914f-8d665feb4e37,Social Butterfly 2,61,16,afternoon,COMPLETED,2025-11-23 16:31:43.890005,2025-11-23 17:05:43.890005,45,34,3,19,19.78,3,4,2,3,READING,MUSIC,CLASSICAL,9,8,6,2,1,2,FEW
47f669be-33b6-409e-914f-8d665feb4e37,Social Butterfly 2,62,7,morning,COMPLETED,2025-11-23 07:15:43.890005,2025-11-23 08:10:43.890005,60,55,5,13,34.17,4,4,4,2,WRITING,QUIET,,11,10,10,3,2,3,MANY
47f669be-33b6-409e-914f-8d665feb4e37,Social Butterfly 2,63,22,night,COMPLETED,2025-11-24 22:40:43.890005,2025-11-24 23:47:43.890005,45,67,4,18,16.56,3,2,4,3,WRITING,QUIET,,3,16,6,2,2,2,MANY
47f669be-33b6-409e-914f-8d665feb4e37,Social Butterfly 2,64,11,morning,COMPLETED,2025-11-25 11:56:43.890005,2025-11-25 12:17:43.890005,25,21,6,9,26.63,2,3,3,4,TEST,QUIET,,7,10,2,2,2,1,FEW
47f669be-33b6-409e-914f-8d665feb4e37,Social Butterfly 2,65,21,night,COMPLETED,2025-11-25 21:06:43.890005,2025-11-25 22:25:43.890005,90,79,3,12,21.72,3,1,3,1,WRITING,QUIET,,6,7,7,1,2,1,FEW
47f669be-33b6-409e-914f-8d665feb4e37,Social Butterfly 2,66,6,morning,COMPLETED,2025-11-26 06:53:43.890005,2025-11-26 08:23:43.890005,60,90,5,14,24.33,2,3,4,4,TEST,QUIET,,5,15,5,3,2,2,MANY
47f669be-33b6-409e-914f-8d665feb4e37,Social Butterfly 2,68,14,afternoon,COMPLETED,2025-11-26 14:00:43.890005,2025-11-26 16:03:43.890005,120,123,6,15,29.33,2,3,3,1,READING,QUIET,,7,11,4,2,2,2,FEW
47f669be-33b6-409e-914f-8d665feb4e37,Social Butterfly 2,71,12,afternoon,COMPLETED,2025-11-29 12:56:43.890005,2025-11-29 13:08:43.890005,25,12,6,6,14.0,3,2,3,1,TEST,QUIET,,6,17,7,2,1,2,MANY
47f669be-33b6-409e-914f-8d665feb4e37,Social Butterfly 2,72,19,evening,COMPLETED,2025-11-29 19:05:43.890005,2025-11-29 20:33:43.890005,60,88,1,24,10.5,4,1,3,1,TEST,MUSIC,CLASSICAL,7,14,4,1,2,1,MANY
47f669be-33b6-409e-914f-8d665feb4e37,Social Butterfly 2,73,14,afternoon,COMPLETED,2025-11-29 14:59:43.890005,2025-11-29 16:06:43.890005,45,67,4,18,20.89,3,4,4,2,READING,NOISY,,8,14,13,3,2,3,MANY
47f669be-33b6-409e-914f-8d665feb4e37,Social Butterfly 2,74,13,afternoon,COMPLETED,2025-11-29 13:25:43.890005,2025-11-29 13:45:43.890005,25,20,2,11,20.83,1,4,2,4,READING,MUSIC,CLASSICAL,8,13,4,2,1,1,MANY
47f669be-33b6-409e-914f-8d665feb4e37,Social Butterfly 2,75,15,afternoon,COMPLETED,2025-11-30 15:13:43.890005,2025-11-30 15:44:43.890005,25,31,0,15,43.7,3,4,3,4,OTHER,MUSIC,AMBIENT,4,12,2,3,2,2,FEW
47f669be-33b6-409e-914f-8d665feb4e37,Social Butterfly 2,76,6,morning,COMPLETED,2025-11-30 06:43:43.890005,2025-11-30 07:43:43.890005,60,60,5,10,39.33,2,4,4,3,TEST,QUIET,,10,14,4,3,2,3,MANY
47f669be-33b6-409e-914f-8d665feb4e37,Social Butterfly 2,78,20,evening,COMPLETED,2025-12-01 20:57:43.890005,2025-12-01 23:57:43.890005,120,180,2,17,14.17,2,3,3,2,READING,MUSIC,LOFI,6,17,6,2,1,2,MANY
47f669be-33b6-409e-914f-8d665feb4e37,Social Butterfly 2,79,11,morning,COMPLETED,2025-12-02 11:35:43.890005,2025-12-02 12:42:43.890005,45,67,1,16,40.72,2,4,3,3,OTHER,QUIET,,7,6,5,3,2,3,FEW
47f669be-33b6-409e-914f-8d665feb4e37,Social Butterfly 2,83,12,afternoon,COMPLETED,2025-12-08 12:43:43.890005,2025-12-08 13:20:43.890005,60,37,7,21,21.17,3,4,4,5,READING,MUSIC,OTHER,10,15,3,3,2,2,MANY
47f669be-33b6-409e-914f-8d665feb4e37,Social Butterfly 2,84,11,morning,COMPLETED,2025-12-08 11:26:43.890005,2025-12-08 12:47:43.890005,60,81,6,7,33.17,2,4,4,3,READING,QUIET,,7,14,8,3,2,3,MANY
47f669be-33b6-409e-914f-8d665feb4e37,Social Butterfly 2,85,17,evening,COMPLETED,2025-12-08 17:02:43.890005,2025-12-08 17:20:43.890005,25,18,5,14,9.4,3,3,3,5,READING,QUIET,,13,10,7,2,1,1,MANY
47f669be-33b6-409e-914f-8d665feb4e37,Social Butterfly 2,87,13,afternoon,COMPLETED,2025-12-11 13:17:43.890005,2025-12-11 13:34:43.890005,25,17,3,15,18.6,4,1,4,1,TEST,QUIET,,11,20,2,2,2,2,MANY
47f669be-33b6-409e-914f-8d665feb4e37,Social Butterfly 2,89,8,morning,COMPLETED,2025-12-11 08:43:43.890005,2025-12-11 09:22:43.890005,60,39,5,11,28.83,3,3,4,4,OTHER,QUIET,,4,17,4,3,2,2,MANY
47f669be-33b6-409e-914f-8d665feb4e37,Social Butterfly 2,91,12,afternoon,COMPLETED,2025-12-11 12:31:43.890005,2025-12-11 14:40:43.890005,90,129,2,17,11.17,3,3,3,4,READING,QUIET,,12,11,5,2,1,1,MANY
47f669be-33b6-409e-914f-8d665feb4e37,Social Butterfly 2,92,5,morning,COMPLETED,2025-12-12 05:50:43.890005,2025-12-12 06:32:43.890005,60,42,1,6,44.83,1,4,4,3,READING,QUIET,,8,13,4,3,2,3,MANY
47f669be-33b6-409e-914f-8d665feb4e37,Social Butterfly 2,94,9,morning,COMPLETED,2025-12-14 09:51:43.890005,2025-12-14 11:16:43.890005,90,85,3,19,41.56,2,4,4,2,TEST,MUSIC,LOFI,8,9,3,3,2,3,FEW
47f669be-33b6-409e-914f-8d665feb4e37,Social Butterfly 2,96,10,morning,COMPLETED,2025-12-16 10:19:43.890005,2025-12-16 10:46:43.890005,25,27,1,13,45.07,2,4,3,2,OTHER,NOISY,,8,11,7,3,2,3,MANY
47f669be-33b6-409e-914f-8d665feb4e37,Social Butterfly 2,97,12,afternoon,COMPLETED,2025-12-17 12:08:43.890005,2025-12-17 12:38:43.890005,60,30,3,16,34.17,1,4,3,2,WRITING,MUSIC,AMBIENT,4,13,3,3,2,3,FEW
